Workbook
Name EIDIK: βοηθητικό!$AC$1:$AC$3
Name EIDIKOTHTA: _xlfn._TRO_TRAILING(βοηθητικό!$AE$1:$AE$42)
Name EIDOS: [1]data!$F$2:$F$33
Name EPILOGH: βοηθητικό!$V$2:$V$4
Name MHXANIKOS: βοηθητικό!$J$2:$J$354
Name ORARIO: βοηθητικό!$A$2:$A$7
Name SYMVAN: βοηθητικό!$Q$2:$Q$16
Name YPALLHLOS: ΕΠΙΦΥΛΑΚΗ!$E$5:$E$358

Sheet βοηθητικό
A1: ΩΡΑΡΙΟ | C1: ΤΑΕΦΚ Α.Α. - ΤΑΕΦΚ Δ.Α. - ΔΑΕΦΚ-Κ.Ε. | F1: UNIQUE | G1: ΤΟΜΕΑΣ | H1: ΥΠΗΡΕΣΙΑ | I1: ΥΠΗΡΕΣΙΑ ΓΔΑΕΦΚ | J1: ΥΠΑΛΛΗΛΟΙ ΓΔΑΕΦΚ | K1: ΤΗΛΕΦΩΝΟ ΥΠΗΡΕΣΙΑΣ | L1: ΚΙΝΗΤΟ ΤΗΛΕΦΩΝΟ | M1: Email | N1: ΚΛΑΔΟΣ/ΕΙΔΙΚΟΤΗΤΑ | O1: Email | Q1: ΥΠΗΡΕΣΙΑ | T1: ΥΠΗΡΕΣΙΑ | V1: ΕΠΙΛΟΓΗ | Z1: ΔΗΜΟΣ (Π.Ε.) | AA1: ΔΗΜΟΣ | AB1: Π.Ε. | AC1: _ | AE1: {=_xlfn._xlws.SORT(_xlfn.UNIQUE('ΥΠΑΛΛΗΛΟΙ ΓΔΑΕΦΚ'!E2:E447))} -> ΔΕ ΔΙΟΙΚ.-ΛΟΓ.
A2: 07:00 - 15:00 | C2: _ | E2: 1 | F2: _ | G2: _ | H2: _ | I2: _ | J2: _ | K2: _ | L2: _ | M2: _ | N2: _ | O2: _ | P2: _ | Q2: επιλογή από λίστα | S2: _ | T2: _ | X2: =MID(J4,FIND("(",J4)+1,FIND(")",J4)-FIND("(",J4)-1) -> #VALUE! | Z2: _ | AA2: _ | AC2: Διοικητικός | AE2: ΔΕ ΟΔΗΓΩΝ
A3: 07:30 - 15:30 | E3: 2 | H3: Γ.Δ.Α.Ε.Φ.Κ. | I3: Γ.Δ.Α.Ε.Φ.Κ. | J3: _ | P3: 1 | Q3: Γ.Δ.Α.Ε.Φ.Κ. | T3: Γ.Δ.Α.Ε.Φ.Κ. | AC3: Μηχανικός | AE3: ΔΕ ΠΛΗΡΟΦ/ΚΗΣ
A4: 08:00 - 16:00 | C4: ΑΓΑΔΑΚΟΥ ΑΛΚΜΗΝΗ - ΠΕ ΜΗΧΑΝΙΚΩΝ (ΤΑΕΦΚ Α.Α.) | E4: 3 | F4: 1174 | G4: ΓΔΑΕΦΚ | H4: Γ.Δ.Α.Ε.Φ.Κ. | I4: Γ.Δ.Α.Ε.Φ.Κ. | J4: ΔΗΜΟΠΟΥΛΟΥ ΕΥΓΕΝΙΑ | K4: 210 8704705 | L4: 6977628875 | M4: ev.dimopoulou@ggde.gr | N4: ΠΕ ΜΗΧΑΝΙΚΩΝ | O4: edimopoul@gmail.com | P4: 2 | Q4: ΔΑΕΦΚ-ΒΕ | S4: 1 | T4: ΔΑΕΦΚ-ΒΕ | V4: Λ | X4: =MID(J5,FIND("(",J5)+1,FIND(")",J5)-FIND("(",J5)-1) -> #VALUE! | Z4: ΑΒΔΗΡΩΝ (ΞΑΝΘΗΣ) | AA4: ΑΒΔΗΡΩΝ | AB4: ΞΑΝΘΗΣ | AE4: ΠΕ ΑΓΡ.-ΤΟΠ. ΜΗΧ.
A5: 08:30 - 16:30 | C5: ΑΛΕΒΙΖΟΠΟΥΛΟΥ ΟΛΓΑ - ΤΕ ΜΗΧΑΝΙΚΩΝ (ΤΑΕΦΚ Α.Α.) | E5: 4 | F5: 1339 | G5: ΓΔΑΕΦΚ | H5: Γ.Δ.Α.Ε.Φ.Κ. | I5: Γ.Δ.Α.Ε.Φ.Κ. | J5: ΚΑΚΑΒΟΥΛΗ ΣΤΑΥΡΟΥΛΑ | K5: 210 8704705 | L5: 6972221927 | M5: s.kakavouli@ggde.gr | N5: ΠΕ ΠΟΛ. ΜΗΧ. | O5: kakavoulis1@gmail.com | P5: 3 | Q5: ΔΑΕΦΚ-ΔΕ | S5: 2 | T5: ΔΑΕΦΚ-ΔΕ | X5: =MID(J6,FIND("(",J6)+1,FIND(")",J6)-FIND("(",J6)-1) -> #VALUE! | Z5: ΑΓΙΑΣ (ΛΑΡΙΣΑΣ) | AA5: ΑΓΙΑΣ | AB5: ΛΑΡΙΣΑΣ | AE5: ΠΕ ΑΡΧ. ΜΗΧ.
A6: 09:00 - 17:00 | C6: ΒΑΜΒΑΚΙΑΝΟΣ ΑΛΕΞΑΝΔΡΟΣ - ΠΕ ΜΗΧΑΝΙΚΩΝ (ΤΑΕΦΚ Α.Α.) | E6: 5 | F6: 1175 | G6: ΓΔΑΕΦΚ | H6: Γ.Δ.Α.Ε.Φ.Κ. | I6: Γ.Δ.Α.Ε.Φ.Κ. | J6: ΚΑΛΥΒΑ ΕΥΣΤΑΘΙΑ | K6: 210 8704705 | L6: 6974196410 | M6: e.kaliva@ggde.gr | N6: ΠΕ ΜΗΧΑΝΙΚΩΝ | O6: e.kaliva@ggde.gr | P6: 4 | Q6: ΔΑΕΦΚ-ΚΕ | S6: 3 | T6: ΔΑΕΦΚ-ΚΕ | X6: =MID(J7,FIND("(",J7)+1,FIND(")",J7)-FIND("(",J7)-1) -> #VALUE! | Z6: ΑΓΙΟΥ ΒΑΣΙΛΕΙΟΥ (ΡΕΘΥΜΝΟΥ) | AA6: ΑΓΙΟΥ ΒΑΣΙΛΕΙΟΥ | AB6: ΡΕΘΥΜΝΟΥ | AE6: ΠΕ ΓΕΩΛΟΓΩΝ
A7: _ | C7: ΒΟΥΚΕΛΑΤΟΣ ΔΗΜΗΤΡΙΟΣ - ΠΕ ΜΗΧΑΝΙΚΩΝ (ΤΑΕΦΚ Α.Α.) | E7: 6 | F7: 1176 | G7: ΓΔΑΕΦΚ | H7: Γ.Δ.Α.Ε.Φ.Κ. | I7: Γ.Δ.Α.Ε.Φ.Κ. | J7: ΚΛΕΑΝΘΗ ΜΑΡΙΑ | K7: 210 6411902, 2108704710 | L7: 6932969294 | M7: m.kleanthi@ggde.gr | N7: ΠΕ ΜΗΧΑΝΙΚΩΝ | O7: mfkleanthi@yahoo.gr | P7: 5 | Q7: ΔΑΕΦΚ-ΚΕ ΤΜΗΜΑ Α | S7: 4 | T7: ΔΑΕΦΚ-ΚΕ ΤΜΗΜΑ Α | X7: =MID(J8,FIND("(",J8)+1,FIND(")",J8)-FIND("(",J8)-1) -> #VALUE! | Z7: ΑΓΙΟΥ ΝΙΚΟΛΑΟΥ (ΛΑΣΙΘΙΟΥ) | AA7: ΑΓΙΟΥ ΝΙΚΟΛΑΟΥ | AB7: ΛΑΣΙΘΙΟΥ | AE7: ΠΕ ΔΑΣΟΛΟΓΩΝ
C8: ΓΕΩΡΓΟΠΟΥΛΟΥ ΜΑΡΙΑ - ΠΕ ΜΗΧΑΝΙΚΩΝ (ΤΑΕΦΚ Α.Α.) | E8: 7 | F8: 1177 | G8: ΓΔΑΕΦΚ | H8: Γ.Δ.Α.Ε.Φ.Κ. | I8: Γ.Δ.Α.Ε.Φ.Κ. | J8: ΚΥΡΙΑΚΟΥ ΚΩΝΣΤΑΝΤΙΝΟΣ | K8: _ | L8: 6986190056 | M8: k.kyriakou@ggde.gr | N8: ΔΕ ΔΙΟΙΚ.-ΓΡΑΜ. | O8: kkiriakou92@gmail.com, | P8: 6 | Q8: ΔΑΕΦΚ-ΚΕ ΤΜΗΜΑ Β | S8: 5 | T8: ΔΑΕΦΚ-ΚΕ ΤΜΗΜΑ Β | X8: =MID(J9,FIND("(",J9)+1,FIND(")",J9)-FIND("(",J9)-1) -> #VALUE! | Z8: ΑΓΙΩΝ ΑΝΑΡΓΥΡΩΝ - ΚΑΜΑΤΕΡΟΥ (ΔΥΤΙΚΟΥ ΤΟΜΕΑ ΑΘΗΝΩΝ) | AA8: ΑΓΙΩΝ ΑΝΑΡΓΥΡΩΝ - ΚΑΜΑΤΕΡΟΥ | AB8: ΔΥΤΙΚΟΥ ΤΟΜΕΑ ΑΘΗΝΩΝ | AE8: ΠΕ ΔΗΜΟΣ/ΚΩΝ
C9: ΔΗΜΟΠΟΥΛΟΥ ΑΝΝΑ - ΠΕ ΜΗΧΑΝΙΚΩΝ (ΤΑΕΦΚ Α.Α.) | E9: 8 | F9: 1179 | G9: ΓΔΑΕΦΚ | H9: Γ.Δ.Α.Ε.Φ.Κ. | I9: Γ.Δ.Α.Ε.Φ.Κ. | J9: ΠΑΓΙΑΛΑΚΗΣ ΜΙΧΑΗΛ | K9: 28210 29287 | L9: 6932648520 | M9: _ | N9: ΠΕ ΜΗΧΑΝΙΚΩΝ | O9: michalis_pagial@hotmail.com | P9: 7 | Q9: ΔΑΕΦΚ-ΚΕ ΤΜΗΜΑ Γ | S9: 6 | T9: ΔΑΕΦΚ-ΚΕ ΤΜΗΜΑ Γ | Z9: ΑΓΡΑΦΩΝ (ΕΥΡΥΤΑΝΙΑΣ) | AA9: ΑΓΡΑΦΩΝ | AB9: ΕΥΡΥΤΑΝΙΑΣ | AE9: ΠΕ ΔΙΟΙΚ.-ΛΟΓ.
E10: 9 | F10: 1180 | G10: ΓΔΑΕΦΚ | H10: Γ.Δ.Α.Ε.Φ.Κ. | I10: Γ.Δ.Α.Ε.Φ.Κ. | J10: ΣΑΣΣΑΛΟΥ ΜΑΡΙΑ | K10: 2108704742 | L10: 6981049463 | M10: m.sassalou@ggde.gr | N10: ΠΕ ΜΗΧΑΝΙΚΩΝ | O10: marisass64@hotmail.com | P10: 8 | Q10: ΔΑΕΦΚ-ΚΕ ΤΜΗΜΑ Δ | T10: ΔΑΕΦΚ-ΚΕ ΤΜΗΜΑ Δ | AE10: ΠΕ ΔΙΟΙΚ.-ΟΙΚ.
C11: ΔΙΑΜΑΝΤΟΠΟΥΛΟΣ ΓΕΩΡΓΙΟΣ - ΠΕ ΜΗΧΑΝΙΚΩΝ (ΤΑΕΦΚ Α.Α.) | E11: 10 | F11: 1181 | G11: ΓΔΑΕΦΚ | H11: Γ.Δ.Α.Ε.Φ.Κ. | I11: Γ.Δ.Α.Ε.Φ.Κ. | J11: ΣΚΑΝΔΑΛΗ ΑΓΓΕΛΙΚΗ | K11: 2106411902, 2106447566 | L11: 6972713242 | M11: a.skandali@ggde.gr | N11: ΔΕ ΔΙΟΙΚΗΤΙΚΟΥ | O11: skandaliange@gmail.com | P11: 9 | Q11: ΤΑΕΦΚ ΗΡΑΚΛΕΙΟΥ | S11: 7 | T11: ΤΑΕΦΚ ΗΡΑΚΛΕΙΟΥ | Z11: ΑΓΡΙΝΙΟΥ (ΑΙΤΩΛΟΑΚΑΡΝΑΝΙΑΣ) | AA11: ΑΓΡΙΝΙΟΥ | AB11: ΑΙΤΩΛΟΑΚΑΡΝΑΝΙΑΣ | AE11: ΠΕ ΗΛ. ΜΗΧ.
C12: ΚΑΛΦΑΝΤΗΣ ΑΝΑΣΤΑΣΙΟΣ - ΠΕ ΜΗΧΑΝΙΚΩΝ (ΤΑΕΦΚ Α.Α.) | E12: 11 | F12: 1182 | G12: ΓΔΑΕΦΚ | H12: Γ.Δ.Α.Ε.Φ.Κ. | I12: Γ.Δ.Α.Ε.Φ.Κ. | J12: ΤΣΟΥΦΛΙΔΟΥ ΘΕΟΦΑΝΗ | K12: 210 8704735 | L12: 6948545108 | M12: th.tsouflidou@ggde.gr | N12: ΠΕ ΜΗΧΑΝΙΚΩΝ | O12: ftsouflidou@gmail.com | P12: 10 | Q12: ΤΑΕΦΚ ΧΑΝΙΩΝ | S12: 8 | T12: ΤΑΕΦΚ ΧΑΝΙΩΝ | Z12: ΑΘΗΝΑΙΩΝ (ΚΕΝΤΡΙΚΟΥ ΤΟΜΕΑ ΑΘΗΝΩΝ) | AA12: ΑΘΗΝΑΙΩΝ | AB12: ΚΕΝΤΡΙΚΟΥ ΤΟΜΕΑ ΑΘΗΝΩΝ | AE12: ΠΕ ΜΗΧ. ΔΟΜΟΣΤ.
C13: ΚΑΤΩΓΙΑΝΝΑΚΗ ΣΟΦΙΑ - ΠΕ ΜΗΧΑΝΙΚΩΝ (ΤΑΕΦΚ Α.Α.) | E13: 12 | H13: ΔΑΕΦΚ-ΒΕ | I13: ΔΑΕΦΚ-ΒΕ | J13: _ | P13: 11 | Q13: ΤΑΕΦΚ-ΑΑ | S13: 9 | T13: ΤΑΕΦΚ-ΑΑ | Z13: ΑΙΓΙΑΛΕΙΑΣ (ΑΧΑΪΑΣ) | AA13: ΑΙΓΙΑΛΕΙΑΣ | AB13: ΑΧΑΪΑΣ | AE13: ΠΕ ΜΗΧ. ΜΕΤΑΛΛ.
C14: ΚΟΚΚΙΝΟΣ ΗΛΙΑΣ - ΠΕ ΜΗΧΑΝΙΚΩΝ (ΤΑΕΦΚ Α.Α.) | E14: 13 | F14: 1113 | G14: ΒΕ | H14: ΔΑΕΦΚ-ΒΕ | I14: ΔΑΕΦΚ-ΒΕ | J14: ΑΝΑΓΝΩΣΤΟΥ ΑΛΕΞΑΝΔΡΟΣ | K14: 2310 419514 | L14: 6949672608 | M14: a.anagnostou@ggde.gr | N14: ΠΕ ΗΛ. ΜΗΧ. | O14: anagalex1@yahoo.gr | P14: 12 | Q14: ΤΑΕΦΚ-ΔΑ | S14: 10 | T14: ΤΑΕΦΚ-ΔΑ | Z14: ΑΙΓΙΝΑΣ (ΝΗΣΩΝ) | AA14: ΑΙΓΙΝΑΣ | AB14: ΝΗΣΩΝ | AE14: ΠΕ ΜΗΧ. ΜΗΧ.
C15: ΚΟΥΤΣΑΝΙΤΗΣ ΣΤΕΡΓΙΟΣ - ΠΕ ΜΗΧΑΝΙΚΩΝ (ΤΑΕΦΚ Α.Α.) | E15: 14 | F15: 1115 | G15: ΒΕ | H15: ΔΑΕΦΚ-ΒΕ | I15: ΔΑΕΦΚ-ΒΕ | J15: ΑΝΘΟΠΟΥΛΟΥ ΣΟΥΖΑΝΑ | K15: 2310 424027 | L15: 6932853641 | M15: s.anthopoulou@ggde.gr | N15: ΔΕ ΔΙΟΙΚ.-ΛΟΓ. | O15: suzannathess@yahoo.gr, | P15: 14 | S15: 12 | Z15: ΑΛΕΞΑΝΔΡΕΙΑΣ (ΗΜΑΘΙΑΣ) | AA15: ΑΛΕΞΑΝΔΡΕΙΑΣ | AB15: ΗΜΑΘΙΑΣ | AE15: ΠΕ ΜΗΧ. ΟΙΚ. & ΔΙΟΙΚ.
C16: ΚΥΖΙΡΙΔΟΥ ΑΣΗΜΙΝΑ - ΠΕ ΜΗΧΑΝΙΚΩΝ (ΤΑΕΦΚ Α.Α.) | E16: 15 | F16: 1116 | G16: ΒΕ | H16: ΔΑΕΦΚ-ΒΕ | I16: ΔΑΕΦΚ-ΒΕ | J16: ΒΟΓΙΑΤΖΗΣ ΒΑΣΙΛΕΙΟΣ | K16: 2310 419705 | L16: 6981400643 | M16: v.vogiatzis@ggde.gr | N16: ΠΕ ΜΗΧ. ΠΑΡ. | O16: vasilisvog2@gmail.com | P16: 15 | S16: 13 | Z16: ΑΛΕΞΑΝΔΡΟΥΠΟΛΗΣ (ΕΒΡΟΥ) | AA16: ΑΛΕΞΑΝΔΡΟΥΠΟΛΗΣ | AB16: ΕΒΡΟΥ | AE16: ΠΕ ΜΗΧ. ΟΡ. ΠΟΡΩΝ
C17: ΛΕΝΑ ΔΕΣΠΟΙΝΑ - ΠΕ ΜΗΧΑΝΙΚΩΝ (ΤΑΕΦΚ Α.Α.) | E17: 16 | F17: 1117 | G17: ΒΕ | H17: ΔΑΕΦΚ-ΒΕ | I17: ΔΑΕΦΚ-ΒΕ | J17: ΓΕΡΟΚΩΣΤΑ ΚΩΝΣΤΑΝΤΙΑ | K17: 2310 420823 | L17: 6974605685 | M17: k.gerokosta@ggde.gr | N17: ΔΕ ΔΙΟΙΚ.-ΛΟΓ. | O17: kongerok@gmail.com | S17: 14 | Z17: ΑΛΙΑΡΤΟΥ - ΘΕΣΠΙΕΩΝ (ΒΟΙΩΤΙΑΣ) | AA17: ΑΛΙΑΡΤΟΥ - ΘΕΣΠΙΕΩΝ | AB17: ΒΟΙΩΤΙΑΣ | AE17: ΠΕ ΜΗΧ. ΠΑΡ.
C18: ΛΕΥΚΙΜΜΙΑΤΗΣ ΧΑΡΑΛΑΜΠΟΣ - ΠΕ ΜΗΧΑΝΙΚΩΝ (ΤΑΕΦΚ Α.Α.) | E18: 17 | F18: 1118 | G18: ΒΕ | H18: ΔΑΕΦΚ-ΒΕ | I18: ΔΑΕΦΚ-ΒΕ | J18: ΓΕΩΡΓΙΑΔΗΣ ΣΤΑΥΡΟΣ | K18: 2310 414840 | L18: 6944899817 | M18: _ | N18: ΠΕ ΔΙΟΙΚ.-ΟΙΚ. | O18: sgeorgiadis75@gmail.com | S18: 15 | Z18: ΑΛΜΥΡΟΥ (ΜΑΓΝΗΣΙΑΣ) | AA18: ΑΛΜΥΡΟΥ | AB18: ΜΑΓΝΗΣΙΑΣ | AE18: ΠΕ ΜΗΧ. ΠΕΡΙΒΑΛ.
C19: ΛΙΝΤΕΡΗΣ ΔΗΜΗΤΡΙΟΣ - ΠΕ ΜΗΧΑΝΙΚΩΝ (ΤΑΕΦΚ Α.Α.) | E19: 18 | F19: 1119 | G19: ΒΕ | H19: ΔΑΕΦΚ-ΒΕ | I19: ΔΑΕΦΚ-ΒΕ | J19: ΓΙΑΝΝΟΥΛΗ ΒΙΚΤΩΡΙΑ | K19: 2310 428468 | L19: 6987268386 | M19: v.giannouli@ggde.gr | N19: ΠΕ ΠΟΛ. ΜΗΧ. | O19: viktorigd2@gmail.com | S19: 16 | Z19: ΑΛΜΩΠΙΑΣ (ΠΕΛΛΑΣ) | AA19: ΑΛΜΩΠΙΑΣ | AB19: ΠΕΛΛΑΣ | AE19: ΠΕ ΜΗΧ. ΧΩΡ.
C20: ΜΑΚΡΗΣ ΑΥΓΟΥΣΤΙΝΟΣ - ΠΕ ΜΗΧΑΝΙΚΩΝ (ΤΑΕΦΚ Α.Α.) | E20: 19 | F20: 1120 | G20: ΒΕ | H20: ΔΑΕΦΚ-ΒΕ | I20: ΔΑΕΦΚ-ΒΕ | J20: ΓΚΑΦΑΡΙΔΟΥ ΜΑΡΙΑ | K20: 2310 412985 | L20: 6944613389 | M20: m.gkafaridou@ggde.gr | N20: ΠΕ ΤΟΠ. ΜΗΧ. | O20: mgafaridou@gmail.com, | S20: 17 | Z20: ΑΛΜΥΡΟΥ (ΜΑΓΝΗΣΙΑΣ) | AA20: ΑΛΜΥΡΟΥ | AB20: ΜΑΓΝΗΣΙΑΣ | AE20: ΠΕ ΝΟΜΙΚΩΝ
C21: ΜΑΚΡΗΣ ΙΩΑΝΝΗΣ - ΠΕ ΜΗΧΑΝΙΚΩΝ (ΤΑΕΦΚ Α.Α.) | E21: 20 | F21: 1121 | G21: ΒΕ | H21: ΔΑΕΦΚ-ΒΕ | I21: ΔΑΕΦΚ-ΒΕ | J21: ΓΚΟΡΠΑ ΜΑΓΙΟΥΛΑ | K21: 2310 419514 | L21: 6938905960 | M21: m.gkorpa@ggde.gr | N21: ΠΕ ΠΕΡΙΒΑΛ. | O21: magioula@gmail.com | S21: 18 | Z21: ΑΛΜΩΠΙΑΣ (ΠΕΛΛΑΣ) | AA21: ΑΛΜΩΠΙΑΣ | AB21: ΠΕΛΛΑΣ | AE21: ΠΕ ΠΕΡΙΒ/ΝΤΟΣ
C22: ΜΠΑΡΔΗΣ ΓΕΩΡΓΙΟΣ - ΠΕ ΜΗΧΑΝΙΚΩΝ (ΤΑΕΦΚ Α.Α.) | E22: 21 | F22: 1122 | G22: ΒΕ | H22: ΔΑΕΦΚ-ΒΕ | I22: ΔΑΕΦΚ-ΒΕ | J22: ΓΚΟΥΝΤΑΚΟΣ ΓΕΩΡΓΙΟΣ | K22: 2310 419705 | L22: 6942926446 | M22: g.gkountakos@ggde.gr | N22: ΠΕ ΠΟΛ. ΜΗΧ. | O22: giorgosgdk@gmail.com | S22: 19 | Z22: ΑΛΜΥΡΟΥ (ΜΑΓΝΗΣΙΑΣ) | AA22: ΑΛΜΥΡΟΥ | AB22: ΜΑΓΝΗΣΙΑΣ | AE22: ΠΕ ΠΛΗΡΟΦΟΡΙΚΗΣ
C23: ΜΠΙΡΜΠΙΛΗ ΑΝΔΡΙΑΝΝΑ - ΤΕ ΜΗΧΑΝΙΚΩΝ (ΤΑΕΦΚ Α.Α.) | E23: 22 | F23: 1123 | G23: ΒΕ | H23: ΔΑΕΦΚ-ΒΕ | I23: ΔΑΕΦΚ-ΒΕ | J23: ΓΚΟΥΝΤΡΟΜΙΧΟΣ ΙΩΑΝΝΗΣ | K23: 2310 419676 | L23: 6976681245 | M23: i.gkountromichos@ggde.gr | N23: ΠΕ ΠΟΛ. ΜΗΧ. | O23: 6igoudromihos3@gmail.com | S23: 20 | Z23: ΑΛΜΩΠΙΑΣ (ΠΕΛΛΑΣ) | AA23: ΑΛΜΩΠΙΑΣ | AB23: ΠΕΛΛΑΣ | AE23: ΠΕ ΠΟΛ. ΜΗΧ.
C24: ΜΠΟΥΣΟΥΝΗΣ ΙΩΑΝΝΗΣ - ΠΕ ΜΗΧΑΝΙΚΩΝ (ΤΑΕΦΚ Α.Α.) | E24: 23 | F24: 1124 | G24: ΒΕ | H24: ΔΑΕΦΚ-ΒΕ | I24: ΔΑΕΦΚ-ΒΕ | J24: ΓΟΥΛΙΑΣ ΓΕΩΡΓΙΟΣ | K24: 2310 419705 | L24: 6984435383 | M24: g.goulias@ggde.gr | N24: ΠΕ ΠΟΛ. ΜΗΧ. | O24: gouliasg@gmail.com | S24: 22 | Z24: ΑΛΜΩΠΙΑΣ (ΠΕΛΛΑΣ) | AA24: ΑΛΜΩΠΙΑΣ | AB24: ΠΕΛΛΑΣ | AE24: ΠΕ ΧΗΜ. ΜΗΧ.
C25: ΜΠΡΟΝΗΣ ΣΩΤΗΡΙΟΣ - ΠΕ ΜΗΧΑΝΙΚΩΝ (ΤΑΕΦΚ Α.Α.) | E25: 24 | F25: 1125 | G25: ΒΕ | H25: ΔΑΕΦΚ-ΒΕ | I25: ΔΑΕΦΚ-ΒΕ | J25: ΓΟΥΝΑΡΙΔΟΥ ΕΥΧΑΡΙΣ | K25: 2310 416572 | L25: 6974494940 | M25: e.gounaridou@ggde.gr | N25: ΠΕ ΠΟΛ. ΜΗΧ. | O25: efi.gouna@gmail.com | S25: 23 | Z25: ΑΛΜΥΡΟΥ (ΜΑΓΝΗΣΙΑΣ) | AA25: ΑΛΜΥΡΟΥ | AB25: ΜΑΓΝΗΣΙΑΣ | AE25: ΠΕ ΧΗΜΙΚΩΝ
C26: ΠΑΝΤΑΖΗ ΑΛΕΞΑΝΔΡΑ - ΤΕ ΜΗΧΑΝΙΚΩΝ (ΤΑΕΦΚ Α.Α.) | E26: 25 | F26: 1126 | G26: ΒΕ | H26: ΔΑΕΦΚ-ΒΕ | I26: ΔΑΕΦΚ-ΒΕ | J26: ΔΑΛΑΡΗΣ ΑΝΑΡΓΥΡΟΣ | K26: 2310 419793 | L26: 6945581890 | M26: a.dalaris@ggde.gr | N26: ΠΕ ΠΟΛ. ΜΗΧ. | O26: andalaris@gmail.com | S26: 24 | Z26: ΑΛΜΩΠΙΑΣ (ΠΕΛΛΑΣ) | AA26: ΑΛΜΩΠΙΑΣ | AB26: ΠΕΛΛΑΣ | AE26: ΤΕ ΔΙΟΙΚ.-ΛΟΓ.
C27: ΠΑΠΑΔΟΠΟΥΛΟΣ ΕΥΣΤΑΘΙΟΣ - ΠΕ ΜΗΧΑΝΙΚΩΝ (ΤΑΕΦΚ Α.Α.) | E27: 26 | F27: 1127 | G27: ΒΕ | H27: ΔΑΕΦΚ-ΒΕ | I27: ΔΑΕΦΚ-ΒΕ | J27: ΔΑΜΙΑΝΙΔΟΥ ΕΥΘΥΜΙΑ | K27: 2310 417459 | L27: 6979228710 | M27: e.damianidou@ggde.gr | N27: ΠΕ ΑΡΧ. ΜΗΧ. | O27: efidamia@yahoo.com | S27: 25 | Z27: ΑΛΜΥΡΟΥ (ΜΑΓΝΗΣΙΑΣ) | AA27: ΑΛΜΥΡΟΥ | AB27: ΜΑΓΝΗΣΙΑΣ | AE27: ΤΕ ΔΟΜ. ΕΡΓΩΝ
C28: ΠΑΠΠΗ ΦΩΤΕΙΝΗ - ΠΕ ΜΗΧΑΝΙΚΩΝ (ΤΑΕΦΚ Α.Α.) | E28: 27 | F28: 1128 | G28: ΒΕ | H28: ΔΑΕΦΚ-ΒΕ | I28: ΔΑΕΦΚ-ΒΕ | J28: ΔΑΣΚΑΛΗ ΒΑΣΙΛΙΚΗ | K28: 2310 419705 | L28: 6946431686 | M28: v.daskali@ggde.gr | N28: ΠΕ ΠΟΛ. ΜΗΧ. | O28: vdask1003@gmail.com | S28: 26 | Z28: ΑΛΜΩΠΙΑΣ (ΠΕΛΛΑΣ) | AA28: ΑΛΜΩΠΙΑΣ | AB28: ΠΕΛΛΑΣ | AE28: ΤΕ ΗΛ. ΜΗΧ.
... C35: _ | E35: 34 | F35: 1138 | G35: ΒΕ | H35: ΔΑΕΦΚ-ΒΕ | I35: ΔΑΕΦΚ-ΒΕ | J35: ΚΑΡΑΜΠΑΣΗΣ ΧΡΗΣΤΟΣ | K35: 2310 414840 | L35: 6947449447 | M35: c.karampasis@ggde.gr | N35: ΠΕ ΠΟΛ. ΜΗΧ. | O35: rythmosk@otenet.gr | S35: 33 | Z35: ΑΛΜΥΡΟΥ (ΜΑΓΝΗΣΙΑΣ) | AA35: ΑΛΜΥΡΟΥ | AB35: ΜΑΓΝΗΣΙΑΣ | AE35: ΤΕ ΤΟΠΟΓΡ. ΜΗΧ.
C36: ΑΓΓΕΛΗ ΚΩΝΣΤΑΝΤΙΝΑ - ΠΕ ΜΗΧΑΝΙΚΩΝ (ΤΑΕΦΚ Δ.Α.) | E36: 35 | F36: 1139 | G36: ΒΕ | H36: ΔΑΕΦΚ-ΒΕ | I36: ΔΑΕΦΚ-ΒΕ | J36: ΚΑΡΥΔΑ ΑΓΑΠΗ | K36: 2310 416834 | L36: 6944508818 | M36: a.karyda@ggde.gr | N36: ΠΕ ΤΟΠ. ΜΗΧ. | O36: agapikaryda@gmail.com | S36: 34 | Z36: ΑΛΜΩΠΙΑΣ (ΠΕΛΛΑΣ) | AA36: ΑΛΜΩΠΙΑΣ | AB36: ΠΕΛΛΑΣ
C37: ΑΘΑΝΑΣΙΟΥ ΠΑΝΑΓΙΩΤΗΣ - ΠΕ ΜΗΧΑΝΙΚΩΝ (ΤΑΕΦΚ Δ.Α.) | E37: 36 | F37: 1140 | G37: ΒΕ | H37: ΔΑΕΦΚ-ΒΕ | I37: ΔΑΕΦΚ-ΒΕ | J37: ΚΕΛΕΚΤΣΟΓΛΟΥ ΣΤΑΥΡΟΥΛΑ | K37: 2310 423979 | L37: 6977827750 | M37: s.kelektsoglou@ggde.gr | N37: ΤΕ ΔΙΟΙΚ.-ΛΟΓ. | O37: skelek75@yahoo.gr | S37: 35 | Z37: ΑΛΜΥΡΟΥ (ΜΑΓΝΗΣΙΑΣ) | AA37: ΑΛΜΥΡΟΥ | AB37: ΜΑΓΝΗΣΙΑΣ
C38: ΑΤΑΜΕΓΚΟΣ ΓΡΗΓΟΡΙΟΣ - ΤΕ ΜΗΧΑΝΙΚΩΝ (ΤΑΕΦΚ Δ.Α.) | E38: 37 | F38: 1142 | G38: ΒΕ | H38: ΔΑΕΦΚ-ΒΕ | I38: ΔΑΕΦΚ-ΒΕ | J38: ΚΟΚΚΙΝΙΔΟΥ ΠΕΛΑΓΙΑ | K38: 2310 419705 | L38: 6978486629 | M38: p.kokkinidou@ggde.gr | N38: ΠΕ ΠΟΛ. ΜΗΧ. | O38: pelagi14@yahoo.gr | S38: 36 | Z38: ΑΛΜΩΠΙΑΣ (ΠΕΛΛΑΣ) | AA38: ΑΛΜΩΠΙΑΣ | AB38: ΠΕΛΛΑΣ
C39: ΑΦΡΙΚΑΝΟΣ ΑΛΕΞΗΣ - ΠΕ ΜΗΧΑΝΙΚΩΝ (ΤΑΕΦΚ Δ.Α.) | E39: 38 | F39: 1144 | G39: ΒΕ | H39: ΔΑΕΦΚ-ΒΕ | I39: ΔΑΕΦΚ-ΒΕ | J39: ΚΡΙΝΟΥ ΕΥΤΥΧΙΑ | K39: 2310 801853 | L39: 6936783135 | M39: e.krinou@ggde.gr | N39: ΔΕ ΠΡΟΣ. Η/Υ | O39: eftihiakrinou@yahoo.gr | S39: 37 | Z39: ΑΛΜΥΡΟΥ (ΜΑΓΝΗΣΙΑΣ) | AA39: ΑΛΜΥΡΟΥ | AB39: ΜΑΓΝΗΣΙΑΣ
C40: ΒΑΣΙΛΑΚΟΠΟΥΛΟΣ ΑΘΑΝΑΣΙΟΣ - ΠΕ ΜΗΧΑΝΙΚΩΝ (ΤΑΕΦΚ Δ.Α.) | E40: 39 | F40: 1145 | G40: ΒΕ | H40: ΔΑΕΦΚ-ΒΕ | I40: ΔΑΕΦΚ-ΒΕ | J40: ΛΕΜΟΝΗ ΕΛΕΝΗ | K40: 2310 801853 | L40: 6945415670 | M40: e.lemoni@ggde.gr | N40: ΠΕ ΓΕΩΤΕΧΝΙΚΩΝ | O40: lemonielen@gmail.com | S40: 38 | Z40: ΑΛΜΩΠΙΑΣ (ΠΕΛΛΑΣ) | AA40: ΑΛΜΩΠΙΑΣ | AB40: ΠΕΛΛΑΣ
C41: ΒΕΝΕΤΣΑΝΟΣ ΕΠΑΜΕΙΝΩΝΔΑΣ - ΠΕ ΜΗΧΑΝΙΚΩΝ (ΤΑΕΦΚ Δ.Α.) | E41: 40 | F41: 1146 | G41: ΒΕ | H41: ΔΑΕΦΚ-ΒΕ | I41: ΔΑΕΦΚ-ΒΕ | J41: ΜΑΝΩΛΗΣ ΑΝΤΩΝΗΣ | K41: 2310 421674 | L41: 6944744680 | M41: a.manolis@ggde.gr | N41: ΠΕ ΤΟΠ. ΜΗΧ. | O41: antonismanolis@hotmail.com | S41: 39 | Z41: ΑΛΜΥΡΟΥ (ΜΑΓΝΗΣΙΑΣ) | AA41: ΑΛΜΥΡΟΥ | AB41: ΜΑΓΝΗΣΙΑΣ
C42: ΓΕΩΡΓΙΟΥ ΚΩΝΣΤΑΝΤΙΝΟΣ - ΤΕ ΜΗΧΑΝΙΚΩΝ (ΤΑΕΦΚ Δ.Α.) | E42: 41 | F42: 1147 | G42: ΒΕ | H42: ΔΑΕΦΚ-ΒΕ | I42: ΔΑΕΦΚ-ΒΕ | J42: ΜΑΤΘΑΙΟΥ ΓΕΩΡΓΙΟΣ | K42: 2310 419705 | L42: 6907366486 | M42: g.matthaiou@ggde.gr | N42: ΤΕ ΓΕΩΠΛΗΡ. | O42: geormatth@gmail.com | S42: 40 | Z42: ΑΛΜΩΠΙΑΣ (ΠΕΛΛΑΣ) | AA42: ΑΛΜΩΠΙΑΣ | AB42: ΠΕΛΛΑΣ
C43: ΘΕΛΕΡΙΤΗΣ ΗΛΙΑΣ - ΠΕ ΜΗΧΑΝΙΚΩΝ (ΤΑΕΦΚ Δ.Α.) | E43: 42 | F43: 1149 | G43: ΒΕ | H43: ΔΑΕΦΚ-ΒΕ | I43: ΔΑΕΦΚ-ΒΕ | J43: ΜΠΑΚΑ ΜΑΡΙΑ | K43: 2310 428468 | L43: 6947932494 | M43: m.baka@ggde.gr | N43: ΠΕ ΤΟΠ. ΜΗΧ. | O43: mariadbaka@gmail.com | S43: 41 | Z43: ΑΛΜΥΡΟΥ (ΜΑΓΝΗΣΙΑΣ) | AA43: ΑΛΜΥΡΟΥ | AB43: ΜΑΓΝΗΣΙΑΣ
E44: 43 | F44: 1150 | G44: ΒΕ | H44: ΔΑΕΦΚ-ΒΕ | I44: ΔΑΕΦΚ-ΒΕ | J44: ΜΠΑΚΑΛΟΥΔΗ ΘΕΟΔΩΡΑ | K44: 2310 411840 | L44: 6936772633 | M44: _ | N44: ΠΕ ΔΙΟΙΚ.-ΟΙΚ. | O44: mpakaloudit@gmail.com
C45: ΙΩΑΝΝΙΔΗΣ ΔΗΜΟΣΘΕΝΗΣ - ΠΕ ΜΗΧΑΝΙΚΩΝ (ΤΑΕΦΚ Δ.Α.) | E45: 44 | F45: 1151 | G45: ΒΕ | H45: ΔΑΕΦΚ-ΒΕ | I45: ΔΑΕΦΚ-ΒΕ | J45: ΜΠΑΛΑΣΑΣ ΑΝΤΩΝΙΟΣ | K45: 2310 423641 | L45: 6947830538 | M45: a.balasas@ggde.gr | N45: ΠΕ ΔΙΟΙΚ.-ΟΙΚ. | O45: anton.balasas.kif.thes@gmail.com | S45: 42 | Z45: ΑΛΜΩΠΙΑΣ (ΠΕΛΛΑΣ) | AA45: ΑΛΜΩΠΙΑΣ | AB45: ΠΕΛΛΑΣ
C46: ΚΑΡΑΚΩΣΤΑΣ ΠΑΝΑΓΙΩΤΗΣ - ΠΕ ΜΗΧΑΝΙΚΩΝ (ΤΑΕΦΚ Δ.Α.) | E46: 45 | F46: 1152 | G46: ΒΕ | H46: ΔΑΕΦΚ-ΒΕ | I46: ΔΑΕΦΚ-ΒΕ | J46: ΜΠΙΣΜΠΑ ΑΦΡΟΔΙΤΗ | K46: 2310 419705 | L46: 6945879061 | M46: a.bismpa@ggde.gr | N46: ΠΕ ΠΟΛ. ΜΗΧ. | O46: afroditibisba@gmail.com | S46: 44 | Z46: ΑΛΜΩΠΙΑΣ (ΠΕΛΛΑΣ) | AA46: ΑΛΜΩΠΙΑΣ | AB46: ΠΕΛΛΑΣ
C47: ΚΩΣΤΑΚΗΣ ΛΑΜΠΡΟΣ - ΠΕ ΜΗΧΑΝΙΚΩΝ (ΤΑΕΦΚ Δ.Α.) | E47: 46 | F47: 1153 | G47: ΒΕ | H47: ΔΑΕΦΚ-ΒΕ | I47: ΔΑΕΦΚ-ΒΕ | J47: ΠΑΙΔΑΡΑΚΗ ΓΡΑΜΜΑΤΟΥΛΑ | K47: 2310 427952 | L47: 6948630062 | M47: g.paidaraki@ggde.gr | N47: ΤΕ ΠΟΛ. ΜΗΧ. | O47: gpedarak@yahoo.gr | S47: 45 | Z47: ΑΛΜΥΡΟΥ (ΜΑΓΝΗΣΙΑΣ) | AA47: ΑΛΜΥΡΟΥ | AB47: ΜΑΓΝΗΣΙΑΣ
C48: ΛΕΚΚΑΣ ΜΑΡΙΟΣ - ΠΕ ΜΗΧΑΝΙΚΩΝ (ΤΑΕΦΚ Δ.Α.) | E48: 47 | F48: 1154 | G48: ΒΕ | H48: ΔΑΕΦΚ-ΒΕ | I48: ΔΑΕΦΚ-ΒΕ | J48: ΠΑΛΑΙΟΧΩΡΙΝΟΥ ΑΝΑΣΤΑΣΙΑ | K48: 2310 419705 | L48: 6977136737 | M48: a.palaiochorinou@ggde.gr | N48: ΠΕ ΠΟΛ. ΜΗΧ. | O48: a.palaioc@gmail.com | S48: 46 | Z48: ΑΛΜΩΠΙΑΣ (ΠΕΛΛΑΣ) | AA48: ΑΛΜΩΠΙΑΣ | AB48: ΠΕΛΛΑΣ
C49: ΛΙΩΡΗΣ ΒΑΣΙΛΕΙΟΣ - ΠΕ ΜΗΧΑΝΙΚΩΝ (ΤΑΕΦΚ Δ.Α.) | E49: 48 | F49: 1155 | G49: ΒΕ | H49: ΔΑΕΦΚ-ΒΕ | I49: ΔΑΕΦΚ-ΒΕ | J49: ΠΑΠΑΒΑΣΙΛΕΙΟΥ ΟΛΓΑ | K49: 2310 428468 | L49: 6937733373 | M49: o.papavasileiou@ggde.gr | N49: ΠΕ ΠΟΛ. ΜΗΧ. | O49: olgapapa72@gmail.com | S49: 47 | Z49: ΑΛΜΥΡΟΥ (ΜΑΓΝΗΣΙΑΣ) | AA49: ΑΛΜΥΡΟΥ | AB49: ΜΑΓΝΗΣΙΑΣ
C50: ΜΙΧΕΛΗΣ ΙΩΑΝΝΗΣ - ΠΕ ΜΗΧΑΝΙΚΩΝ (ΤΑΕΦΚ Δ.Α.) | E50: 49 | F50: 1156 | G50: ΒΕ | H50: ΔΑΕΦΚ-ΒΕ | I50: ΔΑΕΦΚ-ΒΕ | J50: ΠΑΠΑΔΟΠΟΥΛΟΣ ΚΛΗΜΗΣ | K50: 2310 427952 | L50: 6974790515 | M50: k.papadopoulos@ggde.gr | N50: ΠΕ ΠΟΛ. ΜΗΧ. | O50: klimipap@gmail.com | S50: 48 | Z50: ΑΛΜΩΠΙΑΣ (ΠΕΛΛΑΣ) | AA50: ΑΛΜΩΠΙΑΣ | AB50: ΠΕΛΛΑΣ
C51: ΠΑΠΑΒΑΣΙΛΗΣ ΒΑΣΙΛΕΙΟΣ - ΠΕ ΜΗΧΑΝΙΚΩΝ (ΤΑΕΦΚ Δ.Α.) | E51: 50 | F51: 1158 | G51: ΒΕ | H51: ΔΑΕΦΚ-ΒΕ | I51: ΔΑΕΦΚ-ΒΕ | J51: ΠΕΧΛΙΒΑΝΟΥ ΑΙΚΑΤΕΡΙΝΗ | K51: 2310 428468 | L51: 6947899410 | M51: a.pechlivanou@ggde.gr | N51: ΠΕ ΠΟΛ. ΜΗΧ. | O51: katerinapexlibanou@gmail.com, | S51: 49 | Z51: ΑΛΜΥΡΟΥ (ΜΑΓΝΗΣΙΑΣ) | AA51: ΑΛΜΥΡΟΥ | AB51: ΜΑΓΝΗΣΙΑΣ
C52: ΠΡΟΙΣΚΟΣ ΓΕΩΡΓΙΟΣ - ΤΕ ΜΗΧΑΝΙΚΩΝ (ΤΑΕΦΚ Δ.Α.) | E52: 51 | F52: 1159 | G52: ΒΕ | H52: ΔΑΕΦΚ-ΒΕ | I52: ΔΑΕΦΚ-ΒΕ | J52: ΣΑΚΚΑΣ ΑΘΑΝΑΣΙΟΣ | K52: 2310 419705 | L52: 6973306494 | M52: a.sakkas@ggde.gr | N52: ΠΕ ΠΟΛ. ΜΗΧ. | O52: thsak5@yahoo.com | S52: 50 | Z52: ΑΛΜΩΠΙΑΣ (ΠΕΛΛΑΣ) | AA52: ΑΛΜΩΠΙΑΣ | AB52: ΠΕΛΛΑΣ
C53: ΣΑΚΕΡΛΗ ΜΑΡΙΑ - ΠΕ ΜΗΧΑΝΙΚΩΝ (ΤΑΕΦΚ Δ.Α.) | E53: 52 | F53: 1162 | G53: ΒΕ | H53: ΔΑΕΦΚ-ΒΕ | I53: ΔΑΕΦΚ-ΒΕ | J53: ΣΙΜΗΤΑΣ ΔΗΜΗΤΡΙΟΣ | K53: 2310 419705 | L53: 6908725909 | M53: _ | N53: ΔΕ ΔΙΟΙΚ.-ΓΡΑΜ. | O53: dimitrissimitas97@gmail.com | S53: 51 | Z53: ΑΛΜΥΡΟΥ (ΜΑΓΝΗΣΙΑΣ) | AA53: ΑΛΜΥΡΟΥ | AB53: ΜΑΓΝΗΣΙΑΣ
C54: ΣΑΜΑΡΑ ΓΙΟΥΛΑ - ΠΕ ΜΗΧΑΝΙΚΩΝ (ΤΑΕΦΚ Δ.Α.) | E54: 53 | F54: 1163 | G54: ΒΕ | H54: ΔΑΕΦΚ-ΒΕ | I54: ΔΑΕΦΚ-ΒΕ | J54: ΣΤΟΪΚΑΚΗ ΣΤΥΛΙΑΝΗ | K54: 2310 414840 | L54: 6945151494 | M54: _ | N54: ΔΕ ΔΙΟΙΚ.-ΓΡΑΜ. | O54: sstoik@yahoo.gr | S54: 52 | Z54: ΑΛΜΩΠΙΑΣ (ΠΕΛΛΑΣ) | AA54: ΑΛΜΩΠΙΑΣ | AB54: ΠΕΛΛΑΣ
C55: ΣΕΪΜΕΝΗΣ ΕΜΜΑΝΟΥΗΛ - ΠΕ ΜΗΧΑΝΙΚΩΝ (ΤΑΕΦΚ Δ.Α.) | E55: 54 | F55: 1164 | G55: ΒΕ | H55: ΔΑΕΦΚ-ΒΕ | I55: ΔΑΕΦΚ-ΒΕ | J55: ΣΤΟΪΛΟΥΔΗ ΜΑΡΙΑΝΘΗ | K55: 2310 427952 | L55: 6932911077 | M55: m.stoiloudi@ggde.gr | N55: ΔΕ ΔΙΟΙΚΗΤΙΚΟΥ | O55: mstoiloudi@gmail.com | S55: 53 | Z55: ΑΛΜΥΡΟΥ (ΜΑΓΝΗΣΙΑΣ) | AA55: ΑΛΜΥΡΟΥ | AB55: ΜΑΓΝΗΣΙΑΣ
C56: ΣΗΦΑΚΗΣ ΙΑΚΩΒΟΣ - ΠΕ ΜΗΧΑΝΙΚΩΝ (ΤΑΕΦΚ Δ.Α.) | E56: 55 | F56: 1165 | G56: ΒΕ | H56: ΔΑΕΦΚ-ΒΕ | I56: ΔΑΕΦΚ-ΒΕ | J56: ΤΖΗΚΑΣ ΑΡΙΣΤΕΙΔΗΣ | K56: 2310411859 | L56: 6973826564 | M56: a.tzikas@ggde.gr | N56: ΠΕ ΠΟΛ. ΜΗΧ. | O56: aristzikas@gmail.com | S56: 54 | Z56: ΑΛΜΩΠΙΑΣ (ΠΕΛΛΑΣ) | AA56: ΑΛΜΩΠΙΑΣ | AB56: ΠΕΛΛΑΣ
... C64: ΑΠΟΣΤΟΛΙΔΟΥ ΙΩΑΝΝΑ - ΠΕ ΠΟΛ. ΜΗΧ. | E64: 63 | F64: 1173 | G64: ΒΕ | H64: ΔΑΕΦΚ-ΒΕ | I64: ΔΑΕΦΚ-ΒΕ | J64: ΧΙΝΤΕΡΙΔΗΣ ΗΛΙΑΣ ΡΑΦΑΗΛ | K64: 2310 4149705 | L64: 6907545731 | M64: i.chinteridis@ggde.gr | N64: ΤΕ ΠΟΛ.ΜΗΧ. | O64: ilias.chinteridis@gmail.com | S64: 62 | Z64: ΑΛΜΩΠΙΑΣ (ΠΕΛΛΑΣ) | AA64: ΑΛΜΩΠΙΑΣ | AB64: ΠΕΛΛΑΣ
E65: 261 | F65: 1135 | G65: ΒΕ | H65: ΤΑΕΦΚ ΠΕ ΧΑΚΛΙΔΙΚΗΣ | I65: ΔΑΕΦΚ-ΒΕ | J65: ΚΑΖΑΝΤΖΙΔΟΥ ΖΩΗ | K65: 2310 427952 | L65: 6973935715 | M65: z.kazantzidou@ggde.gr | N65: ΠΕ ΠΟΛ. ΜΗΧ. | O65: zoi.kazantzidou@outlook.com | S65: 259 | Z65: ΑΛΜΥΡΟΥ (ΜΑΓΝΗΣΙΑΣ) | AA65: ΑΛΜΥΡΟΥ | AB65: ΜΑΓΝΗΣΙΑΣ
E66: 65 | F66: 1136 | G66: ΒΕ | H66: ΤΑΕΦΚ ΠΕ ΧΑΚΛΙΔΙΚΗΣ | I66: ΔΑΕΦΚ-ΒΕ | J66: ΚΑΡΑΚΑΤΣΑΝΗ ΕΙΡΗΝΗ | K66: 2371 351350 | L66: 6946132795 | M66: e.karakatsani@ggde.gr | N66: ΠΕ ΔΙΟΙΚ.-ΟΙΚ. | O66: eirinakimou@hotmail.com | S66: 260 | Z66: ΑΛΜΩΠΙΑΣ (ΠΕΛΛΑΣ) | AA66: ΑΛΜΩΠΙΑΣ | AB66: ΠΕΛΛΑΣ
E67: 66 | F67: 1137 | G67: ΒΕ | H67: ΤΑΕΦΚ ΠΕ ΧΑΚΛΙΔΙΚΗΣ | I67: ΔΑΕΦΚ-ΒΕ | J67: ΚΑΡΑΚΩΣΤΑ ΟΛΓΑ | K67: 2310 427952 | L67: 6981517173 | M67: o.karakosta@ggde.gr | N67: ΠΕ ΠΟΛ. ΜΗΧ. | O67: olgakarakosta@windowslive.com | S67: 261 | Z67: ΑΛΜΥΡΟΥ (ΜΑΓΝΗΣΙΑΣ) | AA67: ΑΛΜΥΡΟΥ | AB67: ΜΑΓΝΗΣΙΑΣ
E68: 67 | F68: 1141 | G68: ΒΕ | H68: ΤΑΕΦΚ ΠΕ ΧΑΚΛΙΔΙΚΗΣ | I68: ΔΑΕΦΚ-ΒΕ | J68: ΚΛΗΜΑΤΣΙΔΑΣ ΕΥΡΥΣΘΕΝΗΣ | K68: 23713 51350 | L68: 6977538476 | M68: e.klimatsidas@ggde.gr | N68: ΔΕ ΔΙΟΙΚ.-ΓΡΑΜ. | O68: evristhenisklimatsidas@gmail.com | S68: 262 | Z68: ΑΛΜΩΠΙΑΣ (ΠΕΛΛΑΣ) | AA68: ΑΛΜΩΠΙΑΣ | AB68: ΠΕΛΛΑΣ
E69: 68 | F69: 1143 | G69: ΒΕ | H69: ΤΑΕΦΚ ΠΕ ΧΑΚΛΙΔΙΚΗΣ | I69: ΔΑΕΦΚ-ΒΕ | J69: ΚΟΡΩΝΙΔΗΣ ΠΑΝΑΓΙΩΤΗΣ | K69: 2310414840 | L69: 6972583885 | M69: p.koronidis@ggde.gr | N69: ΠΕ ΜΗΧ. ΠΕΡΙΒΑΛ. | O69: panoskoron@gmail.com | S69: 263 | Z69: ΑΛΜΥΡΟΥ (ΜΑΓΝΗΣΙΑΣ) | AA69: ΑΛΜΥΡΟΥ | AB69: ΜΑΓΝΗΣΙΑΣ
E70: 69 | F70: 1148 | G70: ΒΕ | H70: ΤΑΕΦΚ ΠΕ ΧΑΚΛΙΔΙΚΗΣ | I70: ΔΑΕΦΚ-ΒΕ | J70: ΜΙΣΑΗΛΙΔΟΥ ΔΕΣΠΟΙΝΑ | K70: 2310 427952 | L70: 6974815544 | M70: d.misailidou@ggde.gr | N70: ΤΕ ΠΟΛ. ΜΗΧ. | O70: misailidoudespoina@gmail.com | S70: 264 | Z70: ΑΛΜΩΠΙΑΣ (ΠΕΛΛΑΣ) | AA70: ΑΛΜΩΠΙΑΣ | AB70: ΠΕΛΛΑΣ
E71: 70 | F71: 1157 | G71: ΒΕ | H71: ΤΑΕΦΚ ΠΕ ΧΑΚΛΙΔΙΚΗΣ | I71: ΔΑΕΦΚ-ΒΕ | J71: ΠΕΤΑΛΩΤΗΣ ΔΗΜΗΤΡΙΟΣ | K71: 2310 427952 | L71: 6978292709 | M71: d.petalotis@ggde.gr | N71: ΤΕ ΠΟΛ. ΜΗΧ. | O71: dimpet128@gmail.com | S71: 265 | Z71: ΑΛΜΥΡΟΥ (ΜΑΓΝΗΣΙΑΣ) | AA71: ΑΛΜΥΡΟΥ | AB71: ΜΑΓΝΗΣΙΑΣ
E72: 71 | F72: 1160 | G72: ΒΕ | H72: ΤΑΕΦΚ ΠΕ ΧΑΚΛΙΔΙΚΗΣ | I72: ΔΑΕΦΚ-ΒΕ | J72: ΣΙΑΜΟΣ ΑΝΤΩΝΙΟΣ | K72: 2310 427952 | L72: 6957171149 | M72: a.siamos@ggde.gr | N72: ΠΕ ΔΙΟΙΚ.-ΟΙΚ. | O72: siamosant@gmail.com | S72: 266 | Z72: ΑΛΜΩΠΙΑΣ (ΠΕΛΛΑΣ) | AA72: ΑΛΜΩΠΙΑΣ | AB72: ΠΕΛΛΑΣ
E73: 72 | F73: 1161 | G73: ΒΕ | H73: ΤΑΕΦΚ ΠΕ ΧΑΚΛΙΔΙΚΗΣ | I73: ΔΑΕΦΚ-ΒΕ | J73: ΣΙΔΗΡΟΠΟΥΛΟΣ ΑΛΕΞΑΝΔΡΟΣ | K73: 2310 427952 | L73: 6949453697 | M73: a.sidiropoulos@ggde.gr | N73: ΠΕ ΜΗΧ. ΠΑΡ. | O73: alexandersid13@gmail.com | S73: 267 | Z73: ΑΛΜΥΡΟΥ (ΜΑΓΝΗΣΙΑΣ) | AA73: ΑΛΜΥΡΟΥ | AB73: ΜΑΓΝΗΣΙΑΣ
C74: ΑΡΓΥΡΟΥ ΜΑΡΙΑ - ΠΕ ΠΟΛ. ΜΗΧ. | E74: 64 | H74: ΔΑΕΦΚ-ΔΕ | I74: ΔΑΕΦΚ-ΔΕ | J74: _ | S74: 63 | Z74: ΑΛΜΥΡΟΥ (ΜΑΓΝΗΣΙΑΣ) | AA74: ΑΛΜΥΡΟΥ | AB74: ΜΑΓΝΗΣΙΑΣ
C75: ΒΑΙΤΣΗ ΒΑΣΙΛΙΚΗ - ΠΕ ΠΟΛ. ΜΗΧ. | E75: 74 | F75: 1214 | G75: ΔΕ | H75: ΔΑΕΦΚ-ΔΕ | I75: ΔΑΕΦΚ-ΔΕ | J75: ΑΝΔΡΙΟΠΟΥΛΟΥ-ΜΟΥΝΤΕΑΝΟΥ ΣΤΕΦΑΝΙΑ-ΑΛΕΞΑΝΔΡΑ | K75: 2610 589226 | L75: 6955448080 | M75: _ | N75: ΠΕ ΓΕΩΤΕΧΝΙΚΩΝ | O75: stef.geology@gmail.com | S75: 64 | Z75: ΑΛΜΩΠΙΑΣ (ΠΕΛΛΑΣ) | AA75: ΑΛΜΩΠΙΑΣ | AB75: ΠΕΛΛΑΣ
C76: ΓΕΜΕΛΙΑΡΗ ΕΙΡΗΝΗ - ΠΕ ΠΟΛ. ΜΗΧ. | E76: 75 | F76: 1215 | G76: ΔΕ | H76: ΔΑΕΦΚ-ΔΕ | I76: ΔΑΕΦΚ-ΔΕ | J76: ΒΑΓΕΝΑΣ ΑΡΓΥΡΙΟΣ | K76: 2610 589203 | L76: 6977298022 | M76: _ | N76: ΤΕ ΗΛ. ΜΗΧ. | O76: bagenasargirios@windowslive.com | S76: 65 | Z76: ΑΛΜΥΡΟΥ (ΜΑΓΝΗΣΙΑΣ) | AA76: ΑΛΜΥΡΟΥ | AB76: ΜΑΓΝΗΣΙΑΣ
C77: ΓΕΩΡΓΙΟΥ ΠΗΝΕΛΟΠΗ - ΠΕ ΑΡΧ. ΜΗΧ. | E77: 76 | F77: 1216 | G77: ΔΕ | H77: ΔΑΕΦΚ-ΔΕ | I77: ΔΑΕΦΚ-ΔΕ | J77: ΒΛΑΧΑ ΜΑΡΙΝΑ | K77: 2610 589203 | L77: 6972278604 | M77: _ | N77: ΠΕ ΠΟΛ. ΜΗΧ. | O77: mvlaxa@gmail.com | S77: 66 | Z77: ΑΛΜΩΠΙΑΣ (ΠΕΛΛΑΣ) | AA77: ΑΛΜΩΠΙΑΣ | AB77: ΠΕΛΛΑΣ
C78: ΓΙΑΝΝΕΛΟΣ ΙΩΑΝΝΗΣ - ΠΕ ΤΟΠ. ΜΗΧ. | E78: 77 | F78: 1217 | G78: ΔΕ | H78: ΔΑΕΦΚ-ΔΕ | I78: ΔΑΕΦΚ-ΔΕ | J78: ΒΟΥΡΛΟΥΜΗΣ ΛΑΜΠΡΟΣ | K78: 2610 589203 | L78: 6972289471 | M78: l.vourloumis@ggde.gr | N78: ΠΕ ΠΟΛ. ΜΗΧ. | O78: labrosvourloumis@gmail.com | S78: 67 | Z78: ΑΛΜΥΡΟΥ (ΜΑΓΝΗΣΙΑΣ) | AA78: ΑΛΜΥΡΟΥ | AB78: ΜΑΓΝΗΣΙΑΣ
C79: ΓΙΑΝΝΟΥΤΣΟΣ ΑΝΤΩΝΗΣ - ΠΕ ΠΟΛ.ΜΗΧ. | E79: 78 | F79: 1218 | G79: ΔΕ | H79: ΔΑΕΦΚ-ΔΕ | I79: ΔΑΕΦΚ-ΔΕ | J79: ΓΙΑΝΝΑΚΟΠΟΥΛΟΥ ΣΩΤΗΡΙΑ | K79: 2610 589122 | L79: 6972015302 | M79: s.giannakopoulou@ggde.g | N79: ΠΕ ΠΟΛ. ΜΗΧ. | O79: rgiannakop@gmail.com | S79: 68 | Z79: ΑΛΜΩΠΙΑΣ (ΠΕΛΛΑΣ) | AA79: ΑΛΜΩΠΙΑΣ | AB79: ΠΕΛΛΑΣ
C80: ΓΙΑΡΚΙΤΖΗ ΑΝΝΑ - ΠΕ ΑΡΧ. ΜΗΧ. | E80: 79 | F80: 1219 | G80: ΔΕ | H80: ΔΑΕΦΚ-ΔΕ | I80: ΔΑΕΦΚ-ΔΕ | J80: ΖΥΓΟΥΡΗΣ ΚΩΝΣΤΑΝΤΙΝΟΣ | K80: 2610 589203 | L80: 6945398229 | M80: _ | N80: ΠΕ ΠΟΛ. ΜΗΧ. | O80: kozygouris@gmail.com | S80: 69 | Z80: ΑΛΜΥΡΟΥ (ΜΑΓΝΗΣΙΑΣ) | AA80: ΑΛΜΥΡΟΥ | AB80: ΜΑΓΝΗΣΙΑΣ
E81: 80 | F81: 1220 | G81: ΔΕ | H81: ΔΑΕΦΚ-ΔΕ | I81: ΔΑΕΦΚ-ΔΕ | J81: ΚΑΝΑΣ ΠΑΝΑΓΙΩΤΗΣ | K81: 2610 589115 | L81: 6944234622 | M81: p.kanas@ggde.gr | N81: ΔΕ ΔΙΟΙΚΗΤΙΚΟΥ | O81: panagiotiskanas3@gmail.com | S81: 70 | Z81: ΑΛΜΩΠΙΑΣ (ΠΕΛΛΑΣ) | AA81: ΑΛΜΩΠΙΑΣ | AB81: ΠΕΛΛΑΣ
C82: ΓΚΙΡΓΚΙΣ ΜΑΡΙΑ - ΠΕ ΠΟΛ. ΜΗΧ. | E82: 81 | F82: 1221 | G82: ΔΕ | H82: ΔΑΕΦΚ-ΔΕ | I82: ΔΑΕΦΚ-ΔΕ | J82: ΚΟΥΛΟΥΡΗΣ ΚΩΝΣΤΑΝΤΙΝΟΣ | K82: 2610 589113 | L82: 6944370079 | M82: _ | N82: ΠΕ ΠΟΛ. ΜΗΧ. | O82: kkoulouris@upnet.gr | S82: 71 | Z82: ΑΛΜΥΡΟΥ (ΜΑΓΝΗΣΙΑΣ) | AA82: ΑΛΜΥΡΟΥ | AB82: ΜΑΓΝΗΣΙΑΣ
C83: ΓΚΟΥΝΤΑΝΗΣ ΠΑΝΑΓΙΩΤΗΣ - ΠΕ ΑΡΧ. ΜΗΧ. | E83: 82 | F83: 1222 | G83: ΔΕ | H83: ΔΑΕΦΚ-ΔΕ | I83: ΔΑΕΦΚ-ΔΕ | J83: ΛΑΜΠΡΟΠΟΥΛΟΥ ΧΡΙΣΤΙΝΑ | K83: 2610 589203 | L83: 6936815219 | M83: _ | N83: ΤΕ ΜΗΧ. ΕΡΓΩΝ ΥΠΟΔ. | O83: xlampropoulou@gmail.com | S83: 72 | Z83: ΑΛΜΩΠΙΑΣ (ΠΕΛΛΑΣ) | AA83: ΑΛΜΩΠΙΑΣ | AB83: ΠΕΛΛΑΣ
C84: ΓΟΥΡΓΙΩΤΟΥ ΧΡΥΣΟΥΛΑ - ΠΕ ΑΡΧ. ΜΗΧ. | E84: 83 | F84: 1223 | G84: ΔΕ | H84: ΔΑΕΦΚ-ΔΕ | I84: ΔΑΕΦΚ-ΔΕ | J84: ΛΕΙΤΟΥΡΓΗ ΜΑΡΙΑ | K84: 2610 589113 | L84: 6942712190 | M84: _ | N84: ΔΕ ΔΙΟΙΚ.-ΓΡΑΜ. | O84: maria-lit@hotmail.com | S84: 73 | Z84: ΑΛΜΥΡΟΥ (ΜΑΓΝΗΣΙΑΣ) | AA84: ΑΛΜΥΡΟΥ | AB84: ΜΑΓΝΗΣΙΑΣ
C85: ΔΕΔΕΣ ΗΡΑΚΛΗΣ - ΤΕ ΜΗΧ. ΜΗΧ. | E85: 84 | F85: 1224 | G85: ΔΕ | H85: ΔΑΕΦΚ-ΔΕ | I85: ΔΑΕΦΚ-ΔΕ | J85: ΜΑΝΩΛΑΤΟΣ ΓΕΩΡΓΙΟΣ | K85: 2610 589202 | L85: 6970940292 | M85: g.manolatos@ggde.gr | N85: ΠΕ ΔΙΟΙΚ.-ΟΙΚ. | O85: manolatosgiorgos@gmail.com | S85: 74 | Z85: ΑΛΜΩΠΙΑΣ (ΠΕΛΛΑΣ) | AA85: ΑΛΜΩΠΙΑΣ | AB85: ΠΕΛΛΑΣ
C86: ΔΕΡΜΙΤΖΑΚΗ ΑΝΝΑ - ΠΕ ΠΟΛ. ΜΗΧ. | E86: 85 | F86: 1225 | G86: ΔΕ | H86: ΔΑΕΦΚ-ΔΕ | I86: ΔΑΕΦΚ-ΔΕ | J86: ΜΕΝΤΖΑΣ ΑΘΑΝΑΣΙΟΣ | K86: 2610 589115 | L86: 6947727931 | M86: a.mentzas@ggde.gr | N86: ΠΕ ΔΙΟΙΚ.-ΟΙΚ. | O86: a_mentzas@yahoo.gr | S86: 75 | Z86: ΑΛΜΥΡΟΥ (ΜΑΓΝΗΣΙΑΣ) | AA86: ΑΛΜΥΡΟΥ | AB86: ΜΑΓΝΗΣΙΑΣ
C87: ΔΗΜΟΠΟΥΛΟΥ ΕΥΓΕΝΙΑ - ΠΕ ΠΟΛ. ΜΗΧ. | E87: 86 | F87: 1226 | G87: ΔΕ | H87: ΔΑΕΦΚ-ΔΕ | I87: ΔΑΕΦΚ-ΔΕ | J87: ΜΙΧΑΗΛ ΑΝΤΩΝΙΑ | K87: 2610 589113 | L87: 6955646945 | M87: a.michail@ggde.gr | N87: ΠΕ ΠΟΛ. ΜΗΧ. | O87: antoniamichail@gmail.com | S87: 76 | Z87: ΑΛΜΩΠΙΑΣ (ΠΕΛΛΑΣ) | AA87: ΑΛΜΩΠΙΑΣ | AB87: ΠΕΛΛΑΣ
C88: ΔΙΑΜΑΝΤΟΠΟΥΛΟΣ ΦΩΤΙΟΣ - ΠΕ ΠΟΛ. ΜΗΧ. | E88: 87 | F88: 1227 | G88: ΔΕ | H88: ΔΑΕΦΚ-ΔΕ | I88: ΔΑΕΦΚ-ΔΕ | J88: ΜΟΣΧΟΥ ΔΕΣΠΟΙΝΑ | K88: 2610 589202 | L88: 6972038001 | M88: d.moschou@ggde.gr | N88: ΤΕ ΔΟΜ. ΕΡΓΩΝ | O88: dmoschou@hotmail.gr | S88: 77 | Z88: ΑΛΜΥΡΟΥ (ΜΑΓΝΗΣΙΑΣ) | AA88: ΑΛΜΥΡΟΥ | AB88: ΜΑΓΝΗΣΙΑΣ
C89: ΖΑΓΚΑ ΕΙΡΗΝΗ - ΠΕ ΠΟΛ. ΜΗΧ. | E89: 88 | F89: 1228 | G89: ΔΕ | H89: ΔΑΕΦΚ-ΔΕ | I89: ΔΑΕΦΚ-ΔΕ | J89: ΠΑΡΑΣΚΕΥΑ ΑΝΤΩΝΙΟΣ | K89: 2610 589113 | L89: 6978943962 | M89: _ | N89: ΠΕ ΠΟΛ. ΜΗΧ. | O89: paraskeyaa@hotmail.com | S89: 78 | Z89: ΑΛΜΩΠΙΑΣ (ΠΕΛΛΑΣ) | AA89: ΑΛΜΩΠΙΑΣ | AB89: ΠΕΛΛΑΣ
C90: ΖΟΡΜΠΑΣ ΧΑΡΙΣΙΟΣ - Τ. Ε. ΠΟΛ. ΜΗΧ. | E90: 89 | F90: 1229 | G90: ΔΕ | H90: ΔΑΕΦΚ-ΔΕ | I90: ΔΑΕΦΚ-ΔΕ | J90: ΠΑΤΑΚΙΑΡΑΣ ΣΤΑΥΡΟΣ | K90: 2610 589202 | L90: 6977344183 | M90: s.patakiaras@ggde.gr | N90: ΠΕ ΠΟΛ. ΜΗΧ. | O90: st.patakiaras@gmail.com | S90: 79 | Z90: ΑΛΜΥΡΟΥ (ΜΑΓΝΗΣΙΑΣ) | AA90: ΑΛΜΥΡΟΥ | AB90: ΜΑΓΝΗΣΙΑΣ
C91: ΙΩΑΝΝΙΔΗΣ ΚΩΝ/ΝΟΣ - ΠΕ ΠΟΛ. ΜΗΧ. | E91: 90 | F91: 1230 | G91: ΔΕ | H91: ΔΑΕΦΚ-ΔΕ | I91: ΔΑΕΦΚ-ΔΕ | J91: ΣΚΟΥΡΑ ΒΑΣΙΛΙΚΗ | K91: 2610 589121 | L91: 6974882019 | M91: v.skoura@ggde.gr | N91: ΠΕ ΠΟΛ. ΜΗΧ. | O91: lili.skoura@gmail.com | S91: 80 | Z91: ΑΛΜΩΠΙΑΣ (ΠΕΛΛΑΣ) | AA91: ΑΛΜΩΠΙΑΣ | AB91: ΠΕΛΛΑΣ
C92: ΚΑΛΟΜΠΑΡΗΣ ΚΥΡΙΑΚΟΣ - ΠΕ. ΑΡΧ. ΜΗΧ. | E92: 91 | F92: 1231 | G92: ΔΕ | H92: ΔΑΕΦΚ-ΔΕ | I92: ΔΑΕΦΚ-ΔΕ | J92: ΣΜΥΡΝΑΙΟΥ ΑΝΝΑ-ΜΑΡΙΑ | K92: 2610 589115 | L92: 6934004858 | M92: _ | N92: ΔΕ ΔΙΟΙΚ.-ΓΡΑΜ. | O92: amsmirneou@yahoo.com | S92: 81 | Z92: ΑΛΜΥΡΟΥ (ΜΑΓΝΗΣΙΑΣ) | AA92: ΑΛΜΥΡΟΥ | AB92: ΜΑΓΝΗΣΙΑΣ
C93: ΚΑΡΑΓΙΑΝΝΗΣ ΦΩΤΙΟΣ - ΠΕ ΠΟΛ. ΜΗΧ. | E93: 92 | F93: 1232 | G93: ΔΕ | H93: ΔΑΕΦΚ-ΔΕ | I93: ΔΑΕΦΚ-ΔΕ | J93: ΣΜΥΡΝΙΩΤΗΣ ΝΙΚΟΛΑΟΣ | K93: 2610 589113 | L93: 6943571711 | M93: n.smyrniotis@ggde.gr | N93: ΠΕ ΠΟΛ. ΜΗΧ. | O93: niksmirniotis@yahoo.gr | S93: 82 | Z93: ΑΛΜΩΠΙΑΣ (ΠΕΛΛΑΣ) | AA93: ΑΛΜΩΠΙΑΣ | AB93: ΠΕΛΛΑΣ
... C98: ΚΕΡΚΕΜΕΖΟΥ ΓΕΩΡΓΙΑ - ΠΕ ΠΟΛ.ΜΗΧ. | E98: 97 | F98: 1237 | G98: ΔΕ | H98: ΔΑΕΦΚ-ΔΕ | I98: ΔΑΕΦΚ-ΔΕ | J98: ΤΣΙΜΑΡΑ ΕΥΑΓΓΕΛΙΑ | K98: 2610 589226 | L98: 6947371545 | M98: e.tsimara@ggde.gr | N98: ΠΕ ΠΟΛ. ΜΗΧ. | O98: liliantsimara@yahoo.gr | S98: 87 | Z98: ΑΛΜΥΡΟΥ (ΜΑΓΝΗΣΙΑΣ) | AA98: ΑΛΜΥΡΟΥ | AB98: ΜΑΓΝΗΣΙΑΣ
C99: ΚΙΤΣΑΝΤΑ ΧΡΙΣΤΙΝΑ - ΠΕ ΠΟΛ.ΜΗΧ. | E99: 98 | H99: ΔΑΕΦΚ-ΚΕ | I99: ΔΑΕΦΚ-ΚΕ | J99: _ | S99: 88 | Z99: ΑΛΜΩΠΙΑΣ (ΠΕΛΛΑΣ) | AA99: ΑΛΜΩΠΙΑΣ | AB99: ΠΕΛΛΑΣ
C100: ΚΛΕΑΝΘΗ ΜΑΡΙΑ - ΠΕ ΠΟΛ. ΜΗΧ. | E100: 99 | F100: 1011 | G100: ΚΕ | H100: ΔΑΕΦΚ-ΚΕ | I100: ΔΑΕΦΚ-ΚΕ | J100: ΔΟΥΣΚΑΡΗ ΕΙΡΗΝΗ | K100: 2108704703 | L100: 6909399934 | M100: e.douskari@ggde.gr | N100: ΤΕ ΔΙΟΙΚ.-ΛΟΓ. | O100: _ | S100: 89 | Z100: ΑΛΜΥΡΟΥ (ΜΑΓΝΗΣΙΑΣ) | AA100: ΑΛΜΥΡΟΥ | AB100: ΜΑΓΝΗΣΙΑΣ
C101: ΚΤΕΝΑΣ ΔΗΜΗΤΡΙΟΣ - ΠΕ ΠΟΛ. ΜΗΧ. | E101: 118 | F101: 1270 | G101: ΚΕ | H101: ΔΑΕΦΚ-ΚΕ | I101: ΔΑΕΦΚ-ΚΕ | J101: ΜΠΙΚΑ ΜΑΡΙΑ | K101: _ | L101: 6944715209 | M101: _ | N101: ΠΕ ΑΡΧ ΜΗΧΑΝΙΚΩΝ | O101: mariabika12@gmail.com | S101: 93 | Z101: ΑΛΜΥΡΟΥ (ΜΑΓΝΗΣΙΑΣ) | AA101: ΑΛΜΥΡΟΥ | AB101: ΜΑΓΝΗΣΙΑΣ
C102: ΚΩΤΣΗΣ ΕΥΑΓΓΕΛΟΣ - ΠΕ ΠΟΛ. ΜΗΧ. | E102: 101 | F102: 1271 | G102: ΚΕ | H102: ΔΑΕΦΚ-ΚΕ | I102: ΔΑΕΦΚ-ΚΕ | J102: ΠΑΧΗ ΒΙΚΤΩΡΙΑ | K102: _ | L102: 6989500588 | M102: _ | N102: ΔΕ ΟΔΗΓΩΝ | O102: vasileiospetsas@gmail.com | S102: 94 | Z102: ΑΛΜΩΠΙΑΣ (ΠΕΛΛΑΣ) | AA102: ΑΛΜΩΠΙΑΣ | AB102: ΠΕΛΛΑΣ
C103: ΛΥΜΠΕΡΟΠΟΥΛΟΥ ΕΛΙΣΣΑΒΕΤ - ΠΕ ΤΟΠ. ΜΗΧ. | E103: 102 | F103: 1272 | G103: ΚΕ | H103: ΔΑΕΦΚ-ΚΕ | I103: ΔΑΕΦΚ-ΚΕ | J103: ΣΑΡΙΔΑΚΗΣ ΑΓΓΕΛΟΣ | K103: 2294022202 | L103: 6944220899 | M103: _ | N103: ΠΕ ΠΟΛ. ΜΗΧ. | O103: ang.saridakis@gmail.com | S103: 96 | Z103: ΑΛΜΩΠΙΑΣ (ΠΕΛΛΑΣ) | AA103: ΑΛΜΩΠΙΑΣ | AB103: ΠΕΛΛΑΣ
C104: ΜΑΡΓΙΟΛΗΣ ΠΟΛΥΧΡΟΝΗΣ - ΠΕ ΠΟΛ. ΜΗΧ. | E104: 228 | I104: ΔΑΕΦΚ-ΚΕ ΤΜΗΜΑ Α | J104: _ | S104: 98 | Z104: ΑΛΜΩΠΙΑΣ (ΠΕΛΛΑΣ) | AA104: ΑΛΜΩΠΙΑΣ | AB104: ΠΕΛΛΑΣ
C105: ΜΠΑΜΠΙΛΗ ΒΙΚΤΩΡΙΑ - Π.Ε. ΠΟΛ. ΜΗΧ. | E105: 104 | F105: 1274 | G105: ΚΕ | H105: ΔΑΕΦΚ-ΚΕ ΤΜΗΜΑ Α | I105: ΔΑΕΦΚ-ΚΕ ΤΜΗΜΑ Α | J105: ΑΡΑΠΗ ΜΑΡΙΛΕΝΑ | K105: 2108704713-14-15 | L105: 6998911942 6994433516 | M105: m.arapi@ggde.gr | N105: ΠΕ ΔΙΟΙΚ.-ΟΙΚ. | O105: mar1l1@hotmail.com | S105: 102 | Z105: ΑΛΜΩΠΙΑΣ (ΠΕΛΛΑΣ) | AA105: ΑΛΜΩΠΙΑΣ | AB105: ΠΕΛΛΑΣ
C106: ΜΠΟΥΚΟΥΡΑΚΗΣ ΣΩΤΗΡΙΟΣ - ΠΕ ΠΟΛ. ΜΗΧ. | E106: 105 | F106: 1275 | G106: ΚΕ | H106: ΔΑΕΦΚ-ΚΕ ΤΜΗΜΑ Α | I106: ΔΑΕΦΚ-ΚΕ ΤΜΗΜΑ Α | J106: ΒΑΙΤΣΗ ΒΑΣΙΛΙΚΗ | K106: 2108704712 | L106: 6977784031 | M106: v.vaitsi@ggde.gr | N106: ΠΕ ΠΟΛ. ΜΗΧ. | O106: vassvaitsi@yahoo.gr | S106: 103 | Z106: ΑΛΜΥΡΟΥ (ΜΑΓΝΗΣΙΑΣ) | AA106: ΑΛΜΥΡΟΥ | AB106: ΜΑΓΝΗΣΙΑΣ
C107: ΝΙΚΟΛΙΑ ΜΑΡΙΑ - ΠΕ ΠΟΛ. ΜΗΧ. | E107: 106 | F107: 1276 | G107: ΚΕ | H107: ΔΑΕΦΚ-ΚΕ ΤΜΗΜΑ Α | I107: ΔΑΕΦΚ-ΚΕ ΤΜΗΜΑ Α | J107: ΔΕΛΗΒΑΣΙΛΗ ΓΕΩΡΓΙΑ | K107: 210 8704723 | L107: 6909870019 | M107: g.delivasili@ggde.gr | N107: ΔΕ ΤΕΧΝ.-ΕΡΓΟΔ. | O107: guilidelivasili@gmail.com | S107: 104 | Z107: ΑΛΜΩΠΙΑΣ (ΠΕΛΛΑΣ) | AA107: ΑΛΜΩΠΙΑΣ | AB107: ΠΕΛΛΑΣ
C108: ΠΑΠΑΔΟΓΕΩΡΓΟΣ ΒΑΣΙΛΕΙΟΣ - ΠΕ ΑΡΧ. ΜΗΧ. | E108: 107 | F108: 1277 | G108: ΚΕ | H108: ΔΑΕΦΚ-ΚΕ ΤΜΗΜΑ Α | I108: ΔΑΕΦΚ-ΚΕ ΤΜΗΜΑ Α | J108: ΔΕΡΜΙΤΖΑΚΗ ΑΝΝΑ | K108: 210 8704735 | L108: 6973050287 | M108: a.dermitzaki@ggde.gr | N108: ΠΕ ΠΟΛ. ΜΗΧ. | O108: lilianna1361@yahoo.gr | S108: 108 | Z108: ΑΛΜΩΠΙΑΣ (ΠΕΛΛΑΣ) | AA108: ΑΛΜΩΠΙΑΣ | AB108: ΠΕΛΛΑΣ
C109: ΠΑΠΑΔΟΓΙΑΝΝΗ ΓΕΩΡΓΙΑ - ΠΕ ΑΡΧ. ΜΗΧ. | E109: 108 | F109: 1278 | G109: ΚΕ | H109: ΔΑΕΦΚ-ΚΕ ΤΜΗΜΑ Α | I109: ΔΑΕΦΚ-ΚΕ ΤΜΗΜΑ Α | J109: ΕΠΙΤΗΔΕΙΟΣ ΙΩΑΝΝΗΣ | K109: 210 6508461, 2109921535 | L109: 6973762408 6972105023 | M109: i.epitidios@yme.gov.gr | N109: ΔΕ ΜΗΧΑΝΟΛ. | O109: ianos.iepitedios@gmail.com | S109: 109 | Z109: ΑΛΜΥΡΟΥ (ΜΑΓΝΗΣΙΑΣ) | AA109: ΑΛΜΥΡΟΥ | AB109: ΜΑΓΝΗΣΙΑΣ
C110: ΠΑΠΑΔΟΠΟΥΛΟΣ ΑΝΑΣΤΑΣΙΟΣ - ΠΕ ΑΡΧ. ΜΗΧ. | E110: 109 | F110: 1279 | G110: ΚΕ | H110: ΔΑΕΦΚ-ΚΕ ΤΜΗΜΑ Α | I110: ΔΑΕΦΚ-ΚΕ ΤΜΗΜΑ Α | J110: ΚΑΡΑΤΖΕΝΗ ΑΙΚΑΤΕΡΙΝΗ | K110: 210 8704707 | L110: 6973305838 | M110: k.karatzeni@ggde.gr | N110: ΠΕ ΠΟΛ. ΜΗΧ. | O110: katerinakaratzeni@gmail.com | S110: 110 | Z110: ΑΛΜΩΠΙΑΣ (ΠΕΛΛΑΣ) | AA110: ΑΛΜΩΠΙΑΣ | AB110: ΠΕΛΛΑΣ
C111: ΠΑΠΑΕΥΘΥΜΙΟΥ ΓΕΩΡΓΙΟΣ - ΠΕ ΑΡΧ. ΜΗΧ. | E111: 110 | F111: 1280 | G111: ΚΕ | H111: ΔΑΕΦΚ-ΚΕ ΤΜΗΜΑ Α | I111: ΔΑΕΦΚ-ΚΕ ΤΜΗΜΑ Α | J111: ΚΑΡΠΟΥΖΟΥ ΝΕΚΤΑΡΙΑ | K111: 210 8704707 | L111: 6977248108 | M111: n.karpouzou@ggde.gr | N111: ΠΕ ΠΟΛ. ΜΗΧ. | O111: karpouzounektaria@gmail.com | S111: 111 | Z111: ΑΛΜΥΡΟΥ (ΜΑΓΝΗΣΙΑΣ) | AA111: ΑΛΜΥΡΟΥ | AB111: ΜΑΓΝΗΣΙΑΣ
C112: ΚΟΥΓΙΟΥΜΤΖΗ ΑΓΓΕΛΙΚΗ - ΠΕ ΠΟΛ. ΜΗΧ. | E112: 111 | F112: 1281 | G112: ΚΕ | H112: ΔΑΕΦΚ-ΚΕ ΤΜΗΜΑ Α | I112: ΔΑΕΦΚ-ΚΕ ΤΜΗΜΑ Α | J112: ΚΑΤΡΑΛΗ ΑΝΔΡΙΑΝΗ-ΜΟΝΙΚΑ | K112: 210 8704730 | L112: 6973336452 | M112: _ | N112: ΔΕ ΔΙΟΙΚΗΤΙΚΟΥ | O112: monica123@hotmail.com | S112: 90 | Z112: ΑΛΜΩΠΙΑΣ (ΠΕΛΛΑΣ) | AA112: ΑΛΜΩΠΙΑΣ | AB112: ΠΕΛΛΑΣ
C113: ΠΑΠΑΠΑΥΛΟΥ ΧΡΥΣΑΝΘΗ - ΠΕ ΑΡΧ. ΜΗΧ. | E113: 100 | F113: 1269 | G113: ΚΕ | H113: ΔΑΕΦΚ-ΚΕ ΤΜΗΜΑ Α | I113: ΔΑΕΦΚ-ΚΕ ΤΜΗΜΑ Α | J113: ΛΕΪΣΟΥ ΣΟΦΙΑ | K113: 2108704708 | L113: 6937323523 | M113: s.lisou@ggde.gr | N113: ΔΕ ΑΝΑΛ. ΠΡΟΓΡΑΜ. | O113: leisou@hotmail.com | S113: 112 | Z113: ΑΛΜΩΠΙΑΣ (ΠΕΛΛΑΣ) | AA113: ΑΛΜΩΠΙΑΣ | AB113: ΠΕΛΛΑΣ
C114: ΠΑΥΛΑΤΟΣ ΚΩΣΤΑΣ - ΠΕ ΠΟΛ.ΜΗΧ. | E114: 112 | F114: 1282 | G114: ΚΕ | H114: ΔΑΕΦΚ-ΚΕ ΤΜΗΜΑ Α | I114: ΔΑΕΦΚ-ΚΕ ΤΜΗΜΑ Α | J114: ΛΕΥΚΙΜΜΙΑΤΗΣ ΧΑΡΑΛΑΜΠΟΣ | K114: 2108704713 | L114: 6972105023 | M114: c.leukimmiatis@ggde.gr | N114: ΠΕ ΑΡΧ. ΜΗΧ. | O114: tefkaa.leukimmiatis@gmail.com | S114: 113 | Z114: ΑΛΜΥΡΟΥ (ΜΑΓΝΗΣΙΑΣ) | AA114: ΑΛΜΥΡΟΥ | AB114: ΜΑΓΝΗΣΙΑΣ
C115: ΠΑΥΛΗΣ ΙΩΑΝΝΗΣ - ΠΕ ΠΟΛ. ΜΗΧ. | E115: 114 | F115: 1283 | G115: ΚΕ | H115: ΔΑΕΦΚ-ΚΕ ΤΜΗΜΑ Α | I115: ΔΑΕΦΚ-ΚΕ ΤΜΗΜΑ Α | J115: ΜΑΚΡΗ ΜΑΡΙΑΝΝΑ | K115: 2108704707 | L115: 6976005555 | M115: m.makri@ggde.gr | N115: ΠΕ ΠΟΛ. ΜΗΧ. | O115: archmakri@yahoo.gr | S115: 114 | Z115: ΑΛΜΩΠΙΑΣ (ΠΕΛΛΑΣ) | AA115: ΑΛΜΩΠΙΑΣ | AB115: ΠΕΛΛΑΣ
C116: ΠΟΙΜΕΝΙΔΟΥ ΚΥΡΙΑΚΗ - ΠΕ ΠΟΛ. ΜΗΧ. | E116: 115 | F116: 1284 | G116: ΚΕ | H116: ΔΑΕΦΚ-ΚΕ ΤΜΗΜΑ Α | I116: ΔΑΕΦΚ-ΚΕ ΤΜΗΜΑ Α | J116: ΜΑΡΚΟΥΛΑΚΗ ΗΛΙΑΝΑ | K116: 2108704713-14-15 | L116: 6970932706 | M116: i.markoulaki@ggde.gr | N116: ΠΕ ΔΙΟΙΚ.-ΟΙΚ. | O116: iliana.markoulaki@gmail.com | S116: 115 | Z116: ΑΛΜΥΡΟΥ (ΜΑΓΝΗΣΙΑΣ) | AA116: ΑΛΜΥΡΟΥ | AB116: ΜΑΓΝΗΣΙΑΣ
C117: ΚΟΥΜΟΥΤΣΟΣ ΝΙΚΟΛΑΟΣ - ΠΕ ΠΟΛ. ΜΗΧ. | E117: 116 | F117: 1285 | G117: ΚΕ | H117: ΔΑΕΦΚ-ΚΕ ΤΜΗΜΑ Α | I117: ΔΑΕΦΚ-ΚΕ ΤΜΗΜΑ Α | J117: ΜΑΣΤΟΡΑΚΗΣ ΚΟΣΜΑΣ | K117: 210 8704712 | L117: 6972606031 | M117: k.mastorakis@ggde.gr | N117: ΠΕ ΠΟΛ. ΜΗΧ. | O117: kosmastorakis@yahoo.gr | S117: 91 | Z117: ΑΛΜΥΡΟΥ (ΜΑΓΝΗΣΙΑΣ) | AA117: ΑΛΜΥΡΟΥ | AB117: ΜΑΓΝΗΣΙΑΣ
...

Sheet ΜΗΧΑΝΙΚΟΙ
B1: Γ.Δ.Α.Ε.Φ.Κ. - ΚΑΤΑΛΟΓΟΣ ΜΗΧΑΝΙΚΩΝ
A2: αα | B2: ΤΟΜΕΑΣ | C2: Α.Μ. | D2: ΟΝΟΜΑΤΕΠΩΝΥΜΟ | E2: Μηχανικοί | F2: Α.Φ.Μ. | G2: ΚΙΝΗΤΟ ΤΗΛΕΦΩΝΟ | H2: ΚΛΑΔΟΣ/ΕΙΔΙΚΟΤΗΤΑ | I2: Μηχανικός /Διοικητικός | J2: υπηρεσιακό Email | K2: προσωπικό Email
A3: =--SUBTOTAL(3,$B$2:B2) -> 1 | B3: ΑΑ | C3: 14328 | D3: ΑΝΑΓΝΩΣΤΟΥ ΜΑΡΙΑ ΙΩΑΝΝΑ | E3: ΑΝΑΓΝΩΣΤΟΥ ΜΑΡΙΑ ΙΩΑΝΝΑ - ΠΕ ΜΗΧ. ΟΙΚ. & ΔΙΟΙΚ. (ΤΑΕΦΚ-ΑΑ) | F3: 151036800 | G3: 6980996968 | H3: ΠΕ ΜΗΧ. ΟΙΚ. & ΔΙΟΙΚ. | I3: Μηχανικός | J3: managnostou@civilprotection.gr | K3: marianna.anagnostou@gmail.com | L3: =_xlfn.XLOOKUP(C3,'ΥΠΑΛΛΗΛΟΙ ΓΔΑΕΦΚ'!#REF!,'ΥΠΑΛΛΗΛΟΙ ΓΔΑΕΦΚ'!#REF!,"_") -> #REF!
A4: =--SUBTOTAL(3,$B$2:B3) -> 2 | B4: ΑΑ | C4: 12426 | D4: ΑΠΟΣΤΟΛΙΔΟΥ ΙΩΑΝΝΑ | E4: ΑΠΟΣΤΟΛΙΔΟΥ ΙΩΑΝΝΑ - ΠΕ ΠΟΛ. ΜΗΧ. (ΤΑΕΦΚ-ΑΑ) | F4: 044407577 | G4: 6978300669 | H4: ΠΕ ΠΟΛ. ΜΗΧ. | I4: Μηχανικός | J4: iapostolidou@civilprotection.gr | K4: joan.apostolidou@gmail.com, ioannaapostolidoy@hotmail.com | L4: =_xlfn.XLOOKUP(C4,'ΥΠΑΛΛΗΛΟΙ ΓΔΑΕΦΚ'!#REF!,'ΥΠΑΛΛΗΛΟΙ ΓΔΑΕΦΚ'!#REF!,"_") -> #REF!
A5: =--SUBTOTAL(3,$B$2:B4) -> 3 | B5: ΑΑ | C5: 14229 | D5: ΒΑΜΒΑΚΙΑΝΟΣ ΑΛΕΞΑΝΔΡΟΣ | E5: ΒΑΜΒΑΚΙΑΝΟΣ ΑΛΕΞΑΝΔΡΟΣ - ΠΕ ΠΟΛ. ΜΗΧ. (ΤΑΕΦΚ-ΑΑ) | F5: 147180480 | G5: 6970320059 | H5: ΠΕ ΠΟΛ. ΜΗΧ. | I5: Μηχανικός | J5: avamvakianos@civilprotection.gr | K5: alex_vnos@hotmail.com | L5: =_xlfn.XLOOKUP(C5,'ΥΠΑΛΛΗΛΟΙ ΓΔΑΕΦΚ'!#REF!,'ΥΠΑΛΛΗΛΟΙ ΓΔΑΕΦΚ'!#REF!,"_") -> #REF!
A6: =--SUBTOTAL(3,$B$2:B5) -> 4 | B6: ΑΑ | C6: 14224 | D6: ΒΟΥΚΕΛΑΤΟΣ ΔΗΜΗΤΡΙΟΣ | E6: ΒΟΥΚΕΛΑΤΟΣ ΔΗΜΗΤΡΙΟΣ - ΠΕ ΜΗΧΑΝΙΚΩΝ (ΤΑΕΦΚ-ΑΑ) | F6: 049749197 | G6: 6932544495 | H6: ΠΕ ΜΗΧΑΝΙΚΩΝ | I6: Μηχανικός | J6: dvoukelatos@civilprotection.gr | K6: _ | L6: =_xlfn.XLOOKUP(C6,'ΥΠΑΛΛΗΛΟΙ ΓΔΑΕΦΚ'!#REF!,'ΥΠΑΛΛΗΛΟΙ ΓΔΑΕΦΚ'!#REF!,"_") -> #REF!
A7: =--SUBTOTAL(3,$B$2:B6) -> 5 | B7: ΑΑ | C7: 12274 | D7: ΓΑΒΡΙΛΙΑΔΗ ΑΦΡΟΔΙΤΗ | E7: ΓΑΒΡΙΛΙΑΔΗ ΑΦΡΟΔΙΤΗ - ΤΕ ΠΟΛ. ΜΗΧ. (ΤΑΕΦΚ-ΑΑ) | F7: 076058054 | G7: 6947007553 | H7: ΤΕ ΠΟΛ. ΜΗΧ. | I7: Μηχανικός | J7: agavriliadi@civilprotection.gr | K7: _ | L7: =_xlfn.XLOOKUP(C7,'ΥΠΑΛΛΗΛΟΙ ΓΔΑΕΦΚ'!#REF!,'ΥΠΑΛΛΗΛΟΙ ΓΔΑΕΦΚ'!#REF!,"_") -> #REF!
A8: =--SUBTOTAL(3,$B$2:B7) -> 6 | B8: ΑΑ | C8: 14168 | D8: ΓΕΩΡΓΟΠΟΥΛΟΥ ΜΑΡΙΑ | E8: ΓΕΩΡΓΟΠΟΥΛΟΥ ΜΑΡΙΑ - ΠΕ ΠΟΛ. ΜΗΧ. (ΤΑΕΦΚ-ΑΑ) | F8: 073455287 | G8: 6972820547 | H8: ΠΕ ΠΟΛ. ΜΗΧ. | I8: Μηχανικός | J8: mgeorgopoulou@civilprotection.gr | K8: georgopmara@yahoo.gr | L8: =_xlfn.XLOOKUP(C8,'ΥΠΑΛΛΗΛΟΙ ΓΔΑΕΦΚ'!#REF!,'ΥΠΑΛΛΗΛΟΙ ΓΔΑΕΦΚ'!#REF!,"_") -> #REF!
A9: =--SUBTOTAL(3,$B$2:B8) -> 7 | B9: ΑΑ | C9: 14250 | D9: ΔΙΑΜΑΝΤΟΠΟΥΛΟΣ ΓΕΩΡΓΙΟΣ | E9: ΔΙΑΜΑΝΤΟΠΟΥΛΟΣ ΓΕΩΡΓΙΟΣ - ΠΕ ΑΡΧ. ΜΗΧ. (ΤΑΕΦΚ-ΑΑ) | F9: 147171970 | G9: 6939405094 | H9: ΠΕ ΑΡΧ. ΜΗΧ. | I9: Μηχανικός | J9: gdiamantopoulos@civilprotection.gr | K9: gdiamantopoulos17@gmail.com | L9: =_xlfn.XLOOKUP(C9,'ΥΠΑΛΛΗΛΟΙ ΓΔΑΕΦΚ'!#REF!,'ΥΠΑΛΛΗΛΟΙ ΓΔΑΕΦΚ'!#REF!,"_") -> #REF!
A10: =--SUBTOTAL(3,$B$2:B9) -> 8 | B10: ΑΑ | C10: 14194 | D10: ΚΟΚΚΙΝΟΣ ΗΛΙΑΣ | E10: ΚΟΚΚΙΝΟΣ ΗΛΙΑΣ - ΠΕ ΠΟΛ. ΜΗΧ. (ΤΑΕΦΚ-ΑΑ) | F10: 142738116 | G10: 6984576537 | H10: ΠΕ ΠΟΛ. ΜΗΧ. | I10: Μηχανικός | J10: ikokkinos@civilprotection.gr | K10: iliasbkokkinos@gmail.com | L10: =_xlfn.XLOOKUP(C10,'ΥΠΑΛΛΗΛΟΙ ΓΔΑΕΦΚ'!#REF!,'ΥΠΑΛΛΗΛΟΙ ΓΔΑΕΦΚ'!#REF!,"_") -> #REF!
A11: =--SUBTOTAL(3,$B$2:B10) -> 9 | B11: ΑΑ | C11: 14230 | D11: ΚΟΥΡΗ ΝΙΚΟΛΕΤΑ | E11: ΚΟΥΡΗ ΝΙΚΟΛΕΤΑ - ΠΕ ΑΡΧ. ΜΗΧ. (ΤΑΕΦΚ-ΑΑ) | F11: 124661936 | G11: 6932637784 | H11: ΠΕ ΑΡΧ. ΜΗΧ. | I11: Μηχανικός | J11: nkouri@civilprotection.gr | K11: nikoletakouri@gmail.com | L11: =_xlfn.XLOOKUP(C11,'ΥΠΑΛΛΗΛΟΙ ΓΔΑΕΦΚ'!#REF!,'ΥΠΑΛΛΗΛΟΙ ΓΔΑΕΦΚ'!#REF!,"_") -> #REF!
A12: =--SUBTOTAL(3,$B$2:B11) -> 10 | B12: ΑΑ | C12: 14231 | D12: ΛΕΝΑ ΔΕΣΠΟΙΝΑ | E12: ΛΕΝΑ ΔΕΣΠΟΙΝΑ - ΠΕ ΠΟΛ. ΜΗΧ. (ΤΑΕΦΚ-ΑΑ) | F12: 137601500 | G12: 6977421366 | H12: ΠΕ ΠΟΛ. ΜΗΧ. | I12: Μηχανικός | J12: dlena@civilprotection.gr | K12: despinle@hotmail.com | L12: =_xlfn.XLOOKUP(C12,'ΥΠΑΛΛΗΛΟΙ ΓΔΑΕΦΚ'!#REF!,'ΥΠΑΛΛΗΛΟΙ ΓΔΑΕΦΚ'!#REF!,"_") -> #REF!
A13: =--SUBTOTAL(3,$B$2:B12) -> 11 | B13: ΑΑ | C13: 14169 | D13: ΛΙΝΤΕΡΗΣ ΔΗΜΗΤΡΙΟΣ | E13: ΛΙΝΤΕΡΗΣ ΔΗΜΗΤΡΙΟΣ - ΠΕ ΠΟΛ. ΜΗΧ. (ΤΑΕΦΚ-ΑΑ) | F13: 045943810 | G13: 6977303667 | H13: ΠΕ ΠΟΛ. ΜΗΧ. | I13: Μηχανικός | J13: dlinteris@civilprotection.gr | K13: dimlinteris@yahoo.gr | L13: =_xlfn.XLOOKUP(C13,'ΥΠΑΛΛΗΛΟΙ ΓΔΑΕΦΚ'!#REF!,'ΥΠΑΛΛΗΛΟΙ ΓΔΑΕΦΚ'!#REF!,"_") -> #REF!
A14: =--SUBTOTAL(3,$B$2:B13) -> 12 | B14: ΑΑ | C14: 14209 | D14: ΜΑΚΡΗΣ ΑΥΓΟΥΣΤΙΝΟΣ | E14: ΜΑΚΡΗΣ ΑΥΓΟΥΣΤΙΝΟΣ - ΠΕ ΠΟΛ. ΜΗΧ. (ΤΑΕΦΚ-ΑΑ) | F14: 078166374 | G14: 6942496492 | H14: ΠΕ ΠΟΛ. ΜΗΧ. | I14: Μηχανικός | J14: amakris@civilprotection.gr | K14: augmakris@yahoo.com | L14: =_xlfn.XLOOKUP(C14,'ΥΠΑΛΛΗΛΟΙ ΓΔΑΕΦΚ'!#REF!,'ΥΠΑΛΛΗΛΟΙ ΓΔΑΕΦΚ'!#REF!,"_") -> #REF!
... A172: =--SUBTOTAL(3,$B$2:B171) -> 170 | B172: ΚΕ-Β | C172: 13835 | D172: ΜΑΥΡΟΓΕΝΗΣ ΑΝΤΩΝΙΟΣ | E172: ΜΑΥΡΟΓΕΝΗΣ ΑΝΤΩΝΙΟΣ - ΠΕ ΠΟΛ. ΜΗΧ. (ΔΑΕΦΚ-ΚΕ ΤΜΗΜΑ Β) | F172: 046698010 | G172: 6972150340 | H172: ΠΕ ΠΟΛ. ΜΗΧ. | I172: Μηχανικός | J172: amavrogenis@civilprotection.gr | K172: lentasdv@gmail.com | L172: =_xlfn.XLOOKUP(C172,'ΥΠΑΛΛΗΛΟΙ ΓΔΑΕΦΚ'!#REF!,'ΥΠΑΛΛΗΛΟΙ ΓΔΑΕΦΚ'!#REF!,"_") -> #REF!
A173: =--SUBTOTAL(3,$B$2:B172) -> 171 | B173: ΚΕ-Β | C173: 12227 | D173: ΠΑΝΑΓΙΩΤΙΔΗΣ ΜΙΧΑΗΛ | E173: ΠΑΝΑΓΙΩΤΙΔΗΣ ΜΙΧΑΗΛ - ΠΕ ΠΟΛ. ΜΗΧ. (ΟΑΣΠ) | F173: 052113201 | G173: 6985565922 | H173: ΠΕ ΠΟΛ. ΜΗΧ. | J173: mpanagiotidis@civilprotection.gr | L173: =_xlfn.XLOOKUP(C173,'ΥΠΑΛΛΗΛΟΙ ΓΔΑΕΦΚ'!#REF!,'ΥΠΑΛΛΗΛΟΙ ΓΔΑΕΦΚ'!#REF!,"_") -> #REF!
A174: =--SUBTOTAL(3,$B$2:B173) -> 172 | B174: ΚΕ-Β | C174: 20535 | D174: ΠΑΠΑΔΟΠΟΥΛΟΣ ΑΝΑΣΤΑΣΙΟΣ | E174: ΠΑΠΑΔΟΠΟΥΛΟΣ ΑΝΑΣΤΑΣΙΟΣ - ΠΕ ΑΡΧ. ΜΗΧ. (ΔΑΕΦΚ-ΚΕ ΤΜΗΜΑ Β) | F174: 044143997 | G174: 6944688337 | H174: ΠΕ ΑΡΧ. ΜΗΧ. | I174: Μηχανικός | J174: apapadopoulos@civilprotection.gr | K174: tasos.x.papadopoulos@gmail.com | L174: =_xlfn.XLOOKUP(C174,'ΥΠΑΛΛΗΛΟΙ ΓΔΑΕΦΚ'!#REF!,'ΥΠΑΛΛΗΛΟΙ ΓΔΑΕΦΚ'!#REF!,"_") -> #REF!
A175: =--SUBTOTAL(3,$B$2:B174) -> 173 | B175: ΚΕ-Γ | C175: 900263 | D175: ΑΣΒΕΣΤΑΣ ΙΩΑΝΝΗΣ | E175: ΑΣΒΕΣΤΑΣ ΙΩΑΝΝΗΣ - ΤΕ ΗΛ. ΜΗΧ. (ΔΑΕΦΚ-ΚΕ ΤΜΗΜΑ Γ) | F175: 054031829 | G175: 6980736334 | H175: ΤΕ ΗΛ. ΜΗΧ. | I175: Μηχανικός | J175: iasvestas@civilprotection.gr | K175: gasvest@gmail.com | L175: =_xlfn.XLOOKUP(C175,'ΥΠΑΛΛΗΛΟΙ ΓΔΑΕΦΚ'!#REF!,'ΥΠΑΛΛΗΛΟΙ ΓΔΑΕΦΚ'!#REF!,"_") -> #REF!
A176: =--SUBTOTAL(3,$B$2:B175) -> 174 | B176: ΚΕ-Γ | C176: 12107 | D176: ΒΛΑΧΟΓΙΑΝΝΗΣ ΚΩΝΣΤΑΝΤΙΝΟΣ | E176: ΒΛΑΧΟΓΙΑΝΝΗΣ ΚΩΝΣΤΑΝΤΙΝΟΣ - ΠΕ ΜΗΧ. ΜΗΧ. (ΔΑΕΦΚ-ΚΕ ΤΜΗΜΑ Γ) | F176: 051735090 | G176: 6976657104 | H176: ΠΕ ΜΗΧ. ΜΗΧ. | I176: Μηχανικός | J176: kvlachogiannis@civilprotection.gr | K176: _ | L176: =_xlfn.XLOOKUP(C176,'ΥΠΑΛΛΗΛΟΙ ΓΔΑΕΦΚ'!#REF!,'ΥΠΑΛΛΗΛΟΙ ΓΔΑΕΦΚ'!#REF!,"_") -> #REF!
A177: =--SUBTOTAL(3,$B$2:B176) -> 175 | B177: ΚΕ-Γ | C177: 20101 | D177: ΓΙΑΡΓΚΙΤΖΗ ΑΝΝΑ | E177: ΓΙΑΡΓΚΙΤΖΗ ΑΝΝΑ - ΠΕ ΑΡΧ. ΜΗΧ. (ΔΑΕΦΚ-ΚΕ ΤΜΗΜΑ Γ) | F177: 043813858 | G177: 6978894699 | H177: ΠΕ ΑΡΧ. ΜΗΧ. | I177: Μηχανικός | J177: agiargkitzi@civilprotection.gr | K177: agiatzi@gmail.com | L177: =_xlfn.XLOOKUP(C177,'ΥΠΑΛΛΗΛΟΙ ΓΔΑΕΦΚ'!#REF!,'ΥΠΑΛΛΗΛΟΙ ΓΔΑΕΦΚ'!#REF!,"_") -> #REF!
A178: =--SUBTOTAL(3,$B$2:B177) -> 176 | B178: ΚΕ-Γ | C178: 4819 | D178: ΔΕΔΕΣ ΗΡΑΚΛΗΣ | E178: ΔΕΔΕΣ ΗΡΑΚΛΗΣ - ΤΕ ΜΗΧ. ΜΗΧ. (ΔΑΕΦΚ-ΚΕ ΤΜΗΜΑ Γ) | F178: 034828063 | G178: 6978335362 | H178: ΤΕ ΜΗΧ. ΜΗΧ. | I178: Μηχανικός | J178: idedes@civilprotection.gr | K178: _ | L178: =_xlfn.XLOOKUP(C178,'ΥΠΑΛΛΗΛΟΙ ΓΔΑΕΦΚ'!#REF!,'ΥΠΑΛΛΗΛΟΙ ΓΔΑΕΦΚ'!#REF!,"_") -> #REF!
A179: =--SUBTOTAL(3,$B$2:B178) -> 177 | B179: ΚΕ-Γ | C179: 14331 | D179: ΔΙΠΛΑ ΑΝΤΩΝΙΑ | E179: ΔΙΠΛΑ ΑΝΤΩΝΙΑ - ΠΕ ΠΟΛ. ΜΗΧ. (ΔΑΕΦΚ-ΚΕ ΤΜΗΜΑ Γ) | F179: 134512650 | G179: 6989602050 | H179: ΠΕ ΠΟΛ. ΜΗΧ. | I179: Μηχανικός | J179: adipla@civilprotection.gr | K179: dipla_ant@hotmail.com | L179: =_xlfn.XLOOKUP(C179,'ΥΠΑΛΛΗΛΟΙ ΓΔΑΕΦΚ'!#REF!,'ΥΠΑΛΛΗΛΟΙ ΓΔΑΕΦΚ'!#REF!,"_") -> #REF!
A180: =--SUBTOTAL(3,$B$2:B179) -> 178 | B180: ΚΕ-Γ | C180: 12431 | D180: ΚΕΒΕΡΗΣ ΜΙΧΑΗΛ | E180: ΚΕΒΕΡΗΣ ΜΙΧΑΗΛ - ΠΕ ΠΟΛ. ΜΗΧ. (ΔΑΕΦΚ-ΚΕ ΤΜΗΜΑ Γ) | F180: 045639509 | G180: _ | H180: ΠΕ ΠΟΛ. ΜΗΧ. | I180: Μηχανικός | J180: mkeveris@civilprotection.gr | K180: _ | L180: =_xlfn.XLOOKUP(C180,'ΥΠΑΛΛΗΛΟΙ ΓΔΑΕΦΚ'!#REF!,'ΥΠΑΛΛΗΛΟΙ ΓΔΑΕΦΚ'!#REF!,"_") -> #REF!
A181: =--SUBTOTAL(3,$B$2:B180) -> 179 | B181: ΚΕ-Γ | C181: 5802 | D181: ΜΗΤΡΟΠΟΥΛΟΣ ΔΗΜΗΤΡΙΟΣ | E181: ΜΗΤΡΟΠΟΥΛΟΣ ΔΗΜΗΤΡΙΟΣ - ΠΕ ΗΛ. ΜΗΧ. (ΔΑΕΦΚ-ΚΕ ΤΜΗΜΑ Γ) | F181: 025094759 | G181: 6934973849 | H181: ΠΕ ΗΛ. ΜΗΧ. | I181: Μηχανικός | J181: dmitropoulos@civilprotection.gr | K181: _ | L181: =_xlfn.XLOOKUP(C181,'ΥΠΑΛΛΗΛΟΙ ΓΔΑΕΦΚ'!#REF!,'ΥΠΑΛΛΗΛΟΙ ΓΔΑΕΦΚ'!#REF!,"_") -> #REF!
A182: =--SUBTOTAL(3,$B$2:B181) -> 180 | B182: ΚΕ-Γ | C182: 12470 | D182: ΜΠΕΡΤΣΙΑΣ ΜΙΛΤΙΑΔΗΣ | E182: ΜΠΕΡΤΣΙΑΣ ΜΙΛΤΙΑΔΗΣ - ΤΕ ΠΟΛ. ΜΗΧ. (ΔΑΕΦΚ-ΚΕ ΤΜΗΜΑ Γ) | F182: 051181250 | G182: 6974321817 | H182: ΤΕ ΠΟΛ. ΜΗΧ. | I182: Μηχανικός | J182: mmpertsias@civilprotection.gr | K182: miltos.ber@gmail.com | L182: =_xlfn.XLOOKUP(C182,'ΥΠΑΛΛΗΛΟΙ ΓΔΑΕΦΚ'!#REF!,'ΥΠΑΛΛΗΛΟΙ ΓΔΑΕΦΚ'!#REF!,"_") -> #REF!
A183: =--SUBTOTAL(3,$B$2:B182) -> 181 | B183: ΚΕ-Γ | C183: 45644 | D183: ΞΕΝΟΥ ΣΤΑΜΑΤΙΝΑ | E183: ΞΕΝΟΥ ΣΤΑΜΑΤΙΝΑ - ΠΕ ΑΡΧ. ΜΗΧ. (ΔΑΕΦΚ-ΚΕ ΤΜΗΜΑ Γ) | F183: 064305183 | G183: 6972234942 | H183: ΠΕ ΑΡΧ. ΜΗΧ. | I183: Μηχανικός | J183: sxenou@civilprotection.gr | K183: _ | L183: =_xlfn.XLOOKUP(C183,'ΥΠΑΛΛΗΛΟΙ ΓΔΑΕΦΚ'!#REF!,'ΥΠΑΛΛΗΛΟΙ ΓΔΑΕΦΚ'!#REF!,"_") -> #REF!
A184: =--SUBTOTAL(3,$B$2:B183) -> 182 | B184: ΚΕ-Γ | C184: 12460 | D184: ΠΑΝΑΓΙΩΤΟΥΛΙΑ ΒΑΣΙΛΙΚΗ | E184: ΠΑΝΑΓΙΩΤΟΥΛΙΑ ΒΑΣΙΛΙΚΗ - ΠΕ ΑΡΧ. ΜΗΧ. (ΔΑΕΦΚ-ΚΕ ΤΜΗΜΑ Γ) | F184: 046396787 | G184: 6977293089 | H184: ΠΕ ΑΡΧ. ΜΗΧ. | I184: Μηχανικός | J184: vpanagiotoulia@civilprotection.gr | K184: _ | L184: =_xlfn.XLOOKUP(C184,'ΥΠΑΛΛΗΛΟΙ ΓΔΑΕΦΚ'!#REF!,'ΥΠΑΛΛΗΛΟΙ ΓΔΑΕΦΚ'!#REF!,"_") -> #REF!
A185: =--SUBTOTAL(3,$B$2:B184) -> 183 | B185: ΚΕ-Γ | C185: 5059 | D185: ΤΖΑΝΑΚΗΣ ΙΩΑΝΝΗΣ | E185: ΤΖΑΝΑΚΗΣ ΙΩΑΝΝΗΣ - ΤΕ ΤΟΠΟΓΡ. ΜΗΧ. (ΟΑΣΠ) | F185: 033521725 | G185: 6944345730 | H185: ΤΕ ΤΟΠΟΓΡ. ΜΗΧ. | J185: itzanakis@civilprotection.gr | L185: =_xlfn.XLOOKUP(C185,'ΥΠΑΛΛΗΛΟΙ ΓΔΑΕΦΚ'!#REF!,'ΥΠΑΛΛΗΛΟΙ ΓΔΑΕΦΚ'!#REF!,"_") -> #REF!
A186: =--SUBTOTAL(3,$B$2:B185) -> 184 | B186: ΚΕ-Γ | C186: 102917 | D186: ΤΣΟΥΜΗΣ ΙΩΑΝΝΗΣ | E186: ΤΣΟΥΜΗΣ ΙΩΑΝΝΗΣ - ΤΕ ΗΛ. ΜΗΧ. (ΔΑΕΦΚ-ΚΕ ΤΜΗΜΑ Γ) | F186: 031000868 | G186: 6972309803 | H186: ΤΕ ΗΛ. ΜΗΧ. | I186: Μηχανικός | J186: itsoumis@civilprotection.gr | K186: _ | L186: =_xlfn.XLOOKUP(C186,'ΥΠΑΛΛΗΛΟΙ ΓΔΑΕΦΚ'!#REF!,'ΥΠΑΛΛΗΛΟΙ ΓΔΑΕΦΚ'!#REF!,"_") -> #REF!
A187: =--SUBTOTAL(3,$B$2:B186) -> 185 | B187: ΚΕ-Δ | C187: 14438 | D187: ΑΓΓΕΛΗΣ ΙΩΑΝΝΗΣ | E187: ΑΓΓΕΛΗΣ ΙΩΑΝΝΗΣ - ΠΕ ΠΟΛ. ΜΗΧ. (ΔΑΕΦΚ-ΚΕ ΤΜΗΜΑ Δ) | F187: 129541130 | G187: 6970117758 | H187: ΠΕ ΠΟΛ. ΜΗΧ. | I187: Μηχανικός | J187: iangelis@civilprotection.gr | K187: ioannes.angelis@gmail.com | L187: =_xlfn.XLOOKUP(C187,'ΥΠΑΛΛΗΛΟΙ ΓΔΑΕΦΚ'!#REF!,'ΥΠΑΛΛΗΛΟΙ ΓΔΑΕΦΚ'!#REF!,"_") -> #REF!
A188: =--SUBTOTAL(3,$B$2:B187) -> 186 | B188: ΚΕ-Δ | C188: 12530 | D188: ΑΓΙΑΝΟΓΛΟΥ ΒΑΣΙΛΕΙΟΣ | E188: ΑΓΙΑΝΟΓΛΟΥ ΒΑΣΙΛΕΙΟΣ - ΠΕ ΑΡΧ. ΜΗΧ. (ΔΑΕΦΚ-ΚΕ ΤΜΗΜΑ Δ) | F188: 043410897 | G188: 6974929090 | H188: ΠΕ ΑΡΧ. ΜΗΧ. | I188: Μηχανικός | J188: vagianoglou@civilprotection.gr | K188: v.agianoglou@gmail.com | L188: =_xlfn.XLOOKUP(C188,'ΥΠΑΛΛΗΛΟΙ ΓΔΑΕΦΚ'!#REF!,'ΥΠΑΛΛΗΛΟΙ ΓΔΑΕΦΚ'!#REF!,"_") -> #REF!
A189: =--SUBTOTAL(3,$B$2:B188) -> 187 | B189: ΚΕ-Δ | C189: 14461 | D189: ΑΗΔΟΝΗ ΕΛΕΝΗ | E189: ΑΗΔΟΝΗ ΕΛΕΝΗ - ΠΕ ΠΟΛ. ΜΗΧ. (ΔΑΕΦΚ-ΚΕ ΤΜΗΜΑ Δ) | F189: 133400980 | G189: 6934671271 | H189: ΠΕ ΠΟΛ. ΜΗΧ. | I189: Μηχανικός | J189: e.aidoni@civilprotection.gr | K189: helenaid@gmail.com | L189: =_xlfn.XLOOKUP(C189,'ΥΠΑΛΛΗΛΟΙ ΓΔΑΕΦΚ'!#REF!,'ΥΠΑΛΛΗΛΟΙ ΓΔΑΕΦΚ'!#REF!,"_") -> #REF!
A190: =--SUBTOTAL(3,$B$2:B189) -> 188 | B190: ΚΕ-Δ | C190: 14201 | D190: ΑΛΕΒΙΖΟΠΟΥΛΟΥ ΟΛΓΑ | E190: ΑΛΕΒΙΖΟΠΟΥΛΟΥ ΟΛΓΑ - ΤΕ ΜΗΧΑΝΙΚΩΝ (ΔΑΕΦΚ-ΚΕ ΤΜΗΜΑ Δ) | F190: 154885734 | G190: 6972406536 | H190: ΤΕ ΜΗΧΑΝΙΚΩΝ | I190: Μηχανικός | J190: oalevizopoulou@civilprotection.gr | K190: taefkaa.alevizopoulou@gmail.com | L190: =_xlfn.XLOOKUP(C190,'ΥΠΑΛΛΗΛΟΙ ΓΔΑΕΦΚ'!#REF!,'ΥΠΑΛΛΗΛΟΙ ΓΔΑΕΦΚ'!#REF!,"_") -> #REF!
A191: =--SUBTOTAL(3,$B$2:B190) -> 189 | B191: ΚΕ-Δ | C191: 14329 | D191: ΒΑΙΛΑΚΗΣ ΔΗΜΗΤΡΙΟΣ | E191: ΒΑΙΛΑΚΗΣ ΔΗΜΗΤΡΙΟΣ - ΠΕ ΠΟΛ. ΜΗΧ. (ΔΑΕΦΚ-ΚΕ ΤΜΗΜΑ Δ) | F191: 073906576 | G191: 6932393388 | H191: ΠΕ ΠΟΛ. ΜΗΧ. | I191: Μηχανικός | J191: dvailakis@civilprotection.gr | K191: dimitris.vailakis@gmail.com | L191: =_xlfn.XLOOKUP(C191,'ΥΠΑΛΛΗΛΟΙ ΓΔΑΕΦΚ'!#REF!,'ΥΠΑΛΛΗΛΟΙ ΓΔΑΕΦΚ'!#REF!,"_") -> #REF!
A192: =--SUBTOTAL(3,$B$2:B191) -> 190 | B192: ΚΕ-Δ | C192: 900299 | D192: ΒΕΣΤΑΡΧΗΣ ΝΙΚΟΛΑΟΣ | E192: ΒΕΣΤΑΡΧΗΣ ΝΙΚΟΛΑΟΣ - ΠΕ ΜΗΧΑΝΙΚΩΝ (ΔΑΕΦΚ-ΚΕ ΤΜΗΜΑ Δ) | F192: 106684339 | G192: 6931583774 | H192: ΠΕ ΜΗΧΑΝΙΚΩΝ | I192: Μηχανικός | J192: nvestarchis@civilprotection.gr | K192: nvestarchis@gmail.com | L192: =_xlfn.XLOOKUP(C192,'ΥΠΑΛΛΗΛΟΙ ΓΔΑΕΦΚ'!#REF!,'ΥΠΑΛΛΗΛΟΙ ΓΔΑΕΦΚ'!#REF!,"_") -> #REF!
A193: =--SUBTOTAL(3,$B$2:B192) -> 191 | B193: ΚΕ-Δ | C193: 12647 | D193: ΓΕΜΕΛΙΑΡΗ ΕΙΡΗΝΗ | E193: ΓΕΜΕΛΙΑΡΗ ΕΙΡΗΝΗ - ΠΕ ΠΟΛ. ΜΗΧ. (ΔΑΕΦΚ-ΚΕ ΤΜΗΜΑ Δ) | F193: 056724365 | G193: 6972084481 | H193: ΠΕ ΠΟΛ. ΜΗΧ. | I193: Μηχανικός | J193: egemeliari@civilprotection.gr | K193: irene.gemeliari@gmail.com | L193: =_xlfn.XLOOKUP(C193,'ΥΠΑΛΛΗΛΟΙ ΓΔΑΕΦΚ'!#REF!,'ΥΠΑΛΛΗΛΟΙ ΓΔΑΕΦΚ'!#REF!,"_") -> #REF!
A194: =--SUBTOTAL(3,$B$2:B193) -> 192 | B194: ΚΕ-Δ | C194: 14174 | D194: ΓΕΩΡΓΙΟΥ ΚΩΝΣΤΑΝΤΙΝΟΣ | E194: ΓΕΩΡΓΙΟΥ ΚΩΝΣΤΑΝΤΙΝΟΣ - ΤΕ ΜΗΧΑΝΙΚΩΝ (ΔΑΕΦΚ-ΚΕ) | F194: 067980030 | G194: 6977995010 | H194: ΤΕ ΜΗΧΑΝΙΚΩΝ | I194: Μηχανικός | J194: kgeorgiou@civilprotection.gr | K194: kgeorgiou2310@gmail.com | L194: =_xlfn.XLOOKUP(C194,'ΥΠΑΛΛΗΛΟΙ ΓΔΑΕΦΚ'!#REF!,'ΥΠΑΛΛΗΛΟΙ ΓΔΑΕΦΚ'!#REF!,"_") -> #REF!
A195: =--SUBTOTAL(3,$B$2:B194) -> 193 | B195: ΚΕ-Δ | C195: 14378 | D195: ΓΙΑΒΡΟΥΤΑ ΛΑΜΠΡΙΝΗ | E195: ΓΙΑΒΡΟΥΤΑ ΛΑΜΠΡΙΝΗ - ΤΕ ΜΗΧΑΝΙΚΩΝ (ΔΑΕΦΚ-ΚΕ ΤΜΗΜΑ Δ) | F195: 158182687 | G195: 6948491981 | H195: ΤΕ ΜΗΧΑΝΙΚΩΝ | I195: Μηχανικός | J195: lgiavrouta@civilprotection.gr | K195: linagiavrouta@hotmail.com | L195: =_xlfn.XLOOKUP(C195,'ΥΠΑΛΛΗΛΟΙ ΓΔΑΕΦΚ'!#REF!,'ΥΠΑΛΛΗΛΟΙ ΓΔΑΕΦΚ'!#REF!,"_") -> #REF!
A196: =--SUBTOTAL(3,$B$2:B195) -> 194 | B196: ΚΕ-Δ | C196: 12108 | D196: ΓΙΑΝΝΕΛΟΣ ΙΩΑΝΝΗΣ | E196: ΓΙΑΝΝΕΛΟΣ ΙΩΑΝΝΗΣ - ΠΕ ΤΟΠ. ΜΗΧ. (ΔΑΕΦΚ-ΚΕ ΤΜΗΜΑ Δ) | F196: 109400088 | G196: 6944377718 | H196: ΠΕ ΤΟΠ. ΜΗΧ. | I196: Μηχανικός | J196: igiannelos@civilprotection.gr | K196: iugiann@yahoo.gr | L196: =_xlfn.XLOOKUP(C196,'ΥΠΑΛΛΗΛΟΙ ΓΔΑΕΦΚ'!#REF!,'ΥΠΑΛΛΗΛΟΙ ΓΔΑΕΦΚ'!#REF!,"_") -> #REF!
A197: =--SUBTOTAL(3,$B$2:B196) -> 195 | B197: ΚΕ-Δ | C197: 14330 | D197: ΓΙΑΝΝΟΥΛΑΣ ΠΑΝΑΓΙΩΤΗΣ | E197: ΓΙΑΝΝΟΥΛΑΣ ΠΑΝΑΓΙΩΤΗΣ - ΠΕ ΑΡΧ. ΜΗΧ. (ΔΑΕΦΚ-ΚΕ ΤΜΗΜΑ Δ) | F197: 045203505 | G197: 6980042920 | H197: ΠΕ ΑΡΧ. ΜΗΧ. | I197: Μηχανικός | J197: pgiannoulas@civilprotection.gr | K197: panos.giannoulas@gmail.com | L197: =_xlfn.XLOOKUP(C197,'ΥΠΑΛΛΗΛΟΙ ΓΔΑΕΦΚ'!#REF!,'ΥΠΑΛΛΗΛΟΙ ΓΔΑΕΦΚ'!#REF!,"_") -> #REF!
... A208: =--SUBTOTAL(3,$B$2:B207) -> 206 | B208: ΚΕ-Δ | C208: 14334 | D208: ΚΑΡΑΒΙΑΣ ΔΗΜΗΤΡΙΟΣ | E208: ΚΑΡΑΒΙΑΣ ΔΗΜΗΤΡΙΟΣ - ΠΕ ΠΟΛ. ΜΗΧ. (ΔΑΕΦΚ-ΚΕ ΤΜΗΜΑ Δ) | F208: 125478746 | G208: 6972386367 | H208: ΠΕ ΠΟΛ. ΜΗΧ. | I208: Μηχανικός | J208: dkaravias@civilprotection.gr | K208: d.karavias.ggde@gmail.com | L208: =_xlfn.XLOOKUP(C208,'ΥΠΑΛΛΗΛΟΙ ΓΔΑΕΦΚ'!#REF!,'ΥΠΑΛΛΗΛΟΙ ΓΔΑΕΦΚ'!#REF!,"_") -> #REF!
A209: =--SUBTOTAL(3,$B$2:B208) -> 207 | B209: ΚΕ-Δ | C209: 12143 | D209: ΚΑΡΑΓΙΑΝΝΗΣ ΦΩΤΙΟΣ | E209: ΚΑΡΑΓΙΑΝΝΗΣ ΦΩΤΙΟΣ - ΠΕ ΠΟΛ. ΜΗΧ. (ΟΑΣΠ) | F209: 038102894 | G209: 6932438715 | H209: ΠΕ ΠΟΛ. ΜΗΧ. | J209: fkaragiannis@civilprotection.gr | L209: =_xlfn.XLOOKUP(C209,'ΥΠΑΛΛΗΛΟΙ ΓΔΑΕΦΚ'!#REF!,'ΥΠΑΛΛΗΛΟΙ ΓΔΑΕΦΚ'!#REF!,"_") -> #REF!
A210: =--SUBTOTAL(3,$B$2:B209) -> 208 | B210: ΚΕ-Δ | C210: 14335 | D210: ΚΑΡΑΘΑΝΑΣΗΣ ΝΙΚΟΛΑΟΣ | E210: ΚΑΡΑΘΑΝΑΣΗΣ ΝΙΚΟΛΑΟΣ - ΠΕ ΠΟΛ. ΜΗΧ. (ΔΑΕΦΚ-ΚΕ ΤΜΗΜΑ Δ) | F210: 047248900 | G210: 6974030990 | H210: ΠΕ ΠΟΛ. ΜΗΧ. | I210: Μηχανικός | J210: nkarathanasis@civilprotection.gr | K210: nkarathana@gmail.com | L210: =_xlfn.XLOOKUP(C210,'ΥΠΑΛΛΗΛΟΙ ΓΔΑΕΦΚ'!#REF!,'ΥΠΑΛΛΗΛΟΙ ΓΔΑΕΦΚ'!#REF!,"_") -> #REF!
A211: =--SUBTOTAL(3,$B$2:B210) -> 209 | B211: ΚΕ-Δ | C211: 12144 | D211: ΚΑΡΒΕΛΕΑΣ ΝΙΚΟΛΑΟΣ | E211: ΚΑΡΒΕΛΕΑΣ ΝΙΚΟΛΑΟΣ - ΠΕ ΠΟΛ. ΜΗΧ. (ΟΑΣΠ) | F211: 045196583 | G211: 6944666285 | H211: ΠΕ ΠΟΛ. ΜΗΧ. | J211: nkarveleas@civilprotection.gr | L211: =_xlfn.XLOOKUP(C211,'ΥΠΑΛΛΗΛΟΙ ΓΔΑΕΦΚ'!#REF!,'ΥΠΑΛΛΗΛΟΙ ΓΔΑΕΦΚ'!#REF!,"_") -> #REF!
A212: =--SUBTOTAL(3,$B$2:B211) -> 210 | B212: ΚΕ-Δ | C212: 14394 | D212: ΚΑΤΣΑΒΡΙΑ ΚΩΝΣΤΑΝΤΙΝΑ | E212: ΚΑΤΣΑΒΡΙΑ ΚΩΝΣΤΑΝΤΙΝΑ - ΠΕ ΜΗΧΑΝΙΚΩΝ (ΔΑΕΦΚ-ΚΕ ΤΜΗΜΑ Δ) | F212: 124669320 | G212: 6936294302 | H212: ΠΕ ΜΗΧΑΝΙΚΩΝ | I212: Μηχανικός | J212: kkatsavria@civilprotection.gr | K212: dinakat31@gmail.com | L212: =_xlfn.XLOOKUP(C212,'ΥΠΑΛΛΗΛΟΙ ΓΔΑΕΦΚ'!#REF!,'ΥΠΑΛΛΗΛΟΙ ΓΔΑΕΦΚ'!#REF!,"_") -> #REF!
A213: =--SUBTOTAL(3,$B$2:B212) -> 211 | B213: ΚΕ-Δ | C213: 86715 | D213: ΚΑΤΣΙΓΙΑΝΝΗΣ ΒΑΣΙΛΕΙΟΣ | E213: ΚΑΤΣΙΓΙΑΝΝΗΣ ΒΑΣΙΛΕΙΟΣ - ΤΕ ΠΟΛ. ΜΗΧ. (ΔΑΕΦΚ-ΚΕ ΤΜΗΜΑ Δ) | F213: 076000458 | G213: 6974057776 | H213: ΤΕ ΠΟΛ. ΜΗΧ. | I213: Μηχανικός | J213: vkatsigiannis@civilprotection.gr | K213: bkatsigiannis71@gmail.com | L213: =_xlfn.XLOOKUP(C213,'ΥΠΑΛΛΗΛΟΙ ΓΔΑΕΦΚ'!#REF!,'ΥΠΑΛΛΗΛΟΙ ΓΔΑΕΦΚ'!#REF!,"_") -> #REF!
A214: =--SUBTOTAL(3,$B$2:B213) -> 212 | B214: ΚΕ-Δ | C214: 12001 | D214: ΚΑΤΣΙΩΛΗ ΜΑΡΙΑ | E214: ΚΑΤΣΙΩΛΗ ΜΑΡΙΑ - ΠΕ ΠΟΛ. ΜΗΧ. (ΔΑΕΦΚ-ΚΕ ΤΜΗΜΑ Δ) | F214: 046252177 | G214: 6937084222 | H214: ΠΕ ΠΟΛ. ΜΗΧ. | I214: Μηχανικός | J214: mkatsioli@civilprotection.gr | K214: mkatsioli@yahoo.gr | L214: =_xlfn.XLOOKUP(C214,'ΥΠΑΛΛΗΛΟΙ ΓΔΑΕΦΚ'!#REF!,'ΥΠΑΛΛΗΛΟΙ ΓΔΑΕΦΚ'!#REF!,"_") -> #REF!
A215: =--SUBTOTAL(3,$B$2:B214) -> 213 | B215: ΚΕ-Δ | C215: 14226 | D215: ΚΑΤΩΓΙΑΝΝΑΚΗ ΣΟΦΙΑ | E215: ΚΑΤΩΓΙΑΝΝΑΚΗ ΣΟΦΙΑ - ΠΕ ΑΡΧ. ΜΗΧ. (ΔΑΕΦΚ-ΚΕ ΤΜΗΜΑ Δ) | F215: 118633590 | G215: 6978307239 | H215: ΠΕ ΑΡΧ. ΜΗΧ. | I215: Μηχανικός | J215: skatogiannaki@civilprotection.gr | K215: sofkatogi@yahoo.gr | L215: =_xlfn.XLOOKUP(C215,'ΥΠΑΛΛΗΛΟΙ ΓΔΑΕΦΚ'!#REF!,'ΥΠΑΛΛΗΛΟΙ ΓΔΑΕΦΚ'!#REF!,"_") -> #REF!
A216: =--SUBTOTAL(3,$B$2:B215) -> 214 | B216: ΚΕ-Δ | C216: 12003 | D216: ΚΕΡΚΕΜΕΖΟΥ ΓΕΩΡΓΙΑ | E216: ΚΕΡΚΕΜΕΖΟΥ ΓΕΩΡΓΙΑ - ΠΕ ΠΟΛ. ΜΗΧ. (ΔΑΕΦΚ-ΚΕ ΤΜΗΜΑ Δ) | F216: 102303753 | G216: 6972072589 | H216: ΠΕ ΠΟΛ. ΜΗΧ. | I216: Μηχανικός | J216: gkerkemezou@civilprotection.gr | K216: kerkemezou@yahoo.gr | L216: =_xlfn.XLOOKUP(C216,'ΥΠΑΛΛΗΛΟΙ ΓΔΑΕΦΚ'!#REF!,'ΥΠΑΛΛΗΛΟΙ ΓΔΑΕΦΚ'!#REF!,"_") -> #REF!
A217: =--SUBTOTAL(3,$B$2:B216) -> 215 | B217: ΚΕ-Δ | C217: 13582 | D217: ΚΟΥΓΙΟΥΜΤΖΗ ΑΓΓΕΛΙΚΗ | E217: ΚΟΥΓΙΟΥΜΤΖΗ ΑΓΓΕΛΙΚΗ - ΠΕ ΠΟΛ. ΜΗΧ. (ΔΑΕΦΚ-ΚΕ ΤΜΗΜΑ Δ) | F217: 061951022 | G217: 6932900686 | H217: ΠΕ ΠΟΛ. ΜΗΧ. | I217: Μηχανικός | J217: akougioumtzi@civilprotection.gr | K217: a.kougioumtzi71@hotmail.com | L217: =_xlfn.XLOOKUP(C217,'ΥΠΑΛΛΗΛΟΙ ΓΔΑΕΦΚ'!#REF!,'ΥΠΑΛΛΗΛΟΙ ΓΔΑΕΦΚ'!#REF!,"_") -> #REF!
A218: =--SUBTOTAL(3,$B$2:B217) -> 216 | B218: ΚΕ-Δ | C218: 12696 | D218: ΚΟΥΜΟΥΤΣΟΣ ΝΙΚΟΛΑΟΣ | E218: ΚΟΥΜΟΥΤΣΟΣ ΝΙΚΟΛΑΟΣ - ΠΕ ΠΟΛ. ΜΗΧ. (ΔΑΕΦΚ-ΚΕ ΤΜΗΜΑ Δ) | F218: 047253368 | G218: 6999854936 | H218: ΠΕ ΠΟΛ. ΜΗΧ. | I218: Μηχανικός | J218: nkoumoutsos@civilprotection.gr | K218: koumnick@gmail.com | L218: =_xlfn.XLOOKUP(C218,'ΥΠΑΛΛΗΛΟΙ ΓΔΑΕΦΚ'!#REF!,'ΥΠΑΛΛΗΛΟΙ ΓΔΑΕΦΚ'!#REF!,"_") -> #REF!
A219: =--SUBTOTAL(3,$B$2:B218) -> 217 | B219: ΚΕ-Δ | C219: 12312 | D219: ΚΟΥΣΗ ΒΑΣΙΛΙΚΗ | E219: ΚΟΥΣΗ ΒΑΣΙΛΙΚΗ - ΠΕ ΑΡΧ. ΜΗΧ. (ΔΑΕΦΚ-ΚΕ ΤΜΗΜΑ Δ) | F219: 046382562 | G219: 6977395456 | H219: ΠΕ ΑΡΧ. ΜΗΧ. | I219: Μηχανικός | J219: vkousi@civilprotection.gr | K219: kous-kous@hotmail.gr | L219: =_xlfn.XLOOKUP(C219,'ΥΠΑΛΛΗΛΟΙ ΓΔΑΕΦΚ'!#REF!,'ΥΠΑΛΛΗΛΟΙ ΓΔΑΕΦΚ'!#REF!,"_") -> #REF!
A220: =--SUBTOTAL(3,$B$2:B219) -> 218 | B220: ΚΕ-Δ | C220: 14162 | D220: ΚΟΥΤΣΑΝΙΤΗΣ ΣΤΕΡΓΙΟΣ | E220: ΚΟΥΤΣΑΝΙΤΗΣ ΣΤΕΡΓΙΟΣ - ΠΕ ΜΗΧΑΝΙΚΩΝ (ΔΑΕΦΚ-ΚΕ ΤΜΗΜΑ Δ) | F220: 151030529 | G220: 6979014132 | H220: ΠΕ ΜΗΧΑΝΙΚΩΝ | I220: Μηχανικός | J220: skoutsanitis@civilprotection.gr | K220: taefkaa.koutsanitis@gmail.com | L220: =_xlfn.XLOOKUP(C220,'ΥΠΑΛΛΗΛΟΙ ΓΔΑΕΦΚ'!#REF!,'ΥΠΑΛΛΗΛΟΙ ΓΔΑΕΦΚ'!#REF!,"_") -> #REF!
A221: =--SUBTOTAL(3,$B$2:B220) -> 219 | B221: ΚΕ-Δ | C221: 12390 | D221: ΚΥΡΙΑΚΑΚΗ ΦΩΤΕΙΝΗ | E221: ΚΥΡΙΑΚΑΚΗ ΦΩΤΕΙΝΗ - ΠΕ ΑΡΧ. ΜΗΧ. (ΔΑΕΦΚ-ΚΕ ΤΜΗΜΑ Δ) | F221: 044237338 | G221: 6972915741 | H221: ΠΕ ΑΡΧ. ΜΗΧ. | I221: Μηχανικός | J221: fkyriakaki@civilprotection.gr | K221: efikyriakaki@gmail.com | L221: =_xlfn.XLOOKUP(C221,'ΥΠΑΛΛΗΛΟΙ ΓΔΑΕΦΚ'!#REF!,'ΥΠΑΛΛΗΛΟΙ ΓΔΑΕΦΚ'!#REF!,"_") -> #REF!
A222: =--SUBTOTAL(3,$B$2:B221) -> 220 | B222: ΚΕ-Δ | C222: 14234 | D222: ΛΙΩΡΗΣ ΒΑΣΙΛΕΙΟΣ | E222: ΛΙΩΡΗΣ ΒΑΣΙΛΕΙΟΣ - ΠΕ ΜΗΧΑΝΙΚΩΝ (ΔΑΕΦΚ-ΚΕ ΤΜΗΜΑ Δ) | F222: 069381586 | G222: 6944546991 | H222: ΠΕ ΜΗΧΑΝΙΚΩΝ | I222: Μηχανικός | J222: vlioris@civilprotection.gr | K222: b.lioris@hotmail.com | L222: =_xlfn.XLOOKUP(C222,'ΥΠΑΛΛΗΛΟΙ ΓΔΑΕΦΚ'!#REF!,'ΥΠΑΛΛΗΛΟΙ ΓΔΑΕΦΚ'!#REF!,"_") -> #REF!
A223: =--SUBTOTAL(3,$B$2:B222) -> 221 | B223: ΚΕ-Δ | C223: 12097 | D223: ΜΑΝΗΣΑΛΗ ΓΕΝΟΒΕΦΑ | E223: ΜΑΝΗΣΑΛΗ ΓΕΝΟΒΕΦΑ - ΠΕ ΠΟΛ. ΜΗΧ. (ΔΑΕΦΚ-ΚΕ ΤΜΗΜΑ Δ) | F223: 046471940 | G223: 6972210917 | H223: ΠΕ ΠΟΛ. ΜΗΧ. | I223: Μηχανικός | J223: gmanisali@civilprotection.gr | K223: genomanisali@gmail.com | L223: =_xlfn.XLOOKUP(C223,'ΥΠΑΛΛΗΛΟΙ ΓΔΑΕΦΚ'!#REF!,'ΥΠΑΛΛΗΛΟΙ ΓΔΑΕΦΚ'!#REF!,"_") -> #REF!
... A260: =--SUBTOTAL(3,$B$2:B259) -> 258 | B260: ΧΑ | C260: 14296 | D260: ΧΑΡΑΛΑΜΠΙΔΗ ΒΑΡΒΑΡΑ | E260: ΧΑΡΑΛΑΜΠΙΔΗ ΒΑΡΒΑΡΑ - ΠΕ ΠΟΛ. ΜΗΧ. (ΤΑΕΦΚ ΧΑΝΙΩΝ) | F260: 127719277 | G260: 6977779983 | H260: ΠΕ ΠΟΛ. ΜΗΧ. | I260: Μηχανικός | J260: _ | K260: bcharalambidi@gmail.com | L260: =_xlfn.XLOOKUP(C260,'ΥΠΑΛΛΗΛΟΙ ΓΔΑΕΦΚ'!#REF!,'ΥΠΑΛΛΗΛΟΙ ΓΔΑΕΦΚ'!#REF!,"_") -> #REF!

Sheet ΥΠΑΛΛΗΛΟΙ ΓΔΑΕΦΚ
A1: surname | B1: name | C1: fathername | D1: afm | E1: klados | F1: attribute | G1: workaf | H1: monada
A2: ΑΛΕΞΟΠΟΥΛΟΥ | B2: ΝΙΚΟΛΙΤΣΑ | C2: ΔΗΜΗΤΡΙΟΣ | D2: 053487141 | E2: ΠΕ ΔΙΟΙΚ.-ΛΟΓ. | F2: Διοικητικός | G2: ΙΔΑΧ | H2: ΤΑΕΦΚ-ΑΑ
A3: ΑΝΑΓΝΩΣΤΟΥ | B3: ΜΑΡΙΑ ΙΩΑΝΝΑ | C3: ΧΡΗΣΤΟΣ | D3: 151036800 | E3: ΠΕ ΜΗΧ. ΟΙΚ. & ΔΙΟΙΚ. | F3: Διοικητικός | G3: ΙΔΟΧ | H3: ΤΑΕΦΚ-ΑΑ
A4: ΑΠΟΣΤΟΛΙΔΟΥ | B4: ΙΩΑΝΝΑ | C4: ΑΝΔΡΕΑΣ | D4: 044407577 | E4: ΠΕ ΠΟΛ. ΜΗΧ. | F4: Μηχανικός | G4: ΙΔΑΧ | H4: ΤΑΕΦΚ-ΑΑ
A5: ΒΑΜΒΑΚΙΑΝΟΣ | B5: ΑΛΕΞΑΝΔΡΟΣ | C5: ΠΑΝΤΕΛΕΗΜΩΝ | D5: 147180480 | E5: ΠΕ ΠΟΛ. ΜΗΧ. | F5: Μηχανικός | G5: ΙΔΟΧ | H5: ΤΑΕΦΚ-ΑΑ
A6: ΓΑΒΡΙΛΙΑΔΗ | B6: ΑΦΡΟΔΙΤΗ | C6: ΠΑΝΑΓΙΩΤΗΣ | D6: 076058054 | E6: ΤΕ ΠΟΛ. ΜΗΧ. | F6: Μηχανικός | G6: ΙΔΑΧ | H6: ΤΑΕΦΚ-ΑΑ
A7: ΓΕΩΡΓΟΠΟΥΛΟΥ | B7: ΜΑΡΙΑ | C7: ΣΠΥΡΙΔΩΝ | D7: 073455287 | E7: ΠΕ ΠΟΛ. ΜΗΧ. | F7: Μηχανικός | G7: ΙΔΟΧ | H7: ΤΑΕΦΚ-ΑΑ
A8: ΔΙΑΜΑΝΤΟΠΟΥΛΟΣ | B8: ΓΕΩΡΓΙΟΣ | C8: ΚΩΝΣΤΑΝΤΙΝΟΣ | D8: 147171970 | E8: ΠΕ ΑΡΧ. ΜΗΧ. | F8: Μηχανικός | G8: ΙΔΟΧ | H8: ΤΑΕΦΚ-ΑΑ
A9: ΖΑΡΑΓΚΑ | B9: ΚΑΛΛΙΟΠΗ | C9: ΘΕΜΙΣΤΟΚΛΗΣ | D9: 023695268 | E9: ΔΕ ΔΙΟΙΚ.-ΛΟΓ. | F9: Διοικητικός | G9: ΙΔΟΧ | H9: ΤΑΕΦΚ-ΑΑ
A10: ΚΟΚΚΙΝΟΣ | B10: ΗΛΙΑΣ | C10: ΒΑΣΙΛΕΙΟΣ | D10: 142738116 | E10: ΠΕ ΠΟΛ. ΜΗΧ. | F10: Μηχανικός | G10: ΙΔΟΧ | H10: ΤΑΕΦΚ-ΑΑ
A11: ΚΟΥΡΗ | B11: ΝΙΚΟΛΕΤΑ | C11: ΓΕΩΡΓΙΟΣ | D11: 124661936 | E11: ΠΕ ΑΡΧ. ΜΗΧ. | F11: Μηχανικός | G11: ΙΔΟΧ | H11: ΤΑΕΦΚ-ΑΑ
A12: ΛΑΖΑΡΟΥ | B12: ΧΑΡΑΛΑΜΠΟΣ | C12: ΑΘΑΝΑΣΙΟΣ | D12: 149952916 | E12: ΔΕ ΔΙΟΙΚ.-ΛΟΓ. | F12: Διοικητικός | G12: ΙΔΟΧ | H12: ΤΑΕΦΚ-ΑΑ
... A84: ΤΣΙΑΠΑΡΙΚΟΥ | B84: ΕΛΙΣΣΑΒΕΤ | C84: ΑΘΑΝΑΣΙΟΣ | D84: 070490837 | E84: ΠΕ ΔΙΟΙΚ.-ΟΙΚ. | F84: Διοικητικός | G84: ΙΔΟΧ | H84: ΔΑΕΦΚ-ΑΚ
A85: ΤΣΟΜΠΟΥ | B85: ΕΥΑΓΓΕΛΙΑ | C85: ΒΑΣΙΛΕΙΟΣ | D85: 156275731 | E85: ΤΕ ΔΙΟΙΚ.-ΛΟΓ. | F85: Διοικητικός | G85: ΙΔΟΧ | H85: ΔΑΕΦΚ-ΑΚ
A86: ΤΣΟΥΦΛΙΔΟΥ | B86: ΑΙΚΑΤΕΡΙΝΗ | C86: ΧΑΡΑΛΑΜΠΟΣ | D86: 124446044 | E86: ΤΕ ΠΟΛ. ΜΗΧ. | F86: Μηχανικός | G86: ΙΔΟΧ | H86: ΔΑΕΦΚ-ΑΚ
A87: ΧΑΝΟΥΜΗΣ | B87: ΔΗΜΗΤΡΙΟΣ | C87: ΚΩΝΣΤΑΝΤΙΝΟΣ | D87: 158034076 | E87: ΤΕ ΠΟΛ. ΜΗΧ. | F87: Μηχανικός | G87: ΙΔΟΧ | H87: ΔΑΕΦΚ-ΑΚ
A88: ΧΑΡΑΛΑΜΠΑΚΗ | B88: ΓΕΩΡΓΙΑ | C88: ΚΩΝΣΤΑΝΤΙΝΟΣ | D88: 147008840 | E88: ΠΕ ΑΡΧ. ΜΗΧ. | F88: Μηχανικός | G88: ΙΔΟΧ | H88: ΔΑΕΦΚ-ΑΚ
A89: ΑΝΑΓΝΩΣΤΟΥ | B89: ΑΛΕΞΑΝΔΡΟΣ | C89: ΑΘΑΝΑΣΙΟΣ | D89: 072492691 | E89: ΠΕ ΗΛ. ΜΗΧ. | F89: Μηχανικός | G89: ΙΔΑΧ | H89: ΔΑΕΦΚ-ΒΕ
A90: ΑΝΘΟΠΟΥΛΟΥ | B90: ΣΟΥΖΑΝΑ | C90: ΚΟΣΜΑΣ | D90: 038117084 | E90: ΔΕ ΔΙΟΙΚ.-ΛΟΓ. | F90: Διοικητικός | G90: ΜΟΝΙΜΟΣ | H90: ΔΑΕΦΚ-ΒΕ
A91: ΒΟΓΙΑΤΖΗΣ | B91: ΒΑΣΙΛΕΙΟΣ | C91: ΔΗΜΗΤΡΙΟΣ | D91: 116711711 | E91: ΠΕ ΜΗΧ. ΠΑΡ. | F91: Μηχανικός | G91: ΙΔΟΧ | H91: ΔΑΕΦΚ-ΒΕ
A92: ΓΕΡΟΚΩΣΤΑ | B92: ΚΩΝΣΤΑΝΤΙΑ | C92: ΠΕΤΡΟΣ | D92: 116709531 | E92: ΔΕ ΔΙΟΙΚ.-ΛΟΓ. | F92: Διοικητικός | G92: ΙΔΑΧ | H92: ΔΑΕΦΚ-ΒΕ
A93: ΓΕΩΡΓΙΑΔΗΣ | B93: ΣΤΑΥΡΟΣ | C93: ΝΙΚΗΦΟΡΟΣ | D93: 126771070 | E93: ΠΕ ΔΙΟΙΚ.-ΟΙΚ. | F93: Διοικητικός | G93: ΙΔΟΧ | H93: ΔΑΕΦΚ-ΒΕ
A94: ΓΙΑΝΝΟΥΛΗ | B94: ΒΙΚΤΩΡΙΑ | C94: ΔΗΜΗΤΡΙΟΣ | D94: 159530499 | E94: ΠΕ ΠΟΛ. ΜΗΧ. | F94: Μηχανικός | G94: ΙΔΟΧ | H94: ΔΑΕΦΚ-ΒΕ
A95: ΓΚΑΦΑΡΙΔΟΥ | B95: ΜΑΡΙΑ | C95: ΔΗΜΗΤΡΙΟΣ | D95: 046016408 | E95: ΠΕ ΑΓΡ.-ΤΟΠ. ΜΗΧ. | F95: Μηχανικός | G95: ΙΔΑΧ | H95: ΔΑΕΦΚ-ΒΕ
A96: ΓΚΟΡΠΑ | B96: ΜΑΓΙΟΥΛΑ | C96: ΠΑΝΑΓΙΩΤΗΣ | D96: 062758281 | E96: ΠΕ ΠΕΡΙΒ/ΝΤΟΣ | F96: Διοικητικός | G96: ΙΔΑΧ | H96: ΔΑΕΦΚ-ΒΕ
A97: ΓΚΟΥΝΤΑΚΟΣ | B97: ΓΕΩΡΓΙΟΣ | C97: ΧΡΗΣΤΟΣ | D97: 133884226 | E97: ΠΕ ΠΟΛ. ΜΗΧ. | F97: Μηχανικός | G97: ΙΔΟΧ | H97: ΔΑΕΦΚ-ΒΕ
A98: ΓΚΟΥΝΤΡΟΜΙΧΟΣ | B98: ΙΩΑΝΝΗΣ | C98: ΑΘΑΝΑΣΙΟΣ | D98: 043451241 | E98: ΠΕ ΠΟΛ. ΜΗΧ. | F98: Μηχανικός | G98: ΙΔΑΧ | H98: ΔΑΕΦΚ-ΒΕ
A99: ΓΟΥΛΙΑΣ | B99: ΓΕΩΡΓΙΟΣ | C99: ΑΛΕΞΑΝΔΡΟΣ | D99: 050626176 | E99: ΠΕ ΠΟΛ. ΜΗΧ. | F99: Μηχανικός | G99: ΙΔΟΧ | H99: ΔΑΕΦΚ-ΒΕ
A100: ΔΑΛΑΡΗΣ | B100: ΑΝΑΡΓΥΡΟΣ | C100: ΗΛΙΑΣ | D100: 046190331 | E100: ΠΕ ΠΟΛ. ΜΗΧ. | F100: Μηχανικός | G100: ΙΔΑΧ | H100: ΔΑΕΦΚ-ΒΕ
... A117: ΜΙΣΑΗΛΙΔΟΥ | B117: ΔΕΣΠΟΙΝΑ | C117: ΓΕΩΡΓΙΟΣ | D117: 133510093 | E117: ΤΕ ΠΟΛ. ΜΗΧ. | F117: Μηχανικός | G117: ΙΔΟΧ | H117: ΔΑΕΦΚ-ΒΕ
A118: ΜΠΑΚΑ | B118: ΜΑΡΙΑ | D118: 101278023 | E118: ΠΕ ΑΓΡ.-ΤΟΠ. ΜΗΧ. | F118: Μηχανικός | G118: ΜΟΝΙΜΟΣ | H118: ΔΑΕΦΚ-ΒΕ
A119: ΜΠΑΚΑΛΟΥΔΗ | B119: ΘΕΟΔΩΡΑ | C119: ΑΘΑΝΑΣΙΟΣ | D119: 037424338 | E119: ΠΕ ΔΙΟΙΚ.-ΟΙΚ. | F119: Διοικητικός | G119: ΙΔΟΧ | H119: ΔΑΕΦΚ-ΒΕ
A120: ΜΠΑΛΑΣΑΣ | B120: ΑΝΤΩΝΙΟΣ | C120: ΔΗΜΗΤΡΙΟΣ | D120: 059701068 | E120: ΠΕ ΔΙΟΙΚ.-ΟΙΚ. | F120: Διοικητικός | G120: ΙΔΑΧ | H120: ΔΑΕΦΚ-ΒΕ
A121: ΜΠΙΣΜΠΑ | B121: ΑΦΡΟΔΙΤΗ | C121: ΧΡΗΣΤΟΣ | D121: 146603145 | E121: ΠΕ ΠΟΛ. ΜΗΧ. | F121: Μηχανικός | G121: ΙΔΟΧ | H121: ΔΑΕΦΚ-ΒΕ
A122: ΠΑΙΔΑΡΑΚΗ | B122: ΓΡΑΜΜΑΤΟΥΛΑ | C122: ΣΤΑΥΡΟΣ | D122: 044549346 | E122: ΤΕ ΠΟΛ. ΜΗΧ. | F122: Μηχανικός | G122: ΙΔΟΧ | H122: ΔΑΕΦΚ-ΒΕ
A123: ΠΑΛΑΙΟΧΩΡΙΝΟΥ | B123: ΑΝΑΣΤΑΣΙΑ | C123: ΦΩΤΙΟΣ | D123: 140806110 | E123: ΠΕ ΠΟΛ. ΜΗΧ. | F123: Μηχανικός | G123: ΙΔΟΧ | H123: ΔΑΕΦΚ-ΒΕ
A124: ΠΑΠΑΒΑΣΙΛΕΙΟΥ | B124: ΟΛΓΑ | C124: ΧΡΗΣΤΟΣ | D124: 047083130 | E124: ΠΕ ΠΟΛ. ΜΗΧ. | F124: Μηχανικός | G124: ΙΔΑΧ | H124: ΔΑΕΦΚ-ΒΕ
A125: ΠΑΠΑΔΟΠΟΥΛΟΣ | B125: ΚΛΗΜΗΣ | C125: ΚΟΣΜΑΣ | D125: 036193915 | E125: ΠΕ ΠΟΛ. ΜΗΧ. | F125: Μηχανικός | G125: ΙΔΑΧ | H125: ΔΑΕΦΚ-ΒΕ
A126: ΠΕΤΑΛΩΤΗΣ | B126: ΔΗΜΗΤΡΙΟΣ | C126: ΠΑΣΧΑΛΗΣ | D126: 113799262 | E126: ΤΕ ΠΟΛ. ΜΗΧ. | F126: Μηχανικός | G126: ΙΔΟΧ | H126: ΔΑΕΦΚ-ΒΕ
A127: ΠΕΧΛΙΒΑΝΟΥ | B127: ΑΙΚΑΤΕΡΙΝΗ | C127: ΔΗΜΗΤΡΙΟΣ | D127: 049001369 | E127: ΠΕ ΠΟΛ. ΜΗΧ. | F127: Μηχανικός | G127: ΜΟΝΙΜΟΣ | H127: ΔΑΕΦΚ-ΒΕ
A128: ΣΑΚΚΑΣ | B128: ΑΘΑΝΑΣΙΟΣ | C128: ΚΩΝΣΤΑΝΤΙΝΟΣ | D128: 100908248 | E128: ΠΕ ΠΟΛ. ΜΗΧ. | F128: Μηχανικός | G128: ΙΔΟΧ | H128: ΔΑΕΦΚ-ΒΕ
A129: ΣΙΑΜΟΣ | B129: ΑΝΤΩΝΙΟΣ | C129: ΘΕΟΔΩΡΟΣ | D129: 165411743 | E129: ΠΕ ΔΙΟΙΚ.-ΟΙΚ. | F129: Διοικητικός | G129: ΙΔΟΧ | H129: ΔΑΕΦΚ-ΒΕ
A130: ΣΙΜΗΤΑΣ | B130: ΔΗΜΗΤΡΙΟΣ | C130: ΣΥΜΕΩΝ | D130: 165388409 | E130: ΔΕ ΔΙΟΙΚ.-ΛΟΓ. | F130: Διοικητικός | G130: ΙΔΟΧ | H130: ΔΑΕΦΚ-ΒΕ
... A188: ΤΣΙΜΑΡΑ | B188: ΕΥΑΓΓΕΛΙΑ | C188: ΑΘΑΝΑΣΙΟΣ | D188: 055847668 | E188: ΠΕ ΠΟΛ. ΜΗΧ. | F188: Μηχανικός | G188: ΙΔΑΧ | H188: ΔΑΕΦΚ-ΔΕ
A189: ΑΛΕΒΥΖΑΚΗ | B189: ΣΟΦΙΑ | D189: 079813856 | E189: ΤΕ ΠΟΛ. ΜΗΧ. | F189: Μηχανικός | G189: ΙΔΟΧ | H189: ΤΑΕΦΚ ΗΡΑΚΛΕΙΟΥ
A190: ΑΛΕΚΟΣ | B190: ΓΕΩΡΓΙΟΣ | C190: ΛΑΜΠΡΟΣ | D190: 127909872 | E190: ΠΕ ΜΗΧ. ΠΕΡΙΒΑΛ. | F190: Μηχανικός | G190: ΙΔΟΧ | H190: ΤΑΕΦΚ ΗΡΑΚΛΕΙΟΥ
A191: ΑΝΔΡΟΥΛΑΚΗΣ | B191: ΕΜΜΑΝΟΥΗΛ | C191: ΙΩΑΝΝΗΣ | D191: 053705310 | E191: ΠΕ ΠΟΛ. ΜΗΧ. | F191: Μηχανικός | G191: ΙΔΟΧ | H191: ΤΑΕΦΚ ΗΡΑΚΛΕΙΟΥ
A192: ΑΠΟΣΤΟΛΑΚΗ | B192: ΜΑΡΙΑ | C192: ΔΗΜΗΤΡΙΟΣ | D192: 132984356 | E192: ΤΕ ΠΟΛ. ΜΗΧ. | F192: Μηχανικός | G192: ΙΔΟΧ | H192: ΤΑΕΦΚ ΗΡΑΚΛΕΙΟΥ
A193: ΒΑΣΙΛΑΚΗΣ | B193: ΓΕΩΡΓΙΟΣ | C193: ΔΗΜΗΤΡΙΟΣ | D193: 057292795 | E193: ΠΕ ΠΟΛ. ΜΗΧ. | F193: Μηχανικός | G193: ΙΔΟΧ | H193: ΤΑΕΦΚ ΗΡΑΚΛΕΙΟΥ
A194: ΒΕΡΥΚΟΚΙΔΗΣ | B194: ΗΛΙΑΣ | C194: ΒΑΣΙΛΕΙΟΣ | D194: 155398561 | E194: ΠΕ ΔΙΟΙΚ.-ΟΙΚ. | F194: Διοικητικός | G194: ΙΔΟΧ | H194: ΤΑΕΦΚ ΗΡΑΚΛΕΙΟΥ
A195: ΒΟΥΡΕΞΑΚΗ | B195: ΘΕΟΔΩΡΑ | C195: ΓΕΩΡΓΙΟΣ | D195: 103801021 | E195: ΔΕ ΔΙΟΙΚ.-ΛΟΓ. | F195: Διοικητικός | G195: ΙΔΟΧ | H195: ΤΑΕΦΚ ΗΡΑΚΛΕΙΟΥ
A196: ΓΚΟΛΕΜΗ | B196: ΚΩΝΣΤΑΝΤΙΝΑ | D196: 144304844 | E196: ΠΕ ΑΡΧ. ΜΗΧ. | F196: Μηχανικός | G196: ΙΔΟΧ | H196: ΤΑΕΦΚ ΗΡΑΚΛΕΙΟΥ
A197: ΓΟΛΟΒΑΝΗΣ | B197: ΜΙΧΑΗΛ | D197: 119662582 | E197: ΠΕ ΠΟΛ. ΜΗΧ. | F197: Μηχανικός | G197: ΙΔΟΧ | H197: ΤΑΕΦΚ ΗΡΑΚΛΕΙΟΥ
A198: ΔΑΣΚΑΛΟΓΙΑΝΝΑΚΗ | B198: ΞΑΝΘΙΠΠΗ | C198: ΝΙΚΗΤΑΣ | D198: 150425019 | E198: ΤΕ ΔΙΟΙΚ.-ΛΟΓ. | F198: Διοικητικός | G198: ΙΔΟΧ | H198: ΤΑΕΦΚ ΗΡΑΚΛΕΙΟΥ
A199: ΕΜΜΑΝΟΥΗΛΙΔΟΥ | B199: ΕΥΓΕΝΙΑ | D199: 044903364 | E199: ΠΕ ΠΟΛ. ΜΗΧ. | F199: Μηχανικός | G199: ΙΔΟΧ | H199: ΤΑΕΦΚ ΗΡΑΚΛΕΙΟΥ
A200: ΚΑΛΑΜΠΑΛΙΚΗΣ | B200: ΒΑΣΙΛΕΙΟΣ | D200: 118947368 | E200: ΠΕ ΠΟΛ. ΜΗΧ. | F200: Μηχανικός | G200: ΙΔΟΧ | H200: ΤΑΕΦΚ ΗΡΑΚΛΕΙΟΥ
A201: ΚΑΛΗΣΠΕΡΑΚΗΣ | B201: ΓΕΩΡΓΙΟΣ | D201: 128329236 | E201: ΠΕ ΠΟΛ. ΜΗΧ. | F201: Μηχανικός | G201: ΙΔΟΧ | H201: ΤΑΕΦΚ ΗΡΑΚΛΕΙΟΥ
A202: ΚΑΜΠΟΛΗ | B202: ΦΩΤΕΙΝΗ | C202: ΚΩΝΣΤΑΝΤΙΝΟΣ | D202: 105561551 | E202: ΤΕ ΠΟΛ. ΜΗΧ. | F202: Μηχανικός | G202: ΙΔΟΧ | H202: ΤΑΕΦΚ ΗΡΑΚΛΕΙΟΥ
A203: ΛΙΑΠΑΚΗ | B203: ΕΥΘΑΛΙΑ | C203: ΓΕΩΡΓΙΟΣ | D203: 063165971 | E203: ΠΕ ΑΡΧ. ΜΗΧ. | F203: Μηχανικός | G203: ΙΔΟΧ | H203: ΤΑΕΦΚ ΗΡΑΚΛΕΙΟΥ
A204: ΛΥΡΑΚΗ | B204: ΑΘΑΝΑΣΙΑ | C204: ΙΩΑΝΝΗΣ | D204: 132998348 | E204: ΠΕ ΠΟΛ. ΜΗΧ. | F204: Μηχανικός | G204: ΙΔΟΧ | H204: ΤΑΕΦΚ ΗΡΑΚΛΕΙΟΥ
A205: ΜΑΓΚΟΥΣΑΚΗ | B205: ΑΝΝΑ | C205: ΔΗΜΗΤΡΙΟΣ | D205: 054261924 | E205: ΔΕ ΔΙΟΙΚ.-ΛΟΓ. | F205: Διοικητικός | G205: ΙΔΟΧ | H205: ΤΑΕΦΚ ΗΡΑΚΛΕΙΟΥ
A206: ΜΑΓΟΥΛΑΚΗ | B206: ΑΝΝΑ | C206: ΓΕΩΡΓΙΟΣ | D206: 110316287 | E206: ΠΕ ΔΙΟΙΚ.-ΟΙΚ. | F206: Διοικητικός | G206: ΙΔΟΧ | H206: ΤΑΕΦΚ ΗΡΑΚΛΕΙΟΥ
A207: ΜΑΡΗ | B207: ΑΘΗΝΑ | D207: 141354031 | E207: ΤΕ ΠΟΛ. ΜΗΧ. | F207: Μηχανικός | G207: ΙΔΟΧ | H207: ΤΑΕΦΚ ΗΡΑΚΛΕΙΟΥ
A208: ΜΑΥΡΙΔΗΣ | B208: ΒΑΣΙΛΕΙΟΣ | C208: ΚΩΝΣΤΑΝΤΙΝΟΣ | D208: 114276910 | E208: ΠΕ ΜΗΧ. ΔΟΜΟΣΤ. | F208: Μηχανικός | G208: ΙΔΟΧ | H208: ΤΑΕΦΚ ΗΡΑΚΛΕΙΟΥ
A209: ΜΕΣΑΡΙΤΑΚΗ | B209: ΑΙΚΑΤΕΡΙΝΗ | C209: ΝΙΚΟΛΑΟΣ | D209: 076445171 | E209: ΠΕ ΑΡΧ. ΜΗΧ. | F209: Μηχανικός | G209: ΙΔΟΧ | H209: ΤΑΕΦΚ ΗΡΑΚΛΕΙΟΥ
A210: ΜΟΥΛΑΚΑΚΗ | B210: ΣΟΦΙΑ | D210: 128343046 | E210: ΤΕ ΠΟΛ. ΜΗΧ. | F210: Μηχανικός | G210: ΙΔΟΧ | H210: ΤΑΕΦΚ ΗΡΑΚΛΕΙΟΥ
A211: ΝΤΕΛΑΚΗ | B211: ΚΑΛΛΙΟΠΗ | C211: ΔΗΜΗΤΡΙΟΣ | D211: 137245917 | E211: ΤΕ ΔΙΟΙΚ.-ΛΟΓ. | F211: Διοικητικός | G211: ΙΔΟΧ | H211: ΤΑΕΦΚ ΗΡΑΚΛΕΙΟΥ
A212: ΞΥΛΟΥΡΗ | B212: ΕΥΑΓΓΕΛΙΑ | C212: ΑΠΟΣΤΟΛΟΣ | D212: 155019577 | E212: ΤΕ ΠΟΛ. ΜΗΧ. | F212: Μηχανικός | G212: ΙΔΟΧ | H212: ΤΑΕΦΚ ΗΡΑΚΛΕΙΟΥ
A213: ΟΙΚΟΝΟΜΟΥ | B213: ΑΛΕΞΑΝΔΡΟΣ | C213: ΑΝΔΡΕΑΣ ΝΙΚΟΛΑΟ | D213: 166901613 | E213: ΠΕ ΔΙΟΙΚ.-ΟΙΚ. | F213: Διοικητικός | G213: ΙΔΟΧ | H213: ΤΑΕΦΚ ΗΡΑΚΛΕΙΟΥ
A214: ΠΑΓΩΜΕΝΟΣ | B214: ΓΕΩΡΓΙΟΣ | D214: 119677349 | E214: ΠΕ ΠΟΛ. ΜΗΧ. | F214: Μηχανικός | G214: ΙΔΟΧ | H214: ΤΑΕΦΚ ΗΡΑΚΛΕΙΟΥ
A215: ΠΑΠΑΔΗΜΗΤΡΙΟΥ | B215: ΚΩΝΣΤΑΝΤΙΝΟΣ | D215: 146249047 | E215: ΠΕ ΠΟΛ. ΜΗΧ. | F215: Μηχανικός | G215: ΙΔΟΧ | H215: ΤΑΕΦΚ ΗΡΑΚΛΕΙΟΥ
A216: ΡΕΜΠΟΥΛΑΚΗ | B216: ΖΑΜΠΙΑ | C216: ΑΝΔΡΕΑΣ | D216: 122984650 | E216: ΔΕ ΔΙΟΙΚ.-ΛΟΓ. | F216: Διοικητικός | G216: ΙΔΟΧ | H216: ΤΑΕΦΚ ΗΡΑΚΛΕΙΟΥ
A217: ΡΟΓΔΑΚΗΣ | B217: ΧΑΡΑΛΑΜΠΟΣ | C217: ΚΩΝΣΤΑΝΤΙΝΟΣ | D217: 159219566 | E217: ΠΕ ΜΗΧ. ΜΗΧ. | F217: Μηχανικός | G217: ΙΔΟΧ | H217: ΤΑΕΦΚ ΗΡΑΚΛΕΙΟΥ
A218: ΣΑΛΟΥΣΤΡΟΥ | B218: ΕΛΕΝΗ | C218: ΓΕΩΡΓΙΟΣ | D218: 073267368 | E218: ΔΕ ΔΙΟΙΚ.-ΛΟΓ. | F218: Διοικητικός | G218: ΙΔΟΧ | H218: ΤΑΕΦΚ ΗΡΑΚΛΕΙΟΥ
A219: ΣΤΑΜΑΤΑΚΗ | B219: ΚΑΔΙΑΝΗ | C219: ΜΑΝΟΥΣΟΣ | D219: 103659614 | E219: ΠΕ ΔΙΟΙΚ.-ΟΙΚ. | F219: Διοικητικός | G219: ΙΔΟΧ | H219: ΤΑΕΦΚ ΗΡΑΚΛΕΙΟΥ
A220: ΤΑΜΙΩΛΑΚΗΣ | B220: ΓΕΩΡΓΙΟΣ ΠΑΝΤΕΛΗΣ | C220: ΜΙΧΑΗΛ | D220: 146227971 | E220: ΠΕ ΠΟΛ. ΜΗΧ. | F220: Μηχανικός | G220: ΙΔΟΧ | H220: ΤΑΕΦΚ ΗΡΑΚΛΕΙΟΥ
A221: ΤΣΙΚΡΙΤΣΑΚΗΣ | B221: ΒΑΣΙΛΕΙΟΣ | C221: ΙΩΑΝΝΗΣ | D221: 137214547 | E221: ΤΕ ΠΟΛ. ΜΗΧ. | F221: Μηχανικός | G221: ΙΔΟΧ | H221: ΤΑΕΦΚ ΗΡΑΚΛΕΙΟΥ
A222: ΦΡΑΓΚΙΑΔΑΚΗΣ | B222: ΔΗΜΗΤΡΙΟΣ | C222: ΕΜΜΑΝΟΥΗΛ | D222: 063132061 | E222: ΠΕ ΠΟΛ. ΜΗΧ. | F222: Μηχανικός | G222: ΙΔΟΧ | H222: ΤΑΕΦΚ ΗΡΑΚΛΕΙΟΥ
A223: ΑΝΤΩΝΙΟΥ | B223: ΠΑΡΑΣΚΕΥΗ | E223: ΠΕ ΠΟΛ. ΜΗΧ. | F223: Μηχανικός | G223: ΙΔΟΧ | H223: ΤΑΕΦΚ ΘΕΣΣΑΛΙΑΣ
A224: ΚΑΖΑΚΗ | B224: ΣΟΦΙΑ | E224: ΠΕ ΠΟΛ. ΜΗΧ. | F224: Μηχανικός | G224: ΙΔΟΧ | H224: ΤΑΕΦΚ ΘΕΣΣΑΛΙΑΣ
A225: ΚΑΝΤΟΛΑ | B225: ΜΑΡΙΑ-ΕΛΕΝΗ | E225: ΠΕ ΔΙΟΙΚ.-ΟΙΚ. | F225: Διοικητικός | G225: ΙΔΟΧ | H225: ΤΑΕΦΚ ΘΕΣΣΑΛΙΑΣ
A226: ΚΕΚΙΑ | B226: ΑΝΝΑ | E226: ΠΕ ΠΟΛ. ΜΗΧ. | F226: Μηχανικός | G226: ΙΔΟΧ | H226: ΤΑΕΦΚ ΘΕΣΣΑΛΙΑΣ
A227: ΛΕΠΙΔΑ | B227: ΕΥΑΓΓΕΛΙΑ | E227: ΔΕ ΔΙΟΙΚ.-ΛΟΓ. | F227: Διοικητικός | G227: ΙΔΟΧ | H227: ΤΑΕΦΚ ΘΕΣΣΑΛΙΑΣ
A228: ΜΑΡΑΒΕΓΙΑΣ | B228: ΣΤΥΛΙΑΝΟΣ | E228: ΠΕ ΠΟΛ. ΜΗΧ. | F228: Μηχανικός | G228: ΙΔΟΧ | H228: ΤΑΕΦΚ ΘΕΣΣΑΛΙΑΣ
A229: ΠΑΧΗ | B229: ΑΙΚΑΤΕΡΙΝΗ | E229: ΠΕ ΠΟΛ. ΜΗΧ. | F229: Μηχανικός | G229: ΙΔΟΧ | H229: ΤΑΕΦΚ ΘΕΣΣΑΛΙΑΣ
A230: ΤΑΣΣΟΠΟΥΛΟΥ | B230: ΝΙΚΗ | E230: ΠΕ ΔΙΟΙΚ.-ΟΙΚ. | F230: Διοικητικός | G230: ΙΔΟΧ | H230: ΤΑΕΦΚ ΘΕΣΣΑΛΙΑΣ
A231: ΑΘΑΝΑΗΛΙΔΟΥ | B231: ΑΔΑΜΑΝΤΙΑ | E231: ΠΕ ΠΟΛ. ΜΗΧ. | F231: Μηχανικός | G231: ΙΔΟΧ | H231: ΤΑΕΦΚ ΘΕΣΣΑΛΙΑΣ
A232: ΚΑΡΑΚΩΣΤΑΣ | B232: ΒΑΣΙΛΕΙΟΣ | E232: ΔΕ ΔΙΟΙΚ.-ΛΟΓ. | F232: Διοικητικός | G232: ΙΔΟΧ | H232: ΤΑΕΦΚ ΘΕΣΣΑΛΙΑΣ
A233: ΚΛΗΣΙΑΡΧΗ | B233: ΕΛΕΝΗ | E233: ΔΕ ΔΙΟΙΚ.-ΛΟΓ. | F233: Διοικητικός | G233: ΙΔΟΧ | H233: ΤΑΕΦΚ ΘΕΣΣΑΛΙΑΣ
A234: ΚΟΥΠΠΗ | B234: ΑΝΤΩΝΙΑ | E234: ΠΕ ΠΟΛ. ΜΗΧ. | F234: Μηχανικός | G234: ΙΔΟΧ | H234: ΤΑΕΦΚ ΘΕΣΣΑΛΙΑΣ
... A267: ΧΑΝΤΖΙΑΡΑΣ | B267: ΑΘΑΝΑΣΙΟΣ | E267: ΠΕ ΑΡΧ. ΜΗΧ. | F267: Μηχανικός | G267: ΙΔΟΧ | H267: ΤΑΕΦΚ ΘΕΣΣΑΛΙΑΣ
A268: ΑΓΑΔΑΚΟΥ | B268: ΑΛΚΜΗΝΗ | C268: ΠΑΝΑΓΙΩΤΗΣ | D268: 139811442 | E268: ΠΕ ΠΟΛ. ΜΗΧ. | F268: Μηχανικός | G268: ΙΔΟΧ | H268: ΔΑΕΦΚ-ΚΕ
A269: ΑΘΑΝΑΣΟΥΛΙΑ | B269: ΑΝΔΡΙΑΝΗ | C269: ΚΩΝΣΤΑΝΤΙΝΟΣ | D269: 066094150 | E269: ΠΕ ΔΙΟΙΚ.-ΟΙΚ. | F269: Διοικητικός | G269: ΙΔΑΧ | H269: ΔΑΕΦΚ-ΚΕ
A270: ΓΚΟΤΣΗΣ | B270: ΠΑΝΑΓΙΩΤΗΣ | C270: ΝΙΚΟΛΑΟΣ | D270: 134288543 | E270: ΠΕ ΠΛΗΡΟΦΟΡΙΚΗΣ | F270: Διοικητικός | G270: ΙΔΑΧ | H270: ΔΑΕΦΚ-ΚΕ
A271: ΔΑΣΚΑΛΑΚΗ | B271: ΓΕΩΡΓΙΑ | C271: ΓΕΩΡΓΙΟΣ | D271: 062606181 | E271: ΠΕ ΠΟΛ. ΜΗΧ. | F271: Μηχανικός | G271: ΙΔΟΧ | H271: ΔΑΕΦΚ-ΚΕ
A272: ΔΗΜΟΠΟΥΛΟΥ | B272: ΑΝΝΑ | C272: ΝΙΚΟΛΑΟΣ | D272: 133233398 | E272: ΠΕ ΠΟΛ. ΜΗΧ. | F272: Μηχανικός | G272: ΙΔΟΧ | H272: ΔΑΕΦΚ-ΚΕ
A273: ΔΟΥΣΚΑΡΗ | B273: ΕΙΡΗΝΗ | C273: ΣΤΑΜΑΤΙΟΣ | D273: 045324616 | E273: ΤΕ ΔΙΟΙΚ.-ΛΟΓ. | F273: Διοικητικός | G273: ΜΟΝΙΜΟΣ | H273: ΔΑΕΦΚ-ΚΕ
A274: ΚΑΡΑΛΗ | B274: ΜΑΓΔΑΛΗΝΗ | C274: ΑΝΑΣΤΑΣΙΟΣ | D274: 132615030 | E274: ΠΕ ΔΙΟΙΚ.-ΛΟΓ. | F274: Διοικητικός | G274: ΙΔΑΧ | H274: ΔΑΕΦΚ-ΚΕ
A275: ΚΑΦΙΡΗ | B275: ΜΑΡΙΑ ΣΑΠΦΩ | C275: ΑΘΑΝΑΣΙΟΣ | D275: 067770129 | E275: ΠΕ ΝΟΜΙΚΩΝ | F275: Διοικητικός | G275: ΙΔΑΧ | H275: ΔΑΕΦΚ-ΚΕ
A276: ΛΑΓΟΥ | B276: ΖΗΝΟΒΙΑ | C276: ΝΙΚΟΛΑΟΣ | D276: 036685215 | E276: ΠΕ ΔΙΟΙΚ.-ΟΙΚ. | F276: Διοικητικός | G276: ΙΔΟΧ | H276: ΔΑΕΦΚ-ΚΕ
...

Sheet Sheet1
B2: α/α | C2: ΟΝΟΜΑΤΕΠΩΝΥΜΟ | D2: ΤΗΛΕΦΩΝΟ | E2: υπηρεσιακό Email | F2: ΣΧΕΣΗ ΕΡΓΑΣΙΑΣ
B3: 1 | C3: ΖΟΥΓΡΗΣ ΔΗΜΗΤΡΙΟΣ | D3: 6984118511 | E3: dzougris@civilprotection.gr | F3: ΙΔΟΧ
B4: 2 | C4: ΚΑΡΑΒΙΑΣ ΔΗΜΗΤΡΙΟΣ | D4: 6972386367 | E4: dkaravias@civilprotection.gr | F4: ΙΔΟΧ
B5: 3 | C5: ΚΑΤΩΓΙΑΝΝΑΚΗ ΣΟΦΙΑ | D5: 6978307239 | E5: skatogiannaki@civilprotection.gr | F5: ΙΔΟΧ
B6: 4 | C6: ΠΑΡΔΑΛΗ ΑΝΑΣΤΑΣΙΑ | D6: 6983652275 | E6: apardali@civilprotection.gr | F6: ΙΔΟΧ
B7: 5 | C7: ΣΠΑΝΟΥΔΗ ΜΑΡΙΑ | D7: 6948254859 | E7: mspanoudi@civilprotection.gr | F7: ΙΔΑΧ
B8: 1 | C8: ΑΗΔΟΝΗ ΕΛΕΝΗ | D8: 6934671271 | E8: e.aidoni@civilprotection.gr | F8: ΙΔΟΧ
B9: 2 | C9: ΚΑΡΑΓΙΑΝΝΗΣ ΦΩΤΙΟΣ | D9: 6932438715 | E9: fkaragiannis@civilprotection.gr | F9: ΙΔΑΧ
B10: 3 | C10: ΚΑΤΣΙΩΛΗ ΜΑΡΙΑ | D10: 6937084222 | E10: mkatsioli@civilprotection.gr | F10: ΙΔΑΧ
B11: 4 | C11: ΝΤΑΛΑΠΕΡΑΣ ΓΕΩΡΓΙΟΣ | D11: 6981800426 | E11: gntalaperas@civilprotection.gr | F11: ΙΔΟΧ
B12: 5 | C12: ΣΑΡΛΑΣ ΜΑΡΙΝΟΣ | D12: 6973806827 | E12: msarlas@civilprotection.gr | F12: ΙΔΟΧ

Sheet ΑΠΟΧΩΡΗΣΑΝΤΕΣ
C1: Γ.Δ.Α.Ε.Φ.Κ. - ΚΑΤΑΛΟΓΟΣ ΥΠΑΛΛΗΛΩΝ ΠΟΥ ΔΕΝ ΕΊΝΑΙ ΣΤΗΝ ΥΠΗΡΕΣΙΑ
A2: α/α | B2: UNIQUE | C2: ΤΟΜΕΑΣ | D2: Α.Μ. | E2: ΕΠΩΝΥΜΟ | F2: ΟΝΟΜΑ | G2: ΠΑΤΡΩΝΥΜΟ | H2: ΟΝΟΜΑΤΕΠΩΝΥΜΟ | I2: μηχανικοι | J2: Α.Φ.Μ. | K2: ΕΣΩΤΕΡΙΚΟ ΤΗΛΕΦΩΝΟ | L2: ΤΗΛΕΦΩΝΟ ΥΠΗΡΕΣΙΑΣ | M2: ΤΗΛΕΦΩΝΟ ΟΙΚΙΑΣ | N2: ΚΙΝΗΤΟ ΤΗΛΕΦΩΝΟ | O2: ΚΛΑΔΟΣ/ΕΙΔΙΚΟΤΗΤΑ | P2: [Μ]/[Δ] | Q2: Μηχανικός /Διοικητικός | R2: ΣΧΕΣΗ ΕΡΓΑΣΙΑΣ | S2: υπηρεσιακό Email | T2: προσωπικό Email | U2: ΥΠΗΡΕΣΙΑ/ΤΜΗΜΑ | V2: ΔΙΑΘΕΣΗ ΚΑΙ ΠΑΡΑΛΛΗΛΑ ΚΑΘΗΚΟΝΤΑ ΣΕ ΑΛΛΗ ΥΠΗΡΕΣΙΑ | W2: ΥΠΗΡΕΤΕΙ ΤΩΡΑ | X2: ΚΛΙΜΑΚΙΟ | Y2: ΗΜΕΡΟΜΗΝΙΑ, ΤΕΛΕΥΤΑΙΑΣ, ΑΛΛΑΓΗΣ | Z2: ΑΠΟΦΑΣΕΙΣ, ΚΛΙΜΑΚΙΩΝ | AA2: ΗΜΕΡΟΜΗΝΙΑ, ΕΠΟΜΕΝΗΣ, ΑΛΛΑΓΗΣ | AB2: ΑΠΟΦΑΣΕΙΣ ΠΑΡΑΤΗΡΗΣΕΙΣ | AC2: Α.Μ. | AD2: UNIQUE
A3: =--SUBTOTAL(3,$B$2:B2) -> 1 | B3: 1044 | C3: ΚΕ-Δ | D3: 14201 | E3: ΑΛΕΒΙΖΟΠΟΥΛΟΥ | F3: ΟΛΓΑ | G3: ΒΑΣΙΛΕΙΟΣ | H3: =TRIM($E3)&" "&TRIM($F3) -> ΑΛΕΒΙΖΟΠΟΥΛΟΥ ΟΛΓΑ | I3: =TRIM($H3)&" - "&TRIM($O3)&" ("&TRIM(C3)&")" -> ΑΛΕΒΙΖΟΠΟΥΛΟΥ ΟΛΓΑ - ΤΕ ΜΗΧΑΝΙΚΩΝ (ΚΕ-Δ) | J3: 154885734 | K3: 08:00 - 16:00 | L3: 2294440030 | M3: 2102464843 | N3: 6972406536 | O3: ΤΕ ΜΗΧΑΝΙΚΩΝ | P3: Μ | Q3: Μηχανικός | R3: ΙΔΟΧ | S3: oalevizopoulou@civilprotection.gr | T3: taefkaa.alevizopoulou@gmail.com | U3: ΤΑΕΦΚ ΑΑ | V3: ΕΥΔΕ ΚΣΕΣΠ | W3: ΔΑΕΦΚ-ΚΕ ΤΜΗΜΑ Δ | X3: 3 | AA3: 45561 | AC3: 12421 | AD3: 1060
A4: =--SUBTOTAL(3,$B$2:B3) -> 2 | B4: 1429 | C4: ΆΛΛΟ | D4: 14263 | E4: ΑΛΕΞΟΠΟΥΛΟΣ | F4: ΔΙΟΝΥΣΙΟΣ | G4: ΑΘΑΝΑΣΙΟΣ | H4: =TRIM($E4)&" "&TRIM($F4) -> ΑΛΕΞΟΠΟΥΛΟΣ ΔΙΟΝΥΣΙΟΣ | I4: =TRIM($H4)&" - "&TRIM($O4)&" ("&TRIM(W4)&")" -> ΑΛΕΞΟΠΟΥΛΟΣ ΔΙΟΝΥΣΙΟΣ - ΤΕ ΜΗΧΑΝΙΚΩΝ (ΠΑΡΑΙΤΗΘΗΚΕ) | M4: _ | N4: 6973414947 | O4: ΤΕ ΜΗΧΑΝΙΚΩΝ | P4: =LEFT(Q4,1) -> Μ | Q4: Μηχανικός | R4: ΙΔΟΧ | S4: _ | T4: _ | U4: ΓΔΑΕΦΚ | V4: Δ20-ΔΙΕΥΘΥΝΣΗ ΛΙΜΕΝΙΚΩΝ ΥΠΟΔΟΜΩΝ | W4: ΠΑΡΑΙΤΗΘΗΚΕ | X4: 0 | AB4: ΕΧΕΙ ΠΑΡΑΙΤΗΘΕΙ ΕΊΝΑΙ ΣΤΗ ΔΙΑΠΙΣΤΩΤΙΚΗ, ΑΛΛΑ ΌΧΙ ΣΤΟ EXCEL ΤΗΣ ΓΔΑΕΦΚ - ΠΡΟΣΛΗΨΗ ΓΙΑ ΤΟ ΤΑΕΦΚ ΖΑΚΥΝΘΟΥ | AC4: 12723 | AD4: 1062
A5: =--SUBTOTAL(3,$B$2:B4) -> 3 | B5: 1046 | C5: ΚΕ | D5: 14381 | E5: ΑΝΑΣΤΑΣΑΚΗΣ | F5: ΔΗΜΗΤΡΙΟΣ | G5: ΔΗΜΗΤΡΙΟΣ | H5: =TRIM($E5)&" "&TRIM($F5) -> ΑΝΑΣΤΑΣΑΚΗΣ ΔΗΜΗΤΡΙΟΣ | I5: =TRIM($H5)&" - "&TRIM($O5)&" ("&TRIM(C5)&")" -> ΑΝΑΣΤΑΣΑΚΗΣ ΔΗΜΗΤΡΙΟΣ - ΠΕ ΜΗΧΑΝΙΚΩΝ (ΚΕ) | J5: 123042680 | K5: _ | L5: 210 6999418 | M5: 2102464843 | N5: 6936854170 | O5: ΠΕ ΜΗΧΑΝΙΚΩΝ | P5: Μ | Q5: Μηχανικός | R5: ΙΔΟΧ | S5: _ | T5: d.anastasakis@ggde.gr | U5: ΔΑΕΦΚ ΚΕ-Δ26 | V5: Δ17-ΔΙΕΥΘΥΝΣΗ ΛΕΙΤΟΥΡΓΙΑΣ, ΣΥΝΤΗΡΗΣΗΣ ΚΑΙ ΕΚΜΕΤΑΛΛΕΥΣΗΣ ΣΥΓΚΟΙΝΩΝΙΑΚΩΝ ΥΠΟΔΟΜΩΝ ΜΕ ΣΥΜΒΑΣΗ ΠΑΡΑΧΩΡΗΣΗΣ | W5: ΔΑΕΦΚ-ΚΕ | X5: 3 | AA5: 45219 | AB5: Δ17-ΔΙΕΥΘΥΝΣΗ ΛΕΙΤΟΥΡΓΙΑΣ, ΣΥΝΤΗΡΗΣΗΣ ΚΑΙ ΕΚΜΕΤΑΛΛΕΥΣΗΣ ΣΥΓΚΟΙΝΩΝΙΑΚΩΝ ΥΠΟΔΟΜΩΝ ΜΕ ΣΥΜΒΑΣΗ ΠΑΡΑΧΩΡΗΣΗΣ | AC5: 12854 | AD5: 1064
A6: =--SUBTOTAL(3,$B$2:B5) -> 4 | B6: 1432 | C6: ΆΛΛΟ | D6: 13113 | E6: ΑΝΑΣΤΑΣΟΠΟΥΛΟΣ | F6: ΙΩΑΝΝΗΣ | G6: ΔΗΜΗΤΡΙΟΣ | H6: =TRIM($E6)&" "&TRIM($F6) -> ΑΝΑΣΤΑΣΟΠΟΥΛΟΣ ΙΩΑΝΝΗΣ | I6: =TRIM($H6)&" - "&TRIM($O6)&" ("&TRIM(W6)&")" -> ΑΝΑΣΤΑΣΟΠΟΥΛΟΣ ΙΩΑΝΝΗΣ - ΠΕ ΑΡΧ. ΜΗΧ. (ΑΠΟΛΥΘΗΚΕ) | M6: _ | N6: _ | O6: ΠΕ ΑΡΧ. ΜΗΧ. | P6: =LEFT(Q6,1) -> Μ | Q6: Μηχανικός | R6: ΙΔΑΧ | S6: _ | T6: _ | U6: ΔΑΕΦΚ ΚΕ-Δ26 (ΤΜΗΜΑ ΣΥΝΤΟΝΙΣΜΟΥ, ΣΧΕΔΙΑΣΜΟΥ ΚΑΙ ΜΕΛΕΤΩΝ) | W6: ΑΠΟΛΥΘΗΚΕ | X6: 0 | AB6: ΛΕΙΠΕΙ ΧΡΟΝΙΑ | AC6: 12143 | AD6: 1066
A7: =--SUBTOTAL(3,$B$2:B6) -> 5 | B7: 1053 | C7: ΆΛΛΟ | D7: 14431 | E7: ΓΙΑΝΝΑΚΟΠΟΥΛΟΥ | F7: ΘΕΟΔΩΡΑ | G7: ΒΑΣΙΛΕΙΟΣ | H7: =TRIM($E7)&" "&TRIM($F7) -> ΓΙΑΝΝΑΚΟΠΟΥΛΟΥ ΘΕΟΔΩΡΑ | I7: =TRIM($H7)&" - "&TRIM($O7)&" ("&TRIM(W7)&")" -> ΓΙΑΝΝΑΚΟΠΟΥΛΟΥ ΘΕΟΔΩΡΑ - ΠΕ ΔΙΟΙΚ.-ΟΙΚ. (ΣΥΝΤΑΞΗ) | J7: 046578687 | K7: _ | L7: _ | M7: 2107608495 | N7: 6932711139 | O7: ΠΕ ΔΙΟΙΚ.-ΟΙΚ. | P7: =LEFT(Q7,1) -> Δ | Q7: Διοικητικός | R7: ΙΔΟΧ | S7: _ | T7: _ | U7: ΔΑΕΦΚ ΚΕ-Δ26 | V7: Δ2-ΔΙΕΥΘΥΝΣΗ ΟΙΚΟΝΟΜΙΚΗΣ ΔΙΑΧΕΙΡΙΣΗΣ | W7: ΣΥΝΤΑΞΗ | X7: 0 | AA7: 45212 | AB7: ΕΧΕΙ ΠΑΡΑΙΤΗΘΕΙ | AC7: 12668 | AD7: 1067
A8: =--SUBTOTAL(3,$B$2:B7) -> 6 | B8: 1125 | C8: ΆΛΛΟ | D8: 14150 | E8: ΓΟΥΝΑΡΙΔΟΥ | F8: ΕΥΧΑΡΙΣ | G8: ΓΕΩΡΓΙΟΣ | H8: =TRIM($E8)&" "&TRIM($F8) -> ΓΟΥΝΑΡΙΔΟΥ ΕΥΧΑΡΙΣ | I8: =TRIM($H8)&" - "&TRIM($O8)&" ("&TRIM(W8)&")" -> ΓΟΥΝΑΡΙΔΟΥ ΕΥΧΑΡΙΣ - ΠΕ ΠΟΛ. ΜΗΧ. (ΣΥΝΤΑΞΗ) | J8: 041354039 | K8: 2310 416572 | L8: 2310 416572 | M8: 2310345220 | N8: 6974494940 | O8: ΠΕ ΠΟΛ. ΜΗΧ. | P8: =LEFT(Q8,1) -> Μ | Q8: Μηχανικός | R8: ΙΔΑΧ | S8: _ | T8: efi.gouna@gmail.com | U8: ΔΑΕΦΚ ΒΕ-Δ28 (ΤΜΗΜΑ ΣΥΝΤΟΝΙΣΜΟΥ, ΣΧΕΔΙΑΣΜΟΥ ΚΑΙ ΜΕΛΕΤΩΝ) | W8: ΣΥΝΤΑΞΗ | X8: 0 | AA8: 45320 | AB8: ΣΥΝΤΑΞΗ | AC8: 12144 | AD8: 1069
A9: =--SUBTOTAL(3,$B$2:B8) -> 7 | B9: 1245 | C9: ΗΡ | D9: 14506 | E9: ΔΑΚΙΔΗΣ | F9: ΧΡΗΣΤΟΣ | G9: ΕΛΕΥΘΕΡΙΟΣ | H9: ΔΑΚΙΔΗΣ ΧΡΗΣΤΟΣ | I9: ΔΑΚΙΔΗΣ ΧΡΗΣΤΟΣ - ΠΕ ΠΟΛ. ΜΗΧ. (ΤΑΕΦΚ ΗΡΑΚΛΕΙΟΥ) | J9: 159438610 | K9: 07:00 - 15:00 | L9: 2810311318 | M9: _ | N9: 6949027222 | O9: ΠΕ ΠΟΛ. ΜΗΧ. | P9: Μ | Q9: Μηχανικός | R9: ΙΔΟΧ | S9: _ | T9: xristos.dakidis@gmail.com | U9: ΤΑΕΦΚ Π.Ε. ΗΡΑΚΛΕΙΟΥ | W9: ΤΑΕΦΚ ΗΡΑΚΛΕΙΟΥ | X9: 1 | AA9: 45514 | AB9: ΕΧΕΙ ΠΑΡΑΙΤΗΘΕΙ | AC9: 12167 | AD9: 1433
A10: =--SUBTOTAL(3,$B$2:B9) -> 8 | B10: 1336 | C10: ΆΛΛΟ | D10: 12182 | E10: ΔΑΛΕΖΙΟΣ | F10: ΑΧΙΛΛΕΑΣ | G10: ΑΓΓΕΛΟΣ | H10: =TRIM($E10)&" "&TRIM($F10) -> ΔΑΛΕΖΙΟΣ ΑΧΙΛΛΕΑΣ | I10: =TRIM($H10)&" - "&TRIM($O10)&" ("&TRIM(W10)&")" -> ΔΑΛΕΖΙΟΣ ΑΧΙΛΛΕΑΣ - ΠΕ ΤΟΠ. ΜΗΧ. (ΣΥΝΤΑΞΗ) | J10: 027767862 | K10: 2131523756 | L10: 2131523756 | M10: _ | N10: 6974378663 | O10: ΠΕ ΤΟΠ. ΜΗΧ. | P10: =LEFT(Q10,1) -> Μ | Q10: Μηχανικός | R10: ΙΔΑΧ | S10: adalezios@civilprotection.gr | T10: axilleas.dale@yahoo.gr | U10: ΔΑΕΦΚ ΚΕ-Δ26 (ΤΜΗΜΑ ΔΙΑΧΕΙΡΙΣΗΣ ΠΡΟΣΩΡΙΝΗΣ ΣΤΕΓΑΣΗΣ ΚΑΙ ΕΞΟΠΛΙΣΜΟΥ) | W10: ΣΥΝΤΑΞΗ | X10: 13 | AA10: 44848 | AB10: ΣΥΝΤΑΞΗ | AC10: 14402 | AD10: 1085
A11: =--SUBTOTAL(3,$B$2:B10) -> 9 | B11: 1058 | C11: ΆΛΛΟ | D11: 7488 | E11: ΔΕΔΕ | F11: ΙΩΑΝΝΑ | G11: ΣΩΤΗΡΙΟΣ | H11: =TRIM($E11)&" "&TRIM($F11) -> ΔΕΔΕ ΙΩΑΝΝΑ | I11: =TRIM($H11)&" - "&TRIM($O11)&" ("&TRIM(W11)&")" -> ΔΕΔΕ ΙΩΑΝΝΑ - ΠΕ ΓΕΩΤΕΧΝΙΚΩΝ (ΟΑΣΠ) | J11: 127909939 | K11: _ | L11: _ | M11: 2107608495 | N11: 6977216272 | O11: ΠΕ ΓΕΩΤΕΧΝΙΚΩΝ | P11: =LEFT(Q11,1) -> Δ | Q11: Διοικητικός | R11: ΜΟΝΙΜΟΣ | S11: _ | T11: _ | U11: ΔΑΕΦΚ ΚΕ-Δ26 | V11: ΟΑΣΠ | W11: ΟΑΣΠ | X11: 0 | AA11: 45078 | AB11: ΟΑΣΠ | AC11: 12227 | AD11: 1087
A12: =--SUBTOTAL(3,$B$2:B11) -> 10 | B12: 1130 | C12: ΒΕ | D12: 14465 | E12: ΔΗΜΟΣΘΕΝΗΣ | F12: ΒΛΑΣΙΟΣ | G12: ΓΕΩΡΓΙΟΣ | H12: =TRIM($E12)&" "&TRIM($F12) -> ΔΗΜΟΣΘΕΝΗΣ ΒΛΑΣΙΟΣ | I12: =TRIM($H12)&" - "&TRIM($O12)&" ("&TRIM(C12)&")" -> ΔΗΜΟΣΘΕΝΗΣ ΒΛΑΣΙΟΣ - ΠΕ ΠΟΛ. ΜΗΧ. (ΒΕ) | J12: 122038643 | K12: 08:30 - 16:30 | M12: 2310 428468 | N12: 6985709513 | O12: ΠΕ ΠΟΛ. ΜΗΧ. | P12: Μ | Q12: Μηχανικός | R12: ΙΔΟΧ | S12: vdimosthenis@civilprotection.gr | T12: vlasis.d@gmail.com | U12: ΔΑΕΦΚ ΒΕ-Δ28 | W12: ΔΑΕΦΚ-ΒΕ | X12: 1 | AA12: 45309 | AB12: ΕΧΕΙ ΠΑΡΑΙΤΗΘΕΙ | AC12: 12661 | AD12: 1386
A13: =--SUBTOTAL(3,$B$2:B12) -> 11 | B13: 1313 | C13: ΚΕ-Β | D13: 5608 | E13: ΕΣΚΙΝΤΖΗΣ | F13: ΑΠΟΣΤΟΛΟΣ | G13: ΕΥΑΓΓΕΛΟΣ | H13: =TRIM($E13)&" "&TRIM($F13) -> ΕΣΚΙΝΤΖΗΣ ΑΠΟΣΤΟΛΟΣ | I13: =TRIM($H13)&" - "&TRIM($O13)&" ("&TRIM(C13)&")" -> ΕΣΚΙΝΤΖΗΣ ΑΠΟΣΤΟΛΟΣ - ΤΕ ΕΡΓΟΔΗΓΩΝ (Χ.ΠΤ.) (ΚΕ-Β) | J13: 026883365 | K13: 07:00 - 15:00 | L13: 210 8704720 | M13: _ | N13: 6947244486 | O13: ΤΕ ΕΡΓΟΔΗΓΩΝ (Χ.ΠΤ.) | P13: Δ | Q13: Διοικητικός | R13: ΜΟΝΙΜΟΣ | S13: _ | T13: tolisesk@hotmail.com | U13: ΔΑΕΦΚ ΚΕ-Δ26 (ΤΜΗΜΑ ΠΡΟΓΡΑΜΜΑΤΙΣΜΟΥ, ΑΠΟΚΑΤΑΣΤΑΣΗΣ ΚΑΙ ΕΚΠΑΙΔΕΥΣΗΣ) | W13: ΔΑΕΦΚ-ΚΕ ΤΜΗΜΑ Β | X13: 17 | Y13: 44926 | AA13: 44926 | AB13: ΣΥΝΤΑΞΗ | AC13: 13572 | AD13: 1292
A14: =--SUBTOTAL(3,$B$2:B13) -> 12 | B14: 1060 | C14: ΆΛΛΟ | D14: 12421 | E14: ΖΑΓΟΡΑ | F14: ΓΑΒΡΙΕΛΑ | G14: ΚΩΝΣΤΑΝΤΙΝΟΣ | H14: =TRIM($E14)&" "&TRIM($F14) -> ΖΑΓΟΡΑ ΓΑΒΡΙΕΛΑ | I14: =TRIM($H14)&" - "&TRIM($O14)&" ("&TRIM(W14)&")" -> ΖΑΓΟΡΑ ΓΑΒΡΙΕΛΑ - ΠΕ ΠΟΛ. ΜΗΧ. (ΟΑΣΠ) | J14: 071524425 | K14: _ | L14: _ | M14: 2106713188 | N14: 2108947655 | O14: ΠΕ ΠΟΛ. ΜΗΧ. | P14: =LEFT(Q14,1) -> Μ | Q14: Μηχανικός | R14: ΙΔΑΧ | S14: _ | T14: _ | U14: ΔΑΕΦΚ ΚΕ-Δ26 (ΤΜΗΜΑ ΣΥΝΤΟΝΙΣΜΟΥ, ΣΧΕΔΙΑΣΜΟΥ ΚΑΙ ΜΕΛΕΤΩΝ) | V14: ΟΑΣΠ | W14: ΟΑΣΠ | X14: 0 | AA14: 45240 | AB14: ΟΑΣΠ | AC14: 14257 | AD14: 1430
A15: =--SUBTOTAL(3,$B$2:B14) -> 13 | B15: 1064 | C15: ΆΛΛΟ | D15: 12854 | E15: ΙΩΑΚΕΙΜΙΔΟΥ | F15: ΑΝΑΣΤΑΣΙΑ | G15: ΝΙΚΟΛΑΟΣ | H15: =TRIM($E15)&" "&TRIM($F15) -> ΙΩΑΚΕΙΜΙΔΟΥ ΑΝΑΣΤΑΣΙΑ | I15: =TRIM($H15)&" - "&TRIM($O15)&" ("&TRIM(W15)&")" -> ΙΩΑΚΕΙΜΙΔΟΥ ΑΝΑΣΤΑΣΙΑ - ΠΕ ΤΟΠ. ΜΗΧ. (ΒΡΥΞΕΛΛΕΣ) | J15: 042273618 | K15: _ | L15: _ | M15: 2106713188 | N15: 2106526048 | O15: ΠΕ ΤΟΠ. ΜΗΧ. | P15: =LEFT(Q15,1) -> Μ | Q15: Μηχανικός | R15: ΙΔΑΧ | S15: _ | T15: _ | U15: ΔΑΕΦΚ ΚΕ-Δ26 (ΤΜΗΜΑ ΕΠΟΠΤΕΙΑΣ ΑΠΟΚΑΤΑΣΤΑΣΗΣ ΦΥΣΙΚΩΝ ΚΑΤΑΣΤΡΟΦΩΝ) | V15: ΒΡΥΞΕΛΛΕΣ | W15: ΒΡΥΞΕΛΛΕΣ | X15: 0 | AA15: 44930 | AB15: ΒΡΥΞΕΛΛΕΣ | AC15: 14459 | AD15: 1097
A16: =--SUBTOTAL(3,$B$2:B15) -> 14 | B16: 1067 | C16: ΆΛΛΟ | D16: 12668 | E16: ΚΑΡΑΓΙΑΝΝΙΔΗ | F16: ΕΥΤΥΧΙΑ | G16: ΑΡΙΣΤΟΤΕΛΗΣ | H16: =TRIM($E16)&" "&TRIM($F16) -> ΚΑΡΑΓΙΑΝΝΙΔΗ ΕΥΤΥΧΙΑ | I16: =TRIM($H16)&" - "&TRIM($O16)&" ("&TRIM(W16)&")" -> ΚΑΡΑΓΙΑΝΝΙΔΗ ΕΥΤΥΧΙΑ - ΤΕ ΜΗΧΑΝΙΚΩΝ (ΔΙΑΧΕΙΡΙΣΤΙΚΗ ΑΡΧΗ) | J16: 032702434 | K16: _ | L16: _ | M16: 2106713188 | N16: 2107771508 | O16: ΤΕ ΜΗΧΑΝΙΚΩΝ | P16: =LEFT(Q16,1) -> Μ | Q16: Μηχανικός | R16: ΙΔΑΧ | S16: _ | T16: _ | U16: ΓΔΑΕΦΚ | V16: ΔΙΑΧΕΙΡΙΣΤΙΚΗ ΑΡΧΗ | W16: ΔΙΑΧΕΙΡΙΣΤΙΚΗ ΑΡΧΗ | X16: 11 | AA16: 45260 | AB16: ΔΙΑΧΕΙΡΙΣΤΙΚΗ ΑΡΧΗ | AC16: 14476 | AD16: 1234
A17: =--SUBTOTAL(3,$B$2:B16) -> 15 | B17: 1138 | C17: ΆΛΛΟ | D17: 14450 | E17: ΚΑΡΑΜΠΑΣΗΣ | F17: ΧΡΗΣΤΟΣ | G17: ΕΥΣΤΑΘΙΟΣ | H17: ΚΑΡΑΜΠΑΣΗΣ ΧΡΗΣΤΟΣ | I17: ΚΑΡΑΜΠΑΣΗΣ ΧΡΗΣΤΟΣ - ΠΕ ΠΟΛ. ΜΗΧ. (ΔΑΕΦΚ-ΒΕ) | J17: 047777569 | K17: 08:00 - 16:00 | L17: 2310 414840 | M17: 2310452083 | N17: 6947449447 | O17: ΠΕ ΠΟΛ. ΜΗΧ. | P17: Μ | Q17: Μηχανικός | R17: ΙΔΟΧ | S17: chkarampasis@civilprotection.gr | T17: rythmosk@otenet.gr | U17: ΔΑΕΦΚ ΒΕ-Δ28 | W17: ΔΑΕΦΚ-ΒΕ | X17: 1 | AA17: 45214 | AB17: ΕΧΕΙ ΠΑΡΑΙΤΗΘΕΙ | AC17: 12876 | AD17: 1103
A18: =--SUBTOTAL(3,$B$2:B17) -> 16 | B18: 1378 | C18: ΚΕ-Δ | D18: 5748 | E18: ΜΠΑΜΠΙΛΗ | F18: ΒΙΚΤΩΡΙΑ | G18: ΑΘΑΝΑΣΙΟΣ | H18: =TRIM($E18)&" "&TRIM($F18) -> ΜΠΑΜΠΙΛΗ ΒΙΚΤΩΡΙΑ | I18: =TRIM($H18)&" - "&TRIM($O18)&" ("&TRIM(C18)&")" -> ΜΠΑΜΠΙΛΗ ΒΙΚΤΩΡΙΑ - ΠΕ ΠΟΛ. ΜΗΧ. (ΚΕ-Δ) | J18: 041596329 | K18: 08:00 - 16:00 | L18: 210 8704717, 210 64 60 321 | M18: _ | N18: 6944393637 | O18: ΠΕ ΠΟΛ. ΜΗΧ. | P18: Μ | Q18: Μηχανικός | R18: ΜΟΝΙΜΟΣ | S18: vmpampili@civilprotection.gr | T18: viktoriababili@gmail.com | U18: ΔΑΕΦΚ ΚΕ-Δ26 (ΤΜΗΜΑ ΕΠΟΠΤΕΙΑΣ ΑΠΟΚΑΤΑΣΤΑΣΗΣ ΦΥΣΙΚΩΝ ΚΑΤΑΣΤΡΟΦΩΝ) | W18: ΔΑΕΦΚ-ΚΕ ΤΜΗΜΑ Δ | X18: 17 | AA18: 44949 | AB18: ΣΥΝΤΑΞΗ | AC18: 5059 | AD18: 1104
A19: =--SUBTOTAL(3,$B$2:B18) -> 17 | B19: 1433 | C19: ΆΛΛΟ | D19: 14268 | E19: ΜΠΑΡΔΗΣ | F19: ΓΕΩΡΓΙΟΣ | G19: ΣΤΑΥΡΟΣ | H19: ΜΠΑΡΔΗΣ ΓΕΩΡΓΙΟΣ | I19: ΜΠΑΡΔΗΣ ΓΕΩΡΓΙΟΣ - ΠΕ ΜΗΧ. ΠΕΡΙΒΑΛ. (ΤΑΕΦΚ-ΑΑ) | J19: 145864882 | K19: 07:30 - 15:30 | L19: 2294 440030 | M19: _ | N19: 6976140354 | O19: ΠΕ ΜΗΧ. ΠΕΡΙΒΑΛ. | P19: Μ | Q19: Μηχανικός | R19: ΙΔΟΧ | S19: gmpardis@civilprotection.gr | T19: bardisge@gmail.com | U19: ΤΑΕΦΚ ΑΑ | W19: ΤΑΕΦΚ-ΑΑ | X19: 5 | AA19: 45017 | AB19: ΕΧΕΙ ΠΑΡΑΙΤΗΘΕΙ | AC19: 14365 | AD19: 1107
A20: =--SUBTOTAL(3,$B$2:B19) -> 18 | C20: ΑΑ | D20: 14235 | E20: ΜΠΟΥΣΜΠΟΥΡΕΛΗ | F20: ΠΕΤΡΟΥΛΑ | G20: ΚΩΝΣΤΑΝΤΙΝΟΣ | H20: ΜΠΟΥΣΜΠΟΥΡΕΛΗ ΠΕΤΡΟΥΛΑ | I20: ΜΠΟΥΣΜΠΟΥΡΕΛΗ ΠΕΤΡΟΥΛΑ - ΠΕ ΑΡΧ. ΜΗΧ. (ΑΑ) | J20: 106578893 | K20: 07:30 - 15:30 | L20: 2294 440030 | M20: 2109766841 | N20: 6974072869 | O20: ΠΕ ΑΡΧ. ΜΗΧ. | P20: Μ | Q20: Μηχανικός | R20: ΙΔΟΧ | S20: pmpousmpoureli@civilprotection.gr | T20: petroula.b@gmail.com | U20: ΤΑΕΦΚ ΑΑ | W20: ΤΑΕΦΚ-ΑΑ | X20: 5 | AA20: 44891 | AB20: ΕΧΕΙ ΠΑΡΑΙΤΗΘΕΙ | AC20: 14274 | AD20: 1415
A21: =--SUBTOTAL(3,$B$2:B20) -> 18 | B21: 1085 | C21: ΆΛΛΟ | D21: 12167 | E21: ΜΩΚΟΣ | F21: ΒΑΣΙΛΕΙΟΣ | G21: ΓΕΩΡΓΙΟΣ | H21: =TRIM($E21)&" "&TRIM($F21) -> ΜΩΚΟΣ ΒΑΣΙΛΕΙΟΣ | I21: =TRIM($H21)&" - "&TRIM($O21)&" ("&TRIM(W21)&")" -> ΜΩΚΟΣ ΒΑΣΙΛΕΙΟΣ - ΠΕ ΠΟΛ. ΜΗΧ. (ΟΑΣΠ) | J21: 102906367 | M21: _ | N21: _ | O21: ΠΕ ΠΟΛ. ΜΗΧ. | P21: =LEFT(Q21,1) -> Μ | Q21: Μηχανικός | R21: ΙΔΑΧ | S21: _ | T21: _ | U21: ΔΑΕΦΚ ΚΕ-Δ26 | W21: ΟΑΣΠ | X21: 0 | AB21: ΟΑΣΠ
A22: =--SUBTOTAL(3,$B$2:B21) -> 19 | B22: 1087 | C22: ΆΛΛΟ | D22: 14402 | E22: ΝΙΚΟΛΟΠΟΥΛΟΣ | F22: ΕΥΑΓΓΕΛΟΣ | G22: ΑΘΑΝΑΣΙΟΣ | H22: =TRIM($E22)&" "&TRIM($F22) -> ΝΙΚΟΛΟΠΟΥΛΟΣ ΕΥΑΓΓΕΛΟΣ | I22: =TRIM($H22)&" - "&TRIM($O22)&" ("&TRIM(W22)&")" -> ΝΙΚΟΛΟΠΟΥΛΟΣ ΕΥΑΓΓΕΛΟΣ - ΠΕ ΜΗΧΑΝΙΚΩΝ (ΓΡΑΦΕΙΟ ΥΠΟΥΡΓΟΥ) | J22: 160386034 | K22: _ | L22: _ | M22: _ | N22: 6970130611 | O22: ΠΕ ΜΗΧΑΝΙΚΩΝ | P22: =LEFT(Q22,1) -> Μ | Q22: Μηχανικός | R22: ΙΔΟΧ | S22: _ | T22: nikolopoulosvagelis@gmail.com | U22: ΔΑΕΦΚ ΚΕ-Δ26 | V22: ΓΡΑΦΕΙΟ ΥΠΟΥΡΓΟΥ ΥΜΕ | W22: ΓΡΑΦΕΙΟ ΥΠΟΥΡΓΟΥ | X22: 1 | AA22: 45212 | AB22: ΓΡΑΦΕΙΟ ΥΠΟΥΡΓΟΥ ΥΜΕ
A23: =--SUBTOTAL(3,$B$2:B22) -> 20 | B23: 1382 | C23: ΚΕ-Δ | D23: 12441 | E23: ΠΑΠΑΕΥΘΥΜΙΟΥ-ΓΩΓΟΣ | F23: ΓΕΩΡΓΙΟΣ | G23: ΠΕΡΙΚΛΗΣ | H23: =TRIM($E23)&" "&TRIM($F23) -> ΠΑΠΑΕΥΘΥΜΙΟΥ-ΓΩΓΟΣ ΓΕΩΡΓΙΟΣ | I23: =TRIM($H23)&" - "&TRIM($O23)&" ("&TRIM(C23)&")" -> ΠΑΠΑΕΥΘΥΜΙΟΥ-ΓΩΓΟΣ ΓΕΩΡΓΙΟΣ - ΠΕ ΑΡΧ. ΜΗΧ. (ΚΕ-Δ) | J23: 027945394 | K23: 08:00 - 16:00 | L23: 210 8704744 | M23: _ | N23: 6948358027 | O23: ΠΕ ΑΡΧ. ΜΗΧ. | P23: Μ | Q23: Μηχανικός | R23: ΙΔΑΧ | S23: gpapaefthymiou@civilprotection.gr | T23: g.papaefthimiou@yas.gr | U23: ΔΑΕΦΚ ΚΕ-Δ26 (ΤΜΗΜΑ ΕΠΟΠΤΕΙΑΣ ΑΠΟΚΑΤΑΣΤΑΣΗΣ ΦΥΣΙΚΩΝ ΚΑΤΑΣΤΡΟΦΩΝ) | W23: ΔΑΕΦΚ-ΚΕ ΤΜΗΜΑ Δ | X23: 11 | AA23: 45217 | AB23: ΣΥΝΤΑΞΗ
A24: =--SUBTOTAL(3,$B$2:B23) -> 21 | B24: 1385 | C24: ΚΕ-Δ | D24: 14410 | E24: ΠΟΖΙΟΥ | F24: ΚΑΣΣΙΑΝΗ | G24: ΒΑΙΟΣ | H24: =TRIM($E24)&" "&TRIM($F24) -> ΠΟΖΙΟΥ ΚΑΣΣΙΑΝΗ | I24: =TRIM($H24)&" - "&TRIM($O24)&" ("&TRIM(C24)&")" -> ΠΟΖΙΟΥ ΚΑΣΣΙΑΝΗ - ΠΕ ΠΟΛ. ΜΗΧ. (ΚΕ-Δ) | J24: 116121655 | K24: 07:30 - 15:30 | L24: 210 64 49 502 | M24: _ | N24: 6984685650 | O24: ΠΕ ΠΟΛ. ΜΗΧ. | P24: Μ | Q24: Μηχανικός | R24: ΙΔΟΧ | S24: kpoziou@civilprotection.gr | T24: kasspoz@hotmail.com | U24: ΔΑΕΦΚ ΚΕ-Δ26 | V24: ΤΑΕΦΚ Π.Ε. ΗΡΑΚΛΕΙΟΥ - ΠΑΡ.ΚΑΘ. | W24: ΔΑΕΦΚ-ΚΕ ΤΜΗΜΑ Δ | X24: 1 | AA24: 45212 | AB24: ΕΧΕΙ ΠΑΡΑΙΤΗΘΕΙ
A25: =--SUBTOTAL(3,$B$2:B24) -> 22 | B25: 1292 | C25: ΆΛΛΟ | D25: 12661 | E25: ΠΟΙΜΕΝΙΔΟΥ | F25: ΚΥΡΙΑΚΗ | G25: ΘΕΜΙΣΤΟΚΛΗΣ | H25: =TRIM($E25)&" "&TRIM($F25) -> ΠΟΙΜΕΝΙΔΟΥ ΚΥΡΙΑΚΗ | I25: =TRIM($H25)&" - "&TRIM($O25)&" ("&TRIM(W25)&")" -> ΠΟΙΜΕΝΙΔΟΥ ΚΥΡΙΑΚΗ - ΠΕ ΠΟΛ. ΜΗΧ. (ΣΥΝΤΑΞΗ) | J25: 043933358 | K25: 210 64 53 706 | L25: 210 8704735 | M25: 2109567766 | N25: 6977010272 | O25: ΠΕ ΠΟΛ. ΜΗΧ. | P25: =LEFT(Q25,1) -> Μ | Q25: Μηχανικός | R25: ΙΔΑΧ | S25: kpoimenidou@civilprotection.gr | T25: pimenidou@gmail.com | U25: ΔΑΕΦΚ ΚΕ-Δ26 (ΤΜΗΜΑ ΕΠΟΠΤΕΙΑΣ ΑΠΟΚΑΤΑΣΤΑΣΗΣ ΦΥΣΙΚΩΝ ΚΑΤΑΣΤΡΟΦΩΝ) | W25: ΣΥΝΤΑΞΗ | X25: 11 | AA25: 45273 | AB25: ΣΥΝΤΑΞΗ | AC25: 12284 | AD25: 1346
A26: =--SUBTOTAL(3,$B$2:B25) -> 23 | B26: 1430 | C26: ΆΛΛΟ | D26: 13572 | E26: ΠΥΡΟΒΟΛΑΚΗΣ | F26: ΙΩΑΝΝΗΣ | G26: ΕΜΜΑΝΟΥΗΛ | H26: =TRIM($E26)&" "&TRIM($F26) -> ΠΥΡΟΒΟΛΑΚΗΣ ΙΩΑΝΝΗΣ | I26: =TRIM($H26)&" - "&TRIM($O26)&" ("&TRIM(W26)&")" -> ΠΥΡΟΒΟΛΑΚΗΣ ΙΩΑΝΝΗΣ - ΠΕ ΠΟΛ. ΜΗΧ. (ΔΙΑΧΕΙΡΙΣΤΙΚΗ ΑΡΧΗ) | J26: 034725314 | K26: _ | L26: 2106930186 | M26: _ | N26: 6974489739 | O26: ΠΕ ΠΟΛ. ΜΗΧ. | P26: =LEFT(Q26,1) -> Μ | Q26: Μηχανικός | R26: ΙΔΑΧ | S26: _ | T26: ypyros@gmail.com | U26: ΔΑΕΦΚ ΚΕ-Δ26 (ΤΜΗΜΑ ΣΥΝΤΟΝΙΣΜΟΥ, ΣΧΕΔΙΑΣΜΟΥ ΚΑΙ ΜΕΛΕΤΩΝ) | W26: ΔΙΑΧΕΙΡΙΣΤΙΚΗ ΑΡΧΗ | X26: 11 | AA26: 45159 | AC26: 14201 | AD26: 1044
A27: =--SUBTOTAL(3,$B$2:B26) -> 24 | B27: 1097 | C27: ΆΛΛΟ | D27: 14257 | E27: ΣΑΤΛΑΝΗ | F27: ΚΩΝΣΤΑΝΤΙΝΑ | G27: ΝΙΚΟΛΑΟΣ | H27: =TRIM($E27)&" "&TRIM($F27) -> ΣΑΤΛΑΝΗ ΚΩΝΣΤΑΝΤΙΝΑ | I27: =TRIM($H27)&" - "&TRIM($O27)&" ("&TRIM(W27)&")" -> ΣΑΤΛΑΝΗ ΚΩΝΣΤΑΝΤΙΝΑ - ΠΕ ΔΙΟΙΚΗΤΙΚΟΥ (ΠΑΡΑΙΤΗΘΗΚΕ) | M27: _ | N27: 6982515353 | O27: ΠΕ ΔΙΟΙΚΗΤΙΚΟΥ | P27: =LEFT(Q27,1) -> Δ | Q27: Διοικητικός | R27: ΙΔΟΧ | S27: _ | T27: Konsatlani@yahoo.com | U27: ΓΔΑΕΦΚ | V27: Δ2-ΔΙΕΥΘΥΝΣΗ ΟΙΚΟΝΟΜΙΚΗΣ ΔΙΑΧΕΙΡΙΣΗΣ | W27: ΠΑΡΑΙΤΗΘΗΚΕ | X27: 0 | AB27: ΕΧΕΙ ΠΑΡΑΙΤΗΘΕΙ ΕΊΝΑΙ ΣΤΗ ΔΙΑΠΙΣΤΩΤΙΚΗ, ΑΛΛΑ ΌΧΙ ΣΤΟ EXCEL ΤΗΣ ΓΔΑΕΦΚ - ΠΡΟΣΛΗΨΗ ΓΙΑ ΤΟ ΤΑΕΦΚ ΖΑΚΥΝΘΟΥ | AC27: 14381 | AD27: 1046
A28: =--SUBTOTAL(3,$B$2:B27) -> 25 | B28: 1234 | C28: ΆΛΛΟ | D28: 14317 | E28: ΣΙΔΗΡΟΠΟΥΛΟΣ | F28: ΑΛΕΞΑΝΔΡΟΣ | G28: ΔΗΜΗΤΡΙΟΣ | H28: ΣΙΔΗΡΟΠΟΥΛΟΣ ΑΛΕΞΑΝΔΡΟΣ | I28: ΣΙΔΗΡΟΠΟΥΛΟΣ ΑΛΕΞΑΝΔΡΟΣ - ΠΕ ΜΗΧ. ΠΑΡ. (ΔΑΕΦΚ-ΒΕ) | J28: 064254688 | K28: 09:00 - 17:00 | L28: 2310 427952 | M28: 2410625791 | N28: 6949453697 | O28: ΠΕ ΜΗΧ. ΠΑΡ. | P28: Μ | Q28: Μηχανικός | R28: ΙΔΟΧ | S28: asidiropoulos@civilprotection.gr | T28: alexandersid13@gmail.com | U28: ΤΑΕΦΚ ΠΕ ΧΑΛΚΙΔΙΚΗΣ | V28: ΔΑΕΦΚ Β.Ε. (Δ28) - ΠΑΡ.ΚΑΘ. | W28: ΔΑΕΦΚ-ΒΕ | X28: 8 | AA28: 45503 | AB28: ΕΧΕΙ ΠΑΡΑΙΤΗΘΕΙ | AC28: 14325 | AD28: 1294
A29: =--SUBTOTAL(3,$B$2:B28) -> 26 | B29: 1103 | C29: ΆΛΛΟ | D29: 14459 | E29: ΣΚΛΙΑΜΗ | F29: ΑΙΚΑΤΕΡΙΝΗ | G29: ΠΑΡΑΣΚΕΥΑΣ | H29: =TRIM($E29)&" "&TRIM($F29) -> ΣΚΛΙΑΜΗ ΑΙΚΑΤΕΡΙΝΗ | I29: =TRIM($H29)&" - "&TRIM($O29)&" ("&TRIM(W29)&")" -> ΣΚΛΙΑΜΗ ΑΙΚΑΤΕΡΙΝΗ - ΠΕ ΜΗΧΑΝΙΚΩΝ (ΠΑΡΑΙΤΗΘΗΚΕ) | J29: 130246917 | K29: _ | L29: _ | M29: 2106617928 | N29: 6947199772 | O29: ΠΕ ΜΗΧΑΝΙΚΩΝ | P29: =LEFT(Q29,1) -> Μ | Q29: Μηχανικός | R29: ΙΔΟΧ | S29: _ | T29: _ | U29: ΔΑΕΦΚ ΚΕ-Δ26 | V29: ΓΡΑΦΕΙΟ ΥΠΟΥΡΓΟΥ ΥΜΕ | W29: ΠΑΡΑΙΤΗΘΗΚΕ | X29: 0 | AA29: 45252 | AB29: ΕΧΕΙ ΠΑΡΑΙΤΗΘΕΙ | AC29: 5608 | AD29: 1313
A30: =--SUBTOTAL(3,$B$2:B29) -> 27 | B30: 1104 | C30: ΆΛΛΟ | D30: 14476 | E30: ΣΟΥΓΛΕΡΗ | F30: ΙΩΑΝΝΑ | G30: ΕΥΑΓΓΕΛΟΣ | H30: =TRIM($E30)&" "&TRIM($F30) -> ΣΟΥΓΛΕΡΗ ΙΩΑΝΝΑ | I30: =TRIM($H30)&" - "&TRIM($O30)&" ("&TRIM(W30)&")" -> ΣΟΥΓΛΕΡΗ ΙΩΑΝΝΑ - ΠΕ ΠΟΛ. ΜΗΧ. (ΠΑΡΑΙΤΗΘΗΚΕ) | J30: 145036517 | K30: _ | L30: 2610 589122 | M30: 2610641041 | N30: 6978010154 | O30: ΠΕ ΠΟΛ. ΜΗΧ. | P30: =LEFT(Q30,1) -> Μ | Q30: Μηχανικός | R30: ΙΔΟΧ | S30: isougleri@civilprotection.gr | T30: ioanna.sougleri@gmail.com | U30: ΔΑΕΦΚ ΔΕ-Δ27 | W30: ΠΑΡΑΙΤΗΘΗΚΕ | X30: 0 | AA30: 45442 | AB30: ΕΧΕΙ ΠΑΡΑΙΤΗΘΕΙ | AC30: 102917 | AD30: 1345
A31: =--SUBTOTAL(3,$B$2:B30) -> 28 | B31: 1294 | C31: ΚΕ-Α | D31: 14325 | E31: ΣΤΡΑΤΙΔΑΚΗ | F31: ΚΥΡΙΑΚΗ | G31: ΓΕΩΡΓΙΟΣ | H31: =TRIM($E31)&" "&TRIM($F31) -> ΣΤΡΑΤΙΔΑΚΗ ΚΥΡΙΑΚΗ | I31: =TRIM($H31)&" - "&TRIM($O31)&" ("&TRIM(C31)&")" -> ΣΤΡΑΤΙΔΑΚΗ ΚΥΡΙΑΚΗ - ΤΕ ΜΗΧΑΝΙΚΩΝ (ΚΕ-Α) | J31: 151800701 | K31: 07:30 - 15:30 | L31: 2108704708 | M31: _ | N31: 6948851335 | O31: ΤΕ ΜΗΧΑΝΙΚΩΝ | P31: Μ | Q31: Μηχανικός | R31: ΙΔΟΧ | S31: kstratidaki@civilprotection.gr | T31: kstratidaki@yahoo.gr | U31: ΔΑΕΦΚ ΚΕ-Δ26 | W31: ΔΑΕΦΚ-ΚΕ ΤΜΗΜΑ Α | X31: 4 | AA31: 45500 | AB31: ΕΧΕΙ ΠΑΡΑΙΤΗΘΕΙ | AC31: 5748 | AD31: 1378
A32: =--SUBTOTAL(3,$B$2:B31) -> 29 | B32: 1025 | C32: ΆΛΛΟ | D32: 14365 | E32: ΤΣΙΛΙΜΑΝΤΟΥ | F32: ΕΛΙΣΑΒΕΤ | G32: ΚΩΝΣΤΑΝΤΙΝΟΣ | H32: =TRIM($E32)&" "&TRIM($F32) -> ΤΣΙΛΙΜΑΝΤΟΥ ΕΛΙΣΑΒΕΤ | I32: =TRIM($H32)&" - "&TRIM($O32)&" ("&TRIM(W32)&")" -> ΤΣΙΛΙΜΑΝΤΟΥ ΕΛΙΣΑΒΕΤ - ΠΕ ΜΗΧΑΝΙΚΩΝ (ΠΑΡΑΙΤΗΘΗΚΕ) | J32: 126679566 | K32: 210 6417640 | L32: 210 6417640 | M32: 2106617928 | N32: 6938030875 | O32: ΠΕ ΜΗΧΑΝΙΚΩΝ | P32: =LEFT(Q32,1) -> Μ | Q32: Μηχανικός | R32: ΙΔΟΧ | S32: _ | T32: _ | U32: ΔΑΕΦΚ ΚΕ-Δ26 | V32: Δ25-ΔΙΕΥΘΥΝΣΗ ΑΠΑΛΛΟΤΡΙΩΣΕΩΝ, ΤΟΠΟΓΡΑΦΗΣΕΩΝ ΚΑΙ ΓΕΩΠΛΗΡΟΦΟΡΙΚΗΣ | W32: ΠΑΡΑΙΤΗΘΗΚΕ | X32: 0 | AA32: 45001 | AB32: ΕΧΕΙ ΠΑΡΑΙΤΗΘΕΙ | AC32: 12441 | AD32: 1382
A33: =--SUBTOTAL(3,$B$2:B32) -> 30 | B33: 1345 | C33: ΚΕ-Γ | D33: 102917 | E33: ΤΣΟΥΜΗΣ | F33: ΙΩΑΝΝΗΣ | G33: ΠΑΝΑΓΙΩΤΗΣ | H33: =TRIM($E33)&" "&TRIM($F33) -> ΤΣΟΥΜΗΣ ΙΩΑΝΝΗΣ | I33: =TRIM($H33)&" - "&TRIM($O33)&" ("&TRIM(C33)&")" -> ΤΣΟΥΜΗΣ ΙΩΑΝΝΗΣ - ΤΕ ΗΛ. ΜΗΧ. (ΚΕ-Γ) | J33: 031000868 | K33: 07:00 - 15:00 | L33: 213 1523731 | M33: 2106543664 | N33: 6972309803 | O33: ΤΕ ΗΛ. ΜΗΧ. | P33: Μ | Q33: Μηχανικός | R33: ΙΔΑΧ | S33: itsoumis@civilprotection.gr | T33: _ | U33: ΔΑΕΦΚ ΚΕ-Δ26 (ΤΜΗΜΑ ΔΙΑΧΕΙΡΙΣΗΣ ΠΡΟΣΩΡΙΝΗΣ ΣΤΕΓΑΣΗΣ ΚΑΙ ΕΞΟΠΛΙΣΜΟΥ) | W33: ΔΑΕΦΚ-ΚΕ ΤΜΗΜΑ Γ | X33: 17 | AA33: 45479 | AB33: ΣΥΝΤΑΞΗ | AC33: 14410 | AD33: 1385
A34: =--SUBTOTAL(3,$B$2:B33) -> 31 | B34: 1161 | C34: ΆΛΛΟ | D34: 12284 | E34: ΧΑΡΑΛΑΜΠΟΠΟΥΛΟΥ | F34: ΧΡΥΣΑΝΘΗ | G34: ΑΝΔΡΕΑΣ | H34: =TRIM($E34)&" "&TRIM($F34) -> ΧΑΡΑΛΑΜΠΟΠΟΥΛΟΥ ΧΡΥΣΑΝΘΗ | I34: =TRIM($H34)&" - "&TRIM($O34)&" ("&TRIM(W34)&")" -> ΧΑΡΑΛΑΜΠΟΠΟΥΛΟΥ ΧΡΥΣΑΝΘΗ - ΠΕ ΔΙΟΙΚ.-ΟΙΚ. (ΔΙΑΧΕΙΡΙΣΤΙΚΗ ΑΡΧΗ) | J34: 047562104 | K34: _ | L34: _ | M34: 2106543664 | N34: 2109316112 | O34: ΠΕ ΔΙΟΙΚ.-ΟΙΚ. | P34: =LEFT(Q34,1) -> Δ | Q34: Διοικητικός | R34: ΜΟΝΙΜΟΣ | S34: _ | T34: _ | U34: ΔΑΕΦΚ ΚΕ-Δ26 (ΤΜΗΜΑ ΔΙΑΧΕΙΡΙΣΗΣ ΠΡΟΣΩΡΙΝΗΣ ΣΤΕΓΑΣΗΣ ΚΑΙ ΕΞΟΠΛΙΣΜΟΥ) | V34: ΆΛΛΗ ΔΙΕΥΘΥΝΣΗ | W34: ΔΙΑΧΕΙΡΙΣΤΙΚΗ ΑΡΧΗ | X34: 17 | Y34: 44831 | Z34: 358519/15.11.2022 | AA34: 45562
A35: =--SUBTOTAL(3,$B$2:B34) -> 32 | B35: 1346 | C35: ΆΛΛΟ | D35: 14274 | E35: ΨΑΛΤΗΣ | F35: ΙΩΑΝΝΗΣ | G35: ΑΘΑΝΑΣΙΟΣ | H35: =TRIM($E35)&" "&TRIM($F35) -> ΨΑΛΤΗΣ ΙΩΑΝΝΗΣ | I35: =TRIM($H35)&" - "&TRIM($O35)&" ("&TRIM(W35)&")" -> ΨΑΛΤΗΣ ΙΩΑΝΝΗΣ - ΔΕ ΔΙΟΙΚ.-ΓΡΑΜ. (ΑΠΕΒΙΩΣΕ) | J35: 033694323 | K35: Δ | L35: _ | M35: _ | N35: 6976395480 | O35: ΔΕ ΔΙΟΙΚ.-ΓΡΑΜ. | P35: =LEFT(Q35,1) -> Δ | Q35: Διοικητικός | R35: ΙΔΟΧ | S35: ipsaltis@civilprotection.gr | T35: psaltisjn@yahoo.com | U35: ΓΔΑΕΦΚ | V35: Δ24-ΔΙΕΥΘΥΝΣΗ ΜΗΤΡΩΩΝ | W35: ΑΠΕΒΙΩΣΕ | X35: 2 | AB35: ΕΧΕΙ ΠΑΡΑΙΤΗΘΕΙ ΕΊΝΑΙ ΣΤΗ ΔΙΑΠΙΣΤΩΤΙΚΗ, ΑΛΛΑ ΌΧΙ ΣΤΟ EXCEL ΤΗΣ ΓΔΑΕΦΚ - ΠΡΟΣΛΗΨΗ ΓΙΑ ΤΟ ΤΑΕΦΚ ΖΑΚΥΝΘΟΥ | AC35: 14465 | AD35: 1130
A36: =--SUBTOTAL(3,$B$2:B35) -> 33 | B36: 1194 | C36: ΔΑ | D36: 14218 | E36: ΘΕΛΕΡΙΤΗΣ | F36: ΗΛΙΑΣ | G36: ΒΑΣΙΛΕΙΟΣ | H36: =TRIM($E36)&" "&TRIM($F36) -> ΘΕΛΕΡΙΤΗΣ ΗΛΙΑΣ | I36: =TRIM($H36)&" - "&TRIM($O36)&" ("&TRIM(C36)&")" -> ΘΕΛΕΡΙΤΗΣ ΗΛΙΑΣ - ΠΕ ΠΟΛ. ΜΗΧ. (ΔΑ) | J36: 079698002 | K36: 08:30 - 16:30 | L36: 2296 440080 | M36: _ | N36: 6947937446 | O36: ΠΕ ΠΟΛ. ΜΗΧ. | P36: Μ | Q36: Μηχανικός | R36: ΙΔΟΧ | S36: itheleritis@civilprotection.gr | T36: crm125@yahoo.com | U36: ΤΑΕΦΚ ΔΑ | W36: ΤΑΕΦΚ-ΔΑ | X36: 4 | AA36: 45357 | AB36: ΕΧΕΙ ΠΑΡΑΙΤΗΘΕΙ | AD36: 14218

Sheet ΕΠΙΦΥΛΑΚΗ
B1: Γ.Δ.Α.Ε.Φ.Κ. : ΥΠΑΛΛΗΛΟΙ ΣΕ ΕΠΙΦΥΛΑΚΗ | G1: _ | BK1: =IF(SUMPRODUCT((BK4:BK1004=$G$1)*(SUBTOTAL(103,OFFSET(BK4,ROW(BK4:BK1004)-MIN(ROW(BK4:BK1004)),0))))=0,"",SUMPRODUCT((BK4:BK1004=$G$1)*(SUBTOTAL(103,OFFSET(BK4,ROW(BK4:BK1004)-MIN(ROW(BK4:BK1004)),0))))) | BL1: =IF(SUMPRODUCT((BL4:BL1004=$G$1)*(SUBTOTAL(103,OFFSET(BL4,ROW(BL4:BL1004)-MIN(ROW(BL4:BL1004)),0))))=0,"",SUMPRODUCT((BL4:BL1004=$G$1)*(SUBTOTAL(103,OFFSET(BL4,ROW(BL4:BL1004)-MIN(ROW(BL4:BL1004)),0))))) -> 1001 | BM1: =IF(SUMPRODUCT((BM4:BM1004=$G$1)*(SUBTOTAL(103,OFFSET(BM4,ROW(BM4:BM1004)-MIN(ROW(BM4:BM1004)),0))))=0,"",SUMPRODUCT((BM4:BM1004=$G$1)*(SUBTOTAL(103,OFFSET(BM4,ROW(BM4:BM1004)-MIN(ROW(BM4:BM1004)),0))))) -> 1001 | BN1: =IF(SUMPRODUCT((BN4:BN1004=$G$1)*(SUBTOTAL(103,OFFSET(BN4,ROW(BN4:BN1004)-MIN(ROW(BN4:BN1004)),0))))=0,"",SUMPRODUCT((BN4:BN1004=$G$1)*(SUBTOTAL(103,OFFSET(BN4,ROW(BN4:BN1004)-MIN(ROW(BN4:BN1004)),0))))) | BO1: =IF(SUMPRODUCT((BO4:BO1004=$G$1)*(SUBTOTAL(103,OFFSET(BO4,ROW(BO4:BO1004)-MIN(ROW(BO4:BO1004)),0))))=0,"",SUMPRODUCT((BO4:BO1004=$G$1)*(SUBTOTAL(103,OFFSET(BO4,ROW(BO4:BO1004)-MIN(ROW(BO4:BO1004)),0))))) -> 1001 | BP1: =IF(SUMPRODUCT((BP4:BP1004=$G$1)*(SUBTOTAL(103,OFFSET(BP4,ROW(BP4:BP1004)-MIN(ROW(BP4:BP1004)),0))))=0,"",SUMPRODUCT((BP4:BP1004=$G$1)*(SUBTOTAL(103,OFFSET(BP4,ROW(BP4:BP1004)-MIN(ROW(BP4:BP1004)),0))))) -> 1001 | BQ1: =IF(SUMPRODUCT((BQ4:BQ1004=$G$1)*(SUBTOTAL(103,OFFSET(BQ4,ROW(BQ4:BQ1004)-MIN(ROW(BQ4:BQ1004)),0))))=0,"",SUMPRODUCT((BQ4:BQ1004=$G$1)*(SUBTOTAL(103,OFFSET(BQ4,ROW(BQ4:BQ1004)-MIN(ROW(BQ4:BQ1004)),0))))) | BR1: =IF(SUMPRODUCT((BR4:BR1004=$G$1)*(SUBTOTAL(103,OFFSET(BR4,ROW(BR4:BR1004)-MIN(ROW(BR4:BR1004)),0))))=0,"",SUMPRODUCT((BR4:BR1004=$G$1)*(SUBTOTAL(103,OFFSET(BR4,ROW(BR4:BR1004)-MIN(ROW(BR4:BR1004)),0))))) -> 1001 | ... CU1: =IF(SUMPRODUCT((CU4:CU1004=$G$1)*(SUBTOTAL(103,OFFSET(CU4,ROW(CU4:CU1004)-MIN(ROW(CU4:CU1004)),0))))=0,"",SUMPRODUCT((CU4:CU1004=$G$1)*(SUBTOTAL(103,OFFSET(CU4,ROW(CU4:CU1004)-MIN(ROW(CU4:CU1004)),0)))))
B2: ΗΜΕΡΟΜΗΝΙΑ
A3: α/α | B3: από | C3: έως | D3: ΥΠΗΡΕΣΙΑ | E3: YPHRESIA | F3: YPALLHLOI | G3: SUM | H3: DUP | I3: ΣΥΝΟΛΟ ΥΠΑΛΛΗΛΩΝ | J3: Υπάλληλος 1 | K3: ΤΗΛΕΦΩΝΟ | M3: Υπάλληλος 2 | N3: ΤΗΛΕΦΩΝΟ | P3: Υπάλληλος 3 | Q3: ΤΗΛΕΦΩΝΟ | S3: Υπάλληλος 4 | T3: ΤΗΛΕΦΩΝΟ | V3: Υπάλληλος 5 | W3: ΤΗΛΕΦΩΝΟ | Y3: Υπάλληλος 6 | Z3: ΤΗΛΕΦΩΝΟ | AB3: Υπάλληλος 7 | AC3: ΤΗΛΕΦΩΝΟ | AE3: Υπάλληλος 8 | AF3: ΤΗΛΕΦΩΝΟ | AH3: Υπάλληλος 9 | AI3: ΤΗΛΕΦΩΝΟ | AK3: Υπάλληλος 10 | AL3: ΤΗΛΕΦΩΝΟ | AN3: Υπάλληλος 11 | AO3: ΤΗΛΕΦΩΝΟ | AQ3: Υπάλληλος 12 | AR3: ΤΗΛΕΦΩΝΟ | AT3: Υπάλληλος 13 | AU3: ΤΗΛΕΦΩΝΟ | AW3: Υπάλληλος 14 | AX3: ΤΗΛΕΦΩΝΟ | AZ3: Υπάλληλος 15 | BA3: ΤΗΛΕΦΩΝΟ | BC3: Υπάλληλος 16 | BD3: ΤΗΛΕΦΩΝΟ | BF3: Υπάλληλος 17 | BG3: ΤΗΛΕΦΩΝΟ | BI3: Υπάλληλος 18 | BJ3: ΤΗΛΕΦΩΝΟ | BL3: Υπάλληλος 19 | BM3: ΤΗΛΕΦΩΝΟ | BO3: Υπάλληλος 20 | BP3: ΤΗΛΕΦΩΝΟ | BR3: Υπάλληλος 21 | BU3: Υπάλληλος 22 | BX3: Υπάλληλος 23 | CA3: Υπάλληλος 24 | CD3: Υπάλληλος 25 | CG3: Υπάλληλος 26 | CJ3: Υπάλληλος 27 | CM3: Υπάλληλος 28 | CP3: Υπάλληλος 29 | CS3: Υπάλληλος 30
A4: =--SUBTOTAL(3,$B$3:B3) -> 1 | B4: 45017 | C4: 45024 | D4: ΔΑΕΦΚ-ΚΕ ΤΜΗΜΑ Α | E4: _ | F4: _ | G4: =IF(OR(C4="_",E4="_"),"__",CONCATENATE(C4,E4)) -> __ | H4: =IF(G4="__","FALSE",COUNTIF(G:G,G4)>1) -> FALSE | I4: =SUMPRODUCT((J4:CU4<>"_")*(MOD(COLUMN(J4:CU4)-COLUMN(J4),3)=0)) -> 15 | J4: ΒΑΙΤΣΗ ΒΑΣΙΛΙΚΗ | K4: =IF(VLOOKUP(J4,βοηθητικό!$J$2:$N$354,3,FALSE)="","",VLOOKUP(J4,βοηθητικό!$J$2:$N$354,3,FALSE)) -> 6977784031 | M4: ΚΑΡΑΤΖΕΝΗ ΑΙΚΑΤΕΡΙΝΗ | N4: =IF(VLOOKUP(M4,βοηθητικό!$J$2:$N$354,3,FALSE)="","",VLOOKUP(M4,βοηθητικό!$J$2:$N$354,3,FALSE)) -> 6973305838 | P4: ΣΤΡΑΤΙΔΑΚΗ ΚΥΡΙΑΚΗ | Q4: =IF(VLOOKUP(P4,βοηθητικό!$J$2:$N$354,3,FALSE)="","",VLOOKUP(P4,βοηθητικό!$J$2:$N$354,3,FALSE)) -> 6948851335 | S4: ΤΣΟΥΦΛΙΔΟΥ ΑΙΚΑΤΕΡΙΝΗ | T4: =IF(VLOOKUP(S4,βοηθητικό!$J$2:$N$354,3,FALSE)="","",VLOOKUP(S4,βοηθητικό!$J$2:$N$354,3,FALSE)) -> 6937699769 | V4: ΓΚΟΒΑΤΣΟΣ ΕΛΕΥΘΕΡΙΟΣ | W4: =IF(VLOOKUP(V4,βοηθητικό!$J$2:$N$354,3,FALSE)="","",VLOOKUP(V4,βοηθητικό!$J$2:$N$354,3,FALSE)) -> 6948693451 | Y4: ΕΣΚΙΝΤΖΗΣ ΑΠΟΣΤΟΛΟΣ | Z4: =IF(VLOOKUP(Y4,βοηθητικό!$J$2:$N$354,3,FALSE)="","",VLOOKUP(Y4,βοηθητικό!$J$2:$N$354,3,FALSE)) -> 6947244486 | AB4: ΚΟΥΡΗ ΑΝΕΣΤΙΑ | AC4: =IF(VLOOKUP(AB4,βοηθητικό!$J$2:$N$354,3,FALSE)="","",VLOOKUP(AB4,βοηθητικό!$J$2:$N$354,3,FALSE)) -> 6977507325 | AE4: ΚΟΥΤΣΙΑΝΟΥ ΣΟΦΙΑ | AF4: =IF(VLOOKUP(AE4,βοηθητικό!$J$2:$N$354,3,FALSE)="","",VLOOKUP(AE4,βοηθητικό!$J$2:$N$354,3,FALSE)) -> 6973248110 | AH4: ΚΩΤΟΥΛΑΣ ΑΣΤΕΡΙΟΣ | AI4: =IF(VLOOKUP(AH4,βοηθητικό!$J$2:$N$354,3,FALSE)="","",VLOOKUP(AH4,βοηθητικό!$J$2:$N$354,3,FALSE)) -> 6981873196 | AK4: ΜΕΝΟΓΛΟΥ ΜΙΧΑΗΛ | AL4: =IF(VLOOKUP(AK4,βοηθητικό!$J$2:$N$354,3,FALSE)="","",VLOOKUP(AK4,βοηθητικό!$J$2:$N$354,3,FALSE)) -> 6978485361 6949641611 | AN4: ΔΑΛΕΖΙΟΣ ΑΧΙΛΛΕΑΣ | AO4: =IF(VLOOKUP(AN4,βοηθητικό!$J$2:$N$354,3,FALSE)="","",VLOOKUP(AN4,βοηθητικό!$J$2:$N$354,3,FALSE)) -> 6974378663 | AQ4: ΔΙΠΛΑ ΑΝΤΩΝΙΑ | AR4: =IF(VLOOKUP(AQ4,βοηθητικό!$J$2:$N$354,3,FALSE)="","",VLOOKUP(AQ4,βοηθητικό!$J$2:$N$354,3,FALSE)) -> 6989602050 | AT4: ΞΕΝΟΥ ΣΤΑΜΑΤΙΝΑ | AU4: =IF(VLOOKUP(AT4,βοηθητικό!$J$2:$N$354,3,FALSE)="","",VLOOKUP(AT4,βοηθητικό!$J$2:$N$354,3,FALSE)) -> 6972234942 | AW4: ΚΕΒΕΡΗΣ ΜΙΧΑΗΛ | AX4: =IF(VLOOKUP(AW4,βοηθητικό!$J$2:$N$354,3,FALSE)="","",VLOOKUP(AW4,βοηθητικό!$J$2:$N$354,3,FALSE)) -> _ | AZ4: ΜΠΕΡΤΣΙΑΣ ΜΙΛΤΙΑΔΗΣ | BA4: =IF(VLOOKUP(AZ4,βοηθητικό!$J$2:$N$354,3,FALSE)="","",VLOOKUP(AZ4,βοηθητικό!$J$2:$N$354,3,FALSE)) -> 6974321817 | BC4: _ | BD4: =IF(VLOOKUP(BC4,βοηθητικό!$J$2:$N$354,3,FALSE)="","",VLOOKUP(BC4,βοηθητικό!$J$2:$N$354,3,FALSE)) -> _ | BF4: _ | BG4: =IF(VLOOKUP(BF4,βοηθητικό!$J$2:$N$354,3,FALSE)="","",VLOOKUP(BF4,βοηθητικό!$J$2:$N$354,3,FALSE)) -> _ | BI4: _ | BJ4: =IF(VLOOKUP(BI4,βοηθητικό!$J$2:$N$354,3,FALSE)="","",VLOOKUP(BI4,βοηθητικό!$J$2:$N$354,3,FALSE)) -> _ | BL4: _ | BM4: =IF(VLOOKUP(BL4,βοηθητικό!$J$2:$N$354,3,FALSE)="","",VLOOKUP(BL4,βοηθητικό!$J$2:$N$354,3,FALSE)) -> _ | BO4: _ | BP4: =IF(VLOOKUP(BO4,βοηθητικό!$J$2:$N$354,3,FALSE)="","",VLOOKUP(BO4,βοηθητικό!$J$2:$N$354,3,FALSE)) -> _ | BR4: _ | BS4: =IF(VLOOKUP(BR4,βοηθητικό!$J$2:$N$354,3,FALSE)="","",VLOOKUP(BR4,βοηθητικό!$J$2:$N$354,3,FALSE)) -> _ | BU4: _ | BV4: =IF(VLOOKUP(BU4,βοηθητικό!$J$2:$N$354,3,FALSE)="","",VLOOKUP(BU4,βοηθητικό!$J$2:$N$354,3,FALSE)) -> _ | BX4: _ | BY4: =IF(VLOOKUP(BX4,βοηθητικό!$J$2:$N$354,3,FALSE)="","",VLOOKUP(BX4,βοηθητικό!$J$2:$N$354,3,FALSE)) -> _ | CA4: _ | CB4: =IF(VLOOKUP(CA4,βοηθητικό!$J$2:$N$354,3,FALSE)="","",VLOOKUP(CA4,βοηθητικό!$J$2:$N$354,3,FALSE)) -> _ | CD4: _ | CE4: =IF(VLOOKUP(CD4,βοηθητικό!$J$2:$N$354,3,FALSE)="","",VLOOKUP(CD4,βοηθητικό!$J$2:$N$354,3,FALSE)) -> _ | CG4: _ | CH4: =IF(VLOOKUP(CG4,βοηθητικό!$J$2:$N$354,3,FALSE)="","",VLOOKUP(CG4,βοηθητικό!$J$2:$N$354,3,FALSE)) -> _ | CJ4: _ | CK4: =IF(VLOOKUP(CJ4,βοηθητικό!$J$2:$N$354,3,FALSE)="","",VLOOKUP(CJ4,βοηθητικό!$J$2:$N$354,3,FALSE)) -> _ | CM4: _ | CN4: =IF(VLOOKUP(CM4,βοηθητικό!$J$2:$N$354,3,FALSE)="","",VLOOKUP(CM4,βοηθητικό!$J$2:$N$354,3,FALSE)) -> _ | CP4: _ | CQ4: =IF(VLOOKUP(CP4,βοηθητικό!$J$2:$N$354,3,FALSE)="","",VLOOKUP(CP4,βοηθητικό!$J$2:$N$354,3,FALSE)) -> _ | CS4: _ | CT4: =IF(VLOOKUP(CS4,βοηθητικό!$J$2:$N$354,3,FALSE)="","",VLOOKUP(CS4,βοηθητικό!$J$2:$N$354,3,FALSE)) -> _
A5: =--SUBTOTAL(3,$B$3:B4) -> 2 | B5: 45017 | C5: 45024 | D5: ΔΑΕΦΚ-ΚΕ ΤΜΗΜΑ Δ | E5: _ | F5: _ | G5: =IF(OR(C5="_",E5="_"),"__",CONCATENATE(C5,E5)) -> __ | H5: =IF(G5="__","FALSE",COUNTIF(G:G,G5)>1) -> FALSE | I5: =SUMPRODUCT((J5:CU5<>"_")*(MOD(COLUMN(J5:CU5)-COLUMN(J5),3)=0)) -> 11 | J5: ΑΓΓΕΛΗΣ ΙΩΑΝΝΗΣ | K5: =IF(VLOOKUP(J5,βοηθητικό!$J$2:$N$354,3,FALSE)="","",VLOOKUP(J5,βοηθητικό!$J$2:$N$354,3,FALSE)) -> 6970117758 | M5: ΒΔΟΥΚΑΚΗ ΕΛΕΝΗ | N5: =IF(VLOOKUP(M5,βοηθητικό!$J$2:$N$354,3,FALSE)="","",VLOOKUP(M5,βοηθητικό!$J$2:$N$354,3,FALSE)) -> 6943440301 | P5: ΕΜΜΑΝΟΥΗΛ ΒΑΣΙΛΙΚΗ | Q5: =IF(VLOOKUP(P5,βοηθητικό!$J$2:$N$354,3,FALSE)="","",VLOOKUP(P5,βοηθητικό!$J$2:$N$354,3,FALSE)) -> 6940552610 | S5: ΖΟΥΓΡΗΣ ΔΗΜΗΤΡΙΟΣ | T5: =IF(VLOOKUP(S5,βοηθητικό!$J$2:$N$354,3,FALSE)="","",VLOOKUP(S5,βοηθητικό!$J$2:$N$354,3,FALSE)) -> 6984118511 | V5: ΚΑΡΑΘΑΝΑΣΗΣ ΝΙΚΟΛΑΟΣ | W5: =IF(VLOOKUP(V5,βοηθητικό!$J$2:$N$354,3,FALSE)="","",VLOOKUP(V5,βοηθητικό!$J$2:$N$354,3,FALSE)) -> 6974030990 | Y5: ΚΟΥΓΙΟΥΜΤΖΗ ΑΓΓΕΛΙΚΗ | Z5: =IF(VLOOKUP(Y5,βοηθητικό!$J$2:$N$354,3,FALSE)="","",VLOOKUP(Y5,βοηθητικό!$J$2:$N$354,3,FALSE)) -> 6932900686 | AB5: ΠΑΠΑΕΥΘΥΜΙΟΥ-ΓΩΓΟΣ ΓΕΩΡΓΙΟΣ | AC5: =IF(VLOOKUP(AB5,βοηθητικό!$J$2:$N$354,3,FALSE)="","",VLOOKUP(AB5,βοηθητικό!$J$2:$N$354,3,FALSE)) -> 6948358027 | AE5: ΠΟΖΙΟΥ ΚΑΣΣΙΑΝΗ | AF5: =IF(VLOOKUP(AE5,βοηθητικό!$J$2:$N$354,3,FALSE)="","",VLOOKUP(AE5,βοηθητικό!$J$2:$N$354,3,FALSE)) -> 6984685650 | AH5: ΣΑΡΛΑΣ ΜΑΡΙΝΟΣ | AI5: =IF(VLOOKUP(AH5,βοηθητικό!$J$2:$N$354,3,FALSE)="","",VLOOKUP(AH5,βοηθητικό!$J$2:$N$354,3,FALSE)) -> 6973806827 | AK5: ΣΙΑΤΗ ΕΛΕΝΗ | AL5: =IF(VLOOKUP(AK5,βοηθητικό!$J$2:$N$354,3,FALSE)="","",VLOOKUP(AK5,βοηθητικό!$J$2:$N$354,3,FALSE)) -> 6945853478 | AN5: ΤΣΙΓΓΕΡΙΔΗΣ ΕΥΘΥΜΙΟΣ | AO5: =IF(VLOOKUP(AN5,βοηθητικό!$J$2:$N$354,3,FALSE)="","",VLOOKUP(AN5,βοηθητικό!$J$2:$N$354,3,FALSE)) -> 6987312059 | AQ5: _ | AR5: =IF(VLOOKUP(AQ5,βοηθητικό!$J$2:$N$354,3,FALSE)="","",VLOOKUP(AQ5,βοηθητικό!$J$2:$N$354,3,FALSE)) -> _ | AT5: _ | AU5: =IF(VLOOKUP(AT5,βοηθητικό!$J$2:$N$354,3,FALSE)="","",VLOOKUP(AT5,βοηθητικό!$J$2:$N$354,3,FALSE)) -> _ | AW5: _ | AX5: =IF(VLOOKUP(AW5,βοηθητικό!$J$2:$N$354,3,FALSE)="","",VLOOKUP(AW5,βοηθητικό!$J$2:$N$354,3,FALSE)) -> _ | AZ5: _ | BA5: =IF(VLOOKUP(AZ5,βοηθητικό!$J$2:$N$354,3,FALSE)="","",VLOOKUP(AZ5,βοηθητικό!$J$2:$N$354,3,FALSE)) -> _ | BC5: _ | BD5: =IF(VLOOKUP(BC5,βοηθητικό!$J$2:$N$354,3,FALSE)="","",VLOOKUP(BC5,βοηθητικό!$J$2:$N$354,3,FALSE)) -> _ | BF5: _ | BG5: =IF(VLOOKUP(BF5,βοηθητικό!$J$2:$N$354,3,FALSE)="","",VLOOKUP(BF5,βοηθητικό!$J$2:$N$354,3,FALSE)) -> _ | BI5: _ | BJ5: =IF(VLOOKUP(BI5,βοηθητικό!$J$2:$N$354,3,FALSE)="","",VLOOKUP(BI5,βοηθητικό!$J$2:$N$354,3,FALSE)) -> _ | BL5: _ | BM5: =IF(VLOOKUP(BL5,βοηθητικό!$J$2:$N$354,3,FALSE)="","",VLOOKUP(BL5,βοηθητικό!$J$2:$N$354,3,FALSE)) -> _ | BO5: _ | BP5: =IF(VLOOKUP(BO5,βοηθητικό!$J$2:$N$354,3,FALSE)="","",VLOOKUP(BO5,βοηθητικό!$J$2:$N$354,3,FALSE)) -> _ | BR5: _ | BS5: =IF(VLOOKUP(BR5,βοηθητικό!$J$2:$N$354,3,FALSE)="","",VLOOKUP(BR5,βοηθητικό!$J$2:$N$354,3,FALSE)) -> _ | BU5: _ | BV5: =IF(VLOOKUP(BU5,βοηθητικό!$J$2:$N$354,3,FALSE)="","",VLOOKUP(BU5,βοηθητικό!$J$2:$N$354,3,FALSE)) -> _ | BX5: _ | BY5: =IF(VLOOKUP(BX5,βοηθητικό!$J$2:$N$354,3,FALSE)="","",VLOOKUP(BX5,βοηθητικό!$J$2:$N$354,3,FALSE)) -> _ | CA5: _ | CB5: =IF(VLOOKUP(CA5,βοηθητικό!$J$2:$N$354,3,FALSE)="","",VLOOKUP(CA5,βοηθητικό!$J$2:$N$354,3,FALSE)) -> _ | CD5: _ | CE5: =IF(VLOOKUP(CD5,βοηθητικό!$J$2:$N$354,3,FALSE)="","",VLOOKUP(CD5,βοηθητικό!$J$2:$N$354,3,FALSE)) -> _ | CG5: _ | CH5: =IF(VLOOKUP(CG5,βοηθητικό!$J$2:$N$354,3,FALSE)="","",VLOOKUP(CG5,βοηθητικό!$J$2:$N$354,3,FALSE)) -> _ | CJ5: _ | CK5: =IF(VLOOKUP(CJ5,βοηθητικό!$J$2:$N$354,3,FALSE)="","",VLOOKUP(CJ5,βοηθητικό!$J$2:$N$354,3,FALSE)) -> _ | CM5: _ | CN5: =IF(VLOOKUP(CM5,βοηθητικό!$J$2:$N$354,3,FALSE)="","",VLOOKUP(CM5,βοηθητικό!$J$2:$N$354,3,FALSE)) -> _ | CP5: _ | CQ5: =IF(VLOOKUP(CP5,βοηθητικό!$J$2:$N$354,3,FALSE)="","",VLOOKUP(CP5,βοηθητικό!$J$2:$N$354,3,FALSE)) -> _ | CS5: _ | CT5: =IF(VLOOKUP(CS5,βοηθητικό!$J$2:$N$354,3,FALSE)="","",VLOOKUP(CS5,βοηθητικό!$J$2:$N$354,3,FALSE)) -> _
A6: =--SUBTOTAL(3,$B$3:B5) -> 3 | B6: 45017 | C6: 45024 | D6: ΤΑΕΦΚ-ΑΑ | E6: _ | F6: _ | G6: =IF(OR(C6="_",E6="_"),"__",CONCATENATE(C6,E6)) -> __ | H6: =IF(G6="__","FALSE",COUNTIF(G:G,G6)>1) -> FALSE | I6: =SUMPRODUCT((J6:CU6<>"_")*(MOD(COLUMN(J6:CU6)-COLUMN(J6),3)=0)) -> 10 | J6: ΑΓΑΔΑΚΟΥ ΑΛΚΜΗΝΗ | K6: =IF(VLOOKUP(J6,βοηθητικό!$J$2:$N$354,3,FALSE)="","",VLOOKUP(J6,βοηθητικό!$J$2:$N$354,3,FALSE)) -> 6932285994 | M6: ΠΑΠΠΗ ΦΩΤΕΙΝΗ | N6: =IF(VLOOKUP(M6,βοηθητικό!$J$2:$N$354,3,FALSE)="","",VLOOKUP(M6,βοηθητικό!$J$2:$N$354,3,FALSE)) -> 6936968187 | P6: ΧΟΝΤΑΣ ΠΑΝΑΓΙΩΤΗΣ | Q6: =IF(VLOOKUP(P6,βοηθητικό!$J$2:$N$354,3,FALSE)="","",VLOOKUP(P6,βοηθητικό!$J$2:$N$354,3,FALSE)) -> 6936631245 | S6: ΔΙΑΜΑΝΤΟΠΟΥΛΟΣ ΓΕΩΡΓΙΟΣ | T6: =IF(VLOOKUP(S6,βοηθητικό!$J$2:$N$354,3,FALSE)="","",VLOOKUP(S6,βοηθητικό!$J$2:$N$354,3,FALSE)) -> 6939405094 | V6: ΠΑΤΕΡΑΚΗΣ ΣΤΥΛΙΑΝΟΣ | W6: =IF(VLOOKUP(V6,βοηθητικό!$J$2:$N$354,3,FALSE)="","",VLOOKUP(V6,βοηθητικό!$J$2:$N$354,3,FALSE)) -> 6977413847 | Y6: ΜΠΟΥΣΟΥΝΗΣ ΙΩΑΝΝΗΣ | Z6: =IF(VLOOKUP(Y6,βοηθητικό!$J$2:$N$354,3,FALSE)="","",VLOOKUP(Y6,βοηθητικό!$J$2:$N$354,3,FALSE)) -> 6985127305 | AB6: ΛΙΟΝΑΚΗ ΟΛΥΜΠΙΑ | AC6: =IF(VLOOKUP(AB6,βοηθητικό!$J$2:$N$354,3,FALSE)="","",VLOOKUP(AB6,βοηθητικό!$J$2:$N$354,3,FALSE)) -> 6944050931 | AE6: ΔΟΥΣΚΑΡΗ ΕΙΡΗΝΗ | AF6: =IF(VLOOKUP(AE6,βοηθητικό!$J$2:$N$354,3,FALSE)="","",VLOOKUP(AE6,βοηθητικό!$J$2:$N$354,3,FALSE)) -> 6909399934 | AH6: ΚΑΡΑΙΣΑΣ ΑΘΑΝΑΣΙΟΣ | AI6: =IF(VLOOKUP(AH6,βοηθητικό!$J$2:$N$354,3,FALSE)="","",VLOOKUP(AH6,βοηθητικό!$J$2:$N$354,3,FALSE)) -> 6973559599 | AK6: ΦΡΑΓΚΟΔΗΜΗΤΡΗ ΜΑΡΙΑ | AL6: =IF(VLOOKUP(AK6,βοηθητικό!$J$2:$N$354,3,FALSE)="","",VLOOKUP(AK6,βοηθητικό!$J$2:$N$354,3,FALSE)) -> 6977638141 | AN6: _ | AO6: =IF(VLOOKUP(AN6,βοηθητικό!$J$2:$N$354,3,FALSE)="","",VLOOKUP(AN6,βοηθητικό!$J$2:$N$354,3,FALSE)) -> _ | AQ6: _ | AR6: =IF(VLOOKUP(AQ6,βοηθητικό!$J$2:$N$354,3,FALSE)="","",VLOOKUP(AQ6,βοηθητικό!$J$2:$N$354,3,FALSE)) -> _ | AT6: _ | AU6: =IF(VLOOKUP(AT6,βοηθητικό!$J$2:$N$354,3,FALSE)="","",VLOOKUP(AT6,βοηθητικό!$J$2:$N$354,3,FALSE)) -> _ | AW6: _ | AX6: =IF(VLOOKUP(AW6,βοηθητικό!$J$2:$N$354,3,FALSE)="","",VLOOKUP(AW6,βοηθητικό!$J$2:$N$354,3,FALSE)) -> _ | AZ6: _ | BA6: =IF(VLOOKUP(AZ6,βοηθητικό!$J$2:$N$354,3,FALSE)="","",VLOOKUP(AZ6,βοηθητικό!$J$2:$N$354,3,FALSE)) -> _ | BC6: _ | BD6: =IF(VLOOKUP(BC6,βοηθητικό!$J$2:$N$354,3,FALSE)="","",VLOOKUP(BC6,βοηθητικό!$J$2:$N$354,3,FALSE)) -> _ | BF6: _ | BG6: =IF(VLOOKUP(BF6,βοηθητικό!$J$2:$N$354,3,FALSE)="","",VLOOKUP(BF6,βοηθητικό!$J$2:$N$354,3,FALSE)) -> _ | BI6: _ | BJ6: =IF(VLOOKUP(BI6,βοηθητικό!$J$2:$N$354,3,FALSE)="","",VLOOKUP(BI6,βοηθητικό!$J$2:$N$354,3,FALSE)) -> _ | BL6: _ | BM6: =IF(VLOOKUP(BL6,βοηθητικό!$J$2:$N$354,3,FALSE)="","",VLOOKUP(BL6,βοηθητικό!$J$2:$N$354,3,FALSE)) -> _ | BO6: _ | BP6: =IF(VLOOKUP(BO6,βοηθητικό!$J$2:$N$354,3,FALSE)="","",VLOOKUP(BO6,βοηθητικό!$J$2:$N$354,3,FALSE)) -> _ | BR6: _ | BS6: =IF(VLOOKUP(BR6,βοηθητικό!$J$2:$N$354,3,FALSE)="","",VLOOKUP(BR6,βοηθητικό!$J$2:$N$354,3,FALSE)) -> _ | BU6: _ | BV6: =IF(VLOOKUP(BU6,βοηθητικό!$J$2:$N$354,3,FALSE)="","",VLOOKUP(BU6,βοηθητικό!$J$2:$N$354,3,FALSE)) -> _ | BX6: _ | BY6: =IF(VLOOKUP(BX6,βοηθητικό!$J$2:$N$354,3,FALSE)="","",VLOOKUP(BX6,βοηθητικό!$J$2:$N$354,3,FALSE)) -> _ | CA6: _ | CB6: =IF(VLOOKUP(CA6,βοηθητικό!$J$2:$N$354,3,FALSE)="","",VLOOKUP(CA6,βοηθητικό!$J$2:$N$354,3,FALSE)) -> _ | CD6: _ | CE6: =IF(VLOOKUP(CD6,βοηθητικό!$J$2:$N$354,3,FALSE)="","",VLOOKUP(CD6,βοηθητικό!$J$2:$N$354,3,FALSE)) -> _ | CG6: _ | CH6: =IF(VLOOKUP(CG6,βοηθητικό!$J$2:$N$354,3,FALSE)="","",VLOOKUP(CG6,βοηθητικό!$J$2:$N$354,3,FALSE)) -> _ | CJ6: _ | CK6: =IF(VLOOKUP(CJ6,βοηθητικό!$J$2:$N$354,3,FALSE)="","",VLOOKUP(CJ6,βοηθητικό!$J$2:$N$354,3,FALSE)) -> _ | CM6: _ | CN6: =IF(VLOOKUP(CM6,βοηθητικό!$J$2:$N$354,3,FALSE)="","",VLOOKUP(CM6,βοηθητικό!$J$2:$N$354,3,FALSE)) -> _ | CP6: _ | CQ6: =IF(VLOOKUP(CP6,βοηθητικό!$J$2:$N$354,3,FALSE)="","",VLOOKUP(CP6,βοηθητικό!$J$2:$N$354,3,FALSE)) -> _ | CS6: _ | CT6: =IF(VLOOKUP(CS6,βοηθητικό!$J$2:$N$354,3,FALSE)="","",VLOOKUP(CS6,βοηθητικό!$J$2:$N$354,3,FALSE)) -> _
A7: =--SUBTOTAL(3,$B$3:B6) -> 4 | B7: 45017 | C7: 45024 | D7: ΔΑΕΦΚ-ΔΕ | E7: _ | F7: _ | G7: =IF(OR(C7="_",E7="_"),"__",CONCATENATE(C7,E7)) -> __ | H7: =IF(G7="__","FALSE",COUNTIF(G:G,G7)>1) -> FALSE | I7: =SUMPRODUCT((J7:CU7<>"_")*(MOD(COLUMN(J7:CU7)-COLUMN(J7),3)=0)) -> 6 | J7: ΒΟΥΡΛΟΥΜΗΣ ΛΑΜΠΡΟΣ | K7: =IF(VLOOKUP(J7,βοηθητικό!$J$2:$N$354,3,FALSE)="","",VLOOKUP(J7,βοηθητικό!$J$2:$N$354,3,FALSE)) -> 6972289471 | M7: ΤΣΙΜΑΡΑ ΕΥΑΓΓΕΛΙΑ | N7: =IF(VLOOKUP(M7,βοηθητικό!$J$2:$N$354,3,FALSE)="","",VLOOKUP(M7,βοηθητικό!$J$2:$N$354,3,FALSE)) -> 6947371545 | P7: ΚΟΥΛΟΥΡΗΣ ΚΩΝΣΤΑΝΤΙΝΟΣ | Q7: =IF(VLOOKUP(P7,βοηθητικό!$J$2:$N$354,3,FALSE)="","",VLOOKUP(P7,βοηθητικό!$J$2:$N$354,3,FALSE)) -> 6944370079 | S7: ΣΟΥΒΑΛΙΩΤΗ ΧΡΙΣΤΙΝΑ | T7: =IF(VLOOKUP(S7,βοηθητικό!$J$2:$N$354,3,FALSE)="","",VLOOKUP(S7,βοηθητικό!$J$2:$N$354,3,FALSE)) -> 6955562181 | V7: ΣΤΕΦΟΠΟΥΛΟΥ ΓΕΩΡΓΙΑ | W7: =IF(VLOOKUP(V7,βοηθητικό!$J$2:$N$354,3,FALSE)="","",VLOOKUP(V7,βοηθητικό!$J$2:$N$354,3,FALSE)) -> 6937185269 | Y7: ΣΜΥΡΝΑΙΟΥ ΑΝΝΑ-ΜΑΡΙΑ | Z7: =IF(VLOOKUP(Y7,βοηθητικό!$J$2:$N$354,3,FALSE)="","",VLOOKUP(Y7,βοηθητικό!$J$2:$N$354,3,FALSE)) -> 6934004858 | AB7: _ | AC7: =IF(VLOOKUP(AB7,βοηθητικό!$J$2:$N$354,3,FALSE)="","",VLOOKUP(AB7,βοηθητικό!$J$2:$N$354,3,FALSE)) -> _ | AE7: _ | AF7: =IF(VLOOKUP(AE7,βοηθητικό!$J$2:$N$354,3,FALSE)="","",VLOOKUP(AE7,βοηθητικό!$J$2:$N$354,3,FALSE)) -> _ | AH7: _ | AI7: =IF(VLOOKUP(AH7,βοηθητικό!$J$2:$N$354,3,FALSE)="","",VLOOKUP(AH7,βοηθητικό!$J$2:$N$354,3,FALSE)) -> _ | AK7: _ | AL7: =IF(VLOOKUP(AK7,βοηθητικό!$J$2:$N$354,3,FALSE)="","",VLOOKUP(AK7,βοηθητικό!$J$2:$N$354,3,FALSE)) -> _ | AN7: _ | AO7: =IF(VLOOKUP(AN7,βοηθητικό!$J$2:$N$354,3,FALSE)="","",VLOOKUP(AN7,βοηθητικό!$J$2:$N$354,3,FALSE)) -> _ | AQ7: _ | AR7: =IF(VLOOKUP(AQ7,βοηθητικό!$J$2:$N$354,3,FALSE)="","",VLOOKUP(AQ7,βοηθητικό!$J$2:$N$354,3,FALSE)) -> _ | AT7: _ | AU7: =IF(VLOOKUP(AT7,βοηθητικό!$J$2:$N$354,3,FALSE)="","",VLOOKUP(AT7,βοηθητικό!$J$2:$N$354,3,FALSE)) -> _ | AW7: _ | AX7: =IF(VLOOKUP(AW7,βοηθητικό!$J$2:$N$354,3,FALSE)="","",VLOOKUP(AW7,βοηθητικό!$J$2:$N$354,3,FALSE)) -> _ | AZ7: _ | BA7: =IF(VLOOKUP(AZ7,βοηθητικό!$J$2:$N$354,3,FALSE)="","",VLOOKUP(AZ7,βοηθητικό!$J$2:$N$354,3,FALSE)) -> _ | BC7: _ | BD7: =IF(VLOOKUP(BC7,βοηθητικό!$J$2:$N$354,3,FALSE)="","",VLOOKUP(BC7,βοηθητικό!$J$2:$N$354,3,FALSE)) -> _ | BF7: _ | BG7: =IF(VLOOKUP(BF7,βοηθητικό!$J$2:$N$354,3,FALSE)="","",VLOOKUP(BF7,βοηθητικό!$J$2:$N$354,3,FALSE)) -> _ | BI7: _ | BJ7: =IF(VLOOKUP(BI7,βοηθητικό!$J$2:$N$354,3,FALSE)="","",VLOOKUP(BI7,βοηθητικό!$J$2:$N$354,3,FALSE)) -> _ | BL7: _ | BM7: =IF(VLOOKUP(BL7,βοηθητικό!$J$2:$N$354,3,FALSE)="","",VLOOKUP(BL7,βοηθητικό!$J$2:$N$354,3,FALSE)) -> _ | BO7: _ | BP7: =IF(VLOOKUP(BO7,βοηθητικό!$J$2:$N$354,3,FALSE)="","",VLOOKUP(BO7,βοηθητικό!$J$2:$N$354,3,FALSE)) -> _ | BR7: _ | BS7: =IF(VLOOKUP(BR7,βοηθητικό!$J$2:$N$354,3,FALSE)="","",VLOOKUP(BR7,βοηθητικό!$J$2:$N$354,3,FALSE)) -> _ | BU7: _ | BV7: =IF(VLOOKUP(BU7,βοηθητικό!$J$2:$N$354,3,FALSE)="","",VLOOKUP(BU7,βοηθητικό!$J$2:$N$354,3,FALSE)) -> _ | BX7: _ | BY7: =IF(VLOOKUP(BX7,βοηθητικό!$J$2:$N$354,3,FALSE)="","",VLOOKUP(BX7,βοηθητικό!$J$2:$N$354,3,FALSE)) -> _ | CA7: _ | CB7: =IF(VLOOKUP(CA7,βοηθητικό!$J$2:$N$354,3,FALSE)="","",VLOOKUP(CA7,βοηθητικό!$J$2:$N$354,3,FALSE)) -> _ | CD7: _ | CE7: =IF(VLOOKUP(CD7,βοηθητικό!$J$2:$N$354,3,FALSE)="","",VLOOKUP(CD7,βοηθητικό!$J$2:$N$354,3,FALSE)) -> _ | CG7: _ | CH7: =IF(VLOOKUP(CG7,βοηθητικό!$J$2:$N$354,3,FALSE)="","",VLOOKUP(CG7,βοηθητικό!$J$2:$N$354,3,FALSE)) -> _ | CJ7: _ | CK7: =IF(VLOOKUP(CJ7,βοηθητικό!$J$2:$N$354,3,FALSE)="","",VLOOKUP(CJ7,βοηθητικό!$J$2:$N$354,3,FALSE)) -> _ | CM7: _ | CN7: =IF(VLOOKUP(CM7,βοηθητικό!$J$2:$N$354,3,FALSE)="","",VLOOKUP(CM7,βοηθητικό!$J$2:$N$354,3,FALSE)) -> _ | CP7: _ | CQ7: =IF(VLOOKUP(CP7,βοηθητικό!$J$2:$N$354,3,FALSE)="","",VLOOKUP(CP7,βοηθητικό!$J$2:$N$354,3,FALSE)) -> _ | CS7: _ | CT7: =IF(VLOOKUP(CS7,βοηθητικό!$J$2:$N$354,3,FALSE)="","",VLOOKUP(CS7,βοηθητικό!$J$2:$N$354,3,FALSE)) -> _
A8: =--SUBTOTAL(3,$B$3:B7) -> 5 | B8: 45017 | C8: 45024 | D8: ΔΑΕΦΚ-ΒΕ | E8: _ | F8: _ | G8: =IF(OR(C8="_",E8="_"),"__",CONCATENATE(C8,E8)) -> __ | H8: =IF(G8="__","FALSE",COUNTIF(G:G,G8)>1) -> FALSE | I8: =SUMPRODUCT((J8:CU8<>"_")*(MOD(COLUMN(J8:CU8)-COLUMN(J8),3)=0)) -> 14 | J8: ΑΝΑΓΝΩΣΤΟΥ ΑΛΕΞΑΝΔΡΟΣ | K8: =IF(VLOOKUP(J8,βοηθητικό!$J$2:$N$354,3,FALSE)="","",VLOOKUP(J8,βοηθητικό!$J$2:$N$354,3,FALSE)) -> 6949672608 | M8: ΔΑΜΙΑΝΙΔΟΥ ΕΥΘΥΜΙΑ | N8: =IF(VLOOKUP(M8,βοηθητικό!$J$2:$N$354,3,FALSE)="","",VLOOKUP(M8,βοηθητικό!$J$2:$N$354,3,FALSE)) -> 6979228710 | P8: ΔΗΜΗΤΡΙΑΔΟΥ ΣΟΝΙΑ | Q8: =IF(VLOOKUP(P8,βοηθητικό!$J$2:$N$354,3,FALSE)="","",VLOOKUP(P8,βοηθητικό!$J$2:$N$354,3,FALSE)) -> 6978333742 | S8: ΤΖΙΩΡΑΣ ΔΗΜΗΤΡΙΟΣ | T8: =IF(VLOOKUP(S8,βοηθητικό!$J$2:$N$354,3,FALSE)="","",VLOOKUP(S8,βοηθητικό!$J$2:$N$354,3,FALSE)) -> 6972712141 | V8: ΔΑΣΚΑΛΗ ΒΑΣΙΛΙΚΗ | W8: =IF(VLOOKUP(V8,βοηθητικό!$J$2:$N$354,3,FALSE)="","",VLOOKUP(V8,βοηθητικό!$J$2:$N$354,3,FALSE)) -> 6946431686 | Y8: ΜΑΤΘΑΙΟΥ ΓΕΩΡΓΙΟΣ | Z8: =IF(VLOOKUP(Y8,βοηθητικό!$J$2:$N$354,3,FALSE)="","",VLOOKUP(Y8,βοηθητικό!$J$2:$N$354,3,FALSE)) -> 6907366486 | AB8: ΚΟΚΚΙΝΙΔΟΥ ΠΕΛΑΓΙΑ | AC8: =IF(VLOOKUP(AB8,βοηθητικό!$J$2:$N$354,3,FALSE)="","",VLOOKUP(AB8,βοηθητικό!$J$2:$N$354,3,FALSE)) -> 6978486629 | AE8: ΔΗΜΟΣΘΕΝΗΣ ΒΛΑΣΙΟΣ | AF8: =IF(VLOOKUP(AE8,βοηθητικό!$J$2:$N$354,3,FALSE)="","",VLOOKUP(AE8,βοηθητικό!$J$2:$N$354,3,FALSE)) -> 6985709513 | AH8: ΓΕΩΡΓΙΑΔΗΣ ΣΤΑΥΡΟΣ | AI8: =IF(VLOOKUP(AH8,βοηθητικό!$J$2:$N$354,3,FALSE)="","",VLOOKUP(AH8,βοηθητικό!$J$2:$N$354,3,FALSE)) -> 6944899817 | AK8: ΓΚΟΡΠΑ ΜΑΓΙΟΥΛΑ | AL8: =IF(VLOOKUP(AK8,βοηθητικό!$J$2:$N$354,3,FALSE)="","",VLOOKUP(AK8,βοηθητικό!$J$2:$N$354,3,FALSE)) -> 6938905960 | AN8: ΔΙΠΛΑ ΒΙΡΓΙΝΙΑ | AO8: =IF(VLOOKUP(AN8,βοηθητικό!$J$2:$N$354,3,FALSE)="","",VLOOKUP(AN8,βοηθητικό!$J$2:$N$354,3,FALSE)) -> 6983032595 | AQ8: ΖΥΓΟΥΡΑΣ ΕΥΘΥΜΙΟΣ | AR8: =IF(VLOOKUP(AQ8,βοηθητικό!$J$2:$N$354,3,FALSE)="","",VLOOKUP(AQ8,βοηθητικό!$J$2:$N$354,3,FALSE)) -> 6973803702 | AT8: ΚΑΡΑΚΑΤΣΑΝΗ ΕΙΡΗΝΗ | AU8: =IF(VLOOKUP(AT8,βοηθητικό!$J$2:$N$354,3,FALSE)="","",VLOOKUP(AT8,βοηθητικό!$J$2:$N$354,3,FALSE)) -> 6946132795 | AW8: ΤΣΙΜΤΣΙΡΗΣ ΚΩΝΣΤΑΝΤΙΝΟΣ | AX8: =IF(VLOOKUP(AW8,βοηθητικό!$J$2:$N$354,3,FALSE)="","",VLOOKUP(AW8,βοηθητικό!$J$2:$N$354,3,FALSE)) -> 2310450093 | AZ8: _ | BA8: =IF(VLOOKUP(AZ8,βοηθητικό!$J$2:$N$354,3,FALSE)="","",VLOOKUP(AZ8,βοηθητικό!$J$2:$N$354,3,FALSE)) -> _ | BC8: _ | BD8: =IF(VLOOKUP(BC8,βοηθητικό!$J$2:$N$354,3,FALSE)="","",VLOOKUP(BC8,βοηθητικό!$J$2:$N$354,3,FALSE)) -> _ | BF8: _ | BG8: =IF(VLOOKUP(BF8,βοηθητικό!$J$2:$N$354,3,FALSE)="","",VLOOKUP(BF8,βοηθητικό!$J$2:$N$354,3,FALSE)) -> _ | BI8: _ | BJ8: =IF(VLOOKUP(BI8,βοηθητικό!$J$2:$N$354,3,FALSE)="","",VLOOKUP(BI8,βοηθητικό!$J$2:$N$354,3,FALSE)) -> _ | BL8: _ | BM8: =IF(VLOOKUP(BL8,βοηθητικό!$J$2:$N$354,3,FALSE)="","",VLOOKUP(BL8,βοηθητικό!$J$2:$N$354,3,FALSE)) -> _ | BO8: _ | BP8: =IF(VLOOKUP(BO8,βοηθητικό!$J$2:$N$354,3,FALSE)="","",VLOOKUP(BO8,βοηθητικό!$J$2:$N$354,3,FALSE)) -> _ | BR8: _ | BS8: =IF(VLOOKUP(BR8,βοηθητικό!$J$2:$N$354,3,FALSE)="","",VLOOKUP(BR8,βοηθητικό!$J$2:$N$354,3,FALSE)) -> _ | BU8: _ | BV8: =IF(VLOOKUP(BU8,βοηθητικό!$J$2:$N$354,3,FALSE)="","",VLOOKUP(BU8,βοηθητικό!$J$2:$N$354,3,FALSE)) -> _ | BX8: _ | BY8: =IF(VLOOKUP(BX8,βοηθητικό!$J$2:$N$354,3,FALSE)="","",VLOOKUP(BX8,βοηθητικό!$J$2:$N$354,3,FALSE)) -> _ | CA8: _ | CB8: =IF(VLOOKUP(CA8,βοηθητικό!$J$2:$N$354,3,FALSE)="","",VLOOKUP(CA8,βοηθητικό!$J$2:$N$354,3,FALSE)) -> _ | CD8: _ | CE8: =IF(VLOOKUP(CD8,βοηθητικό!$J$2:$N$354,3,FALSE)="","",VLOOKUP(CD8,βοηθητικό!$J$2:$N$354,3,FALSE)) -> _ | CG8: _ | CH8: =IF(VLOOKUP(CG8,βοηθητικό!$J$2:$N$354,3,FALSE)="","",VLOOKUP(CG8,βοηθητικό!$J$2:$N$354,3,FALSE)) -> _ | CJ8: _ | CK8: =IF(VLOOKUP(CJ8,βοηθητικό!$J$2:$N$354,3,FALSE)="","",VLOOKUP(CJ8,βοηθητικό!$J$2:$N$354,3,FALSE)) -> _ | CM8: _ | CN8: =IF(VLOOKUP(CM8,βοηθητικό!$J$2:$N$354,3,FALSE)="","",VLOOKUP(CM8,βοηθητικό!$J$2:$N$354,3,FALSE)) -> _ | CP8: _ | CQ8: =IF(VLOOKUP(CP8,βοηθητικό!$J$2:$N$354,3,FALSE)="","",VLOOKUP(CP8,βοηθητικό!$J$2:$N$354,3,FALSE)) -> _ | CS8: _ | CT8: =IF(VLOOKUP(CS8,βοηθητικό!$J$2:$N$354,3,FALSE)="","",VLOOKUP(CS8,βοηθητικό!$J$2:$N$354,3,FALSE)) -> _
A9: =--SUBTOTAL(3,$B$3:B8) -> 6 | B9: 45025 | C9: 45031 | D9: ΔΑΕΦΚ-ΚΕ ΤΜΗΜΑ Α | E9: _ | F9: _ | G9: =IF(OR(C9="_",E9="_"),"__",CONCATENATE(C9,E9)) -> __ | H9: =IF(G9="__","FALSE",COUNTIF(G:G,G9)>1) -> FALSE | I9: =SUMPRODUCT((J9:CU9<>"_")*(MOD(COLUMN(J9:CU9)-COLUMN(J9),3)=0)) -> 6 | J9: ΔΕΛΗΒΑΣΙΛΗ ΓΕΩΡΓΙΑ | K9: =IF(VLOOKUP(J9,βοηθητικό!$J$2:$N$354,3,FALSE)="","",VLOOKUP(J9,βοηθητικό!$J$2:$N$354,3,FALSE)) -> 6909870019 | M9: ΜΑΡΚΟΥΛΑΚΗ ΗΛΙΑΝΑ | N9: =IF(VLOOKUP(M9,βοηθητικό!$J$2:$N$354,3,FALSE)="","",VLOOKUP(M9,βοηθητικό!$J$2:$N$354,3,FALSE)) -> 6970932706 | P9: ΠΑΝΑΓΙΟΥ ΛΕΜΟΝΙΑ | Q9: =IF(VLOOKUP(P9,βοηθητικό!$J$2:$N$354,3,FALSE)="","",VLOOKUP(P9,βοηθητικό!$J$2:$N$354,3,FALSE)) -> 6982255759 | S9: ΠΑΝΟΥΤΣΟΠΟΥΛΟΥ ΦΑΝΟΥΡΙΑ-ΤΙΤΙΚΑ | T9: =IF(VLOOKUP(S9,βοηθητικό!$J$2:$N$354,3,FALSE)="","",VLOOKUP(S9,βοηθητικό!$J$2:$N$354,3,FALSE)) -> 6944439132 | V9: ΣΤΑΥΡΟΥ ΕΥΔΟΞΙΑ | W9: =IF(VLOOKUP(V9,βοηθητικό!$J$2:$N$354,3,FALSE)="","",VLOOKUP(V9,βοηθητικό!$J$2:$N$354,3,FALSE)) -> 6947205702 | Y9: ΧΑΣΑΠΗΣ ΗΡΑΚΛΗΣ | Z9: =IF(VLOOKUP(Y9,βοηθητικό!$J$2:$N$354,3,FALSE)="","",VLOOKUP(Y9,βοηθητικό!$J$2:$N$354,3,FALSE)) -> 6974746709 | AB9: _ | AC9: =IF(VLOOKUP(AB9,βοηθητικό!$J$2:$N$354,3,FALSE)="","",VLOOKUP(AB9,βοηθητικό!$J$2:$N$354,3,FALSE)) -> _ | AE9: _ | AF9: =IF(VLOOKUP(AE9,βοηθητικό!$J$2:$N$354,3,FALSE)="","",VLOOKUP(AE9,βοηθητικό!$J$2:$N$354,3,FALSE)) -> _ | AH9: _ | AI9: =IF(VLOOKUP(AH9,βοηθητικό!$J$2:$N$354,3,FALSE)="","",VLOOKUP(AH9,βοηθητικό!$J$2:$N$354,3,FALSE)) -> _ | AK9: _ | AL9: =IF(VLOOKUP(AK9,βοηθητικό!$J$2:$N$354,3,FALSE)="","",VLOOKUP(AK9,βοηθητικό!$J$2:$N$354,3,FALSE)) -> _ | AN9: _ | AO9: =IF(VLOOKUP(AN9,βοηθητικό!$J$2:$N$354,3,FALSE)="","",VLOOKUP(AN9,βοηθητικό!$J$2:$N$354,3,FALSE)) -> _ | AQ9: _ | AR9: =IF(VLOOKUP(AQ9,βοηθητικό!$J$2:$N$354,3,FALSE)="","",VLOOKUP(AQ9,βοηθητικό!$J$2:$N$354,3,FALSE)) -> _ | AT9: _ | AU9: =IF(VLOOKUP(AT9,βοηθητικό!$J$2:$N$354,3,FALSE)="","",VLOOKUP(AT9,βοηθητικό!$J$2:$N$354,3,FALSE)) -> _ | AW9: _ | AX9: =IF(VLOOKUP(AW9,βοηθητικό!$J$2:$N$354,3,FALSE)="","",VLOOKUP(AW9,βοηθητικό!$J$2:$N$354,3,FALSE)) -> _ | AZ9: _ | BA9: =IF(VLOOKUP(AZ9,βοηθητικό!$J$2:$N$354,3,FALSE)="","",VLOOKUP(AZ9,βοηθητικό!$J$2:$N$354,3,FALSE)) -> _ | BC9: _ | BD9: =IF(VLOOKUP(BC9,βοηθητικό!$J$2:$N$354,3,FALSE)="","",VLOOKUP(BC9,βοηθητικό!$J$2:$N$354,3,FALSE)) -> _ | BF9: _ | BG9: =IF(VLOOKUP(BF9,βοηθητικό!$J$2:$N$354,3,FALSE)="","",VLOOKUP(BF9,βοηθητικό!$J$2:$N$354,3,FALSE)) -> _ | BI9: _ | BJ9: =IF(VLOOKUP(BI9,βοηθητικό!$J$2:$N$354,3,FALSE)="","",VLOOKUP(BI9,βοηθητικό!$J$2:$N$354,3,FALSE)) -> _ | BL9: _ | BM9: =IF(VLOOKUP(BL9,βοηθητικό!$J$2:$N$354,3,FALSE)="","",VLOOKUP(BL9,βοηθητικό!$J$2:$N$354,3,FALSE)) -> _ | BO9: _ | BP9: =IF(VLOOKUP(BO9,βοηθητικό!$J$2:$N$354,3,FALSE)="","",VLOOKUP(BO9,βοηθητικό!$J$2:$N$354,3,FALSE)) -> _ | BR9: _ | BS9: =IF(VLOOKUP(BR9,βοηθητικό!$J$2:$N$354,3,FALSE)="","",VLOOKUP(BR9,βοηθητικό!$J$2:$N$354,3,FALSE)) -> _ | BU9: _ | BV9: =IF(VLOOKUP(BU9,βοηθητικό!$J$2:$N$354,3,FALSE)="","",VLOOKUP(BU9,βοηθητικό!$J$2:$N$354,3,FALSE)) -> _ | BX9: _ | BY9: =IF(VLOOKUP(BX9,βοηθητικό!$J$2:$N$354,3,FALSE)="","",VLOOKUP(BX9,βοηθητικό!$J$2:$N$354,3,FALSE)) -> _ | CA9: _ | CB9: =IF(VLOOKUP(CA9,βοηθητικό!$J$2:$N$354,3,FALSE)="","",VLOOKUP(CA9,βοηθητικό!$J$2:$N$354,3,FALSE)) -> _ | CD9: _ | CE9: =IF(VLOOKUP(CD9,βοηθητικό!$J$2:$N$354,3,FALSE)="","",VLOOKUP(CD9,βοηθητικό!$J$2:$N$354,3,FALSE)) -> _ | CG9: _ | CH9: =IF(VLOOKUP(CG9,βοηθητικό!$J$2:$N$354,3,FALSE)="","",VLOOKUP(CG9,βοηθητικό!$J$2:$N$354,3,FALSE)) -> _ | CJ9: _ | CK9: =IF(VLOOKUP(CJ9,βοηθητικό!$J$2:$N$354,3,FALSE)="","",VLOOKUP(CJ9,βοηθητικό!$J$2:$N$354,3,FALSE)) -> _ | CM9: _ | CN9: =IF(VLOOKUP(CM9,βοηθητικό!$J$2:$N$354,3,FALSE)="","",VLOOKUP(CM9,βοηθητικό!$J$2:$N$354,3,FALSE)) -> _ | CP9: _ | CQ9: =IF(VLOOKUP(CP9,βοηθητικό!$J$2:$N$354,3,FALSE)="","",VLOOKUP(CP9,βοηθητικό!$J$2:$N$354,3,FALSE)) -> _ | CS9: _ | CT9: =IF(VLOOKUP(CS9,βοηθητικό!$J$2:$N$354,3,FALSE)="","",VLOOKUP(CS9,βοηθητικό!$J$2:$N$354,3,FALSE)) -> _
A10: =--SUBTOTAL(3,$B$3:B9) -> 7 | B10: 45025 | C10: 45031 | D10: ΔΑΕΦΚ-ΚΕ ΤΜΗΜΑ Β | E10: _ | F10: _ | G10: =IF(OR(C10="_",E10="_"),"__",CONCATENATE(C10,E10)) -> __ | H10: =IF(G10="__","FALSE",COUNTIF(G:G,G10)>1) -> FALSE | I10: =SUMPRODUCT((J10:CU10<>"_")*(MOD(COLUMN(J10:CU10)-COLUMN(J10),3)=0)) -> 8 | J10: ΑΛΕΞΑΝΔΡΗ ΜΑΡΙΑ | K10: =IF(VLOOKUP(J10,βοηθητικό!$J$2:$N$354,3,FALSE)="","",VLOOKUP(J10,βοηθητικό!$J$2:$N$354,3,FALSE)) -> 6951136860 | M10: ΔΗΜΗΤΡΑΚΑΚΗ ΜΑΡΙΑ | N10: =IF(VLOOKUP(M10,βοηθητικό!$J$2:$N$354,3,FALSE)="","",VLOOKUP(M10,βοηθητικό!$J$2:$N$354,3,FALSE)) -> 6981972682 | P10: ΚΑΡΑΚΥΡΙΑΚΟΣ ΑΓΓΕΛΟΣ | Q10: =IF(VLOOKUP(P10,βοηθητικό!$J$2:$N$354,3,FALSE)="","",VLOOKUP(P10,βοηθητικό!$J$2:$N$354,3,FALSE)) -> 6937044836 | S10: ΚΟΥΤΣΟΥΛΗΣ ΙΩΑΝΝΗΣ | T10: =IF(VLOOKUP(S10,βοηθητικό!$J$2:$N$354,3,FALSE)="","",VLOOKUP(S10,βοηθητικό!$J$2:$N$354,3,FALSE)) -> 6907538451 | V10: ΠΑΠΑΔΟΠΟΥΛΟΣ ΑΝΑΣΤΑΣΙΟΣ | W10: =IF(VLOOKUP(V10,βοηθητικό!$J$2:$N$354,3,FALSE)="","",VLOOKUP(V10,βοηθητικό!$J$2:$N$354,3,FALSE)) -> 6944688337 | Y10: ΣΚΟΡΔΑ ΔΗΜΗΤΡΑ | Z10: =IF(VLOOKUP(Y10,βοηθητικό!$J$2:$N$354,3,FALSE)="","",VLOOKUP(Y10,βοηθητικό!$J$2:$N$354,3,FALSE)) -> 6973430967 | AB10: ΣΤΕΦΟΥ ΘΕΟΔΩΡΑ | AC10: =IF(VLOOKUP(AB10,βοηθητικό!$J$2:$N$354,3,FALSE)="","",VLOOKUP(AB10,βοηθητικό!$J$2:$N$354,3,FALSE)) -> 6934030989 | AE10: ΧΑΡΙΤΟΣ ΓΕΩΡΓΙΟΣ | AF10: =IF(VLOOKUP(AE10,βοηθητικό!$J$2:$N$354,3,FALSE)="","",VLOOKUP(AE10,βοηθητικό!$J$2:$N$354,3,FALSE)) -> 6988549425 | AH10: _ | AI10: =IF(VLOOKUP(AH10,βοηθητικό!$J$2:$N$354,3,FALSE)="","",VLOOKUP(AH10,βοηθητικό!$J$2:$N$354,3,FALSE)) -> _ | AK10: _ | AL10: =IF(VLOOKUP(AK10,βοηθητικό!$J$2:$N$354,3,FALSE)="","",VLOOKUP(AK10,βοηθητικό!$J$2:$N$354,3,FALSE)) -> _ | AN10: _ | AO10: =IF(VLOOKUP(AN10,βοηθητικό!$J$2:$N$354,3,FALSE)="","",VLOOKUP(AN10,βοηθητικό!$J$2:$N$354,3,FALSE)) -> _ | AQ10: _ | AR10: =IF(VLOOKUP(AQ10,βοηθητικό!$J$2:$N$354,3,FALSE)="","",VLOOKUP(AQ10,βοηθητικό!$J$2:$N$354,3,FALSE)) -> _ | AT10: _ | AU10: =IF(VLOOKUP(AT10,βοηθητικό!$J$2:$N$354,3,FALSE)="","",VLOOKUP(AT10,βοηθητικό!$J$2:$N$354,3,FALSE)) -> _ | AW10: _ | AX10: =IF(VLOOKUP(AW10,βοηθητικό!$J$2:$N$354,3,FALSE)="","",VLOOKUP(AW10,βοηθητικό!$J$2:$N$354,3,FALSE)) -> _ | AZ10: _ | BA10: =IF(VLOOKUP(AZ10,βοηθητικό!$J$2:$N$354,3,FALSE)="","",VLOOKUP(AZ10,βοηθητικό!$J$2:$N$354,3,FALSE)) -> _ | BC10: _ | BD10: =IF(VLOOKUP(BC10,βοηθητικό!$J$2:$N$354,3,FALSE)="","",VLOOKUP(BC10,βοηθητικό!$J$2:$N$354,3,FALSE)) -> _ | BF10: _ | BG10: =IF(VLOOKUP(BF10,βοηθητικό!$J$2:$N$354,3,FALSE)="","",VLOOKUP(BF10,βοηθητικό!$J$2:$N$354,3,FALSE)) -> _ | BI10: _ | BJ10: =IF(VLOOKUP(BI10,βοηθητικό!$J$2:$N$354,3,FALSE)="","",VLOOKUP(BI10,βοηθητικό!$J$2:$N$354,3,FALSE)) -> _ | BL10: _ | BM10: =IF(VLOOKUP(BL10,βοηθητικό!$J$2:$N$354,3,FALSE)="","",VLOOKUP(BL10,βοηθητικό!$J$2:$N$354,3,FALSE)) -> _ | BO10: _ | BP10: =IF(VLOOKUP(BO10,βοηθητικό!$J$2:$N$354,3,FALSE)="","",VLOOKUP(BO10,βοηθητικό!$J$2:$N$354,3,FALSE)) -> _ | BR10: _ | BS10: =IF(VLOOKUP(BR10,βοηθητικό!$J$2:$N$354,3,FALSE)="","",VLOOKUP(BR10,βοηθητικό!$J$2:$N$354,3,FALSE)) -> _ | BU10: _ | BV10: =IF(VLOOKUP(BU10,βοηθητικό!$J$2:$N$354,3,FALSE)="","",VLOOKUP(BU10,βοηθητικό!$J$2:$N$354,3,FALSE)) -> _ | BX10: _ | BY10: =IF(VLOOKUP(BX10,βοηθητικό!$J$2:$N$354,3,FALSE)="","",VLOOKUP(BX10,βοηθητικό!$J$2:$N$354,3,FALSE)) -> _ | CA10: _ | CB10: =IF(VLOOKUP(CA10,βοηθητικό!$J$2:$N$354,3,FALSE)="","",VLOOKUP(CA10,βοηθητικό!$J$2:$N$354,3,FALSE)) -> _ | CD10: _ | CE10: =IF(VLOOKUP(CD10,βοηθητικό!$J$2:$N$354,3,FALSE)="","",VLOOKUP(CD10,βοηθητικό!$J$2:$N$354,3,FALSE)) -> _ | CG10: _ | CH10: =IF(VLOOKUP(CG10,βοηθητικό!$J$2:$N$354,3,FALSE)="","",VLOOKUP(CG10,βοηθητικό!$J$2:$N$354,3,FALSE)) -> _ | CJ10: _ | CK10: =IF(VLOOKUP(CJ10,βοηθητικό!$J$2:$N$354,3,FALSE)="","",VLOOKUP(CJ10,βοηθητικό!$J$2:$N$354,3,FALSE)) -> _ | CM10: _ | CN10: =IF(VLOOKUP(CM10,βοηθητικό!$J$2:$N$354,3,FALSE)="","",VLOOKUP(CM10,βοηθητικό!$J$2:$N$354,3,FALSE)) -> _ | CP10: _ | CQ10: =IF(VLOOKUP(CP10,βοηθητικό!$J$2:$N$354,3,FALSE)="","",VLOOKUP(CP10,βοηθητικό!$J$2:$N$354,3,FALSE)) -> _ | CS10: _ | CT10: =IF(VLOOKUP(CS10,βοηθητικό!$J$2:$N$354,3,FALSE)="","",VLOOKUP(CS10,βοηθητικό!$J$2:$N$354,3,FALSE)) -> _
A11: =--SUBTOTAL(3,$B$3:B10) -> 8 | B11: 45025 | C11: 45031 | D11: ΔΑΕΦΚ-ΚΕ ΤΜΗΜΑ Γ | E11: _ | F11: _ | G11: =IF(OR(C11="_",E11="_"),"__",CONCATENATE(C11,E11)) -> __ | H11: =IF(G11="__","FALSE",COUNTIF(G:G,G11)>1) -> FALSE | I11: =SUMPRODUCT((J11:CU11<>"_")*(MOD(COLUMN(J11:CU11)-COLUMN(J11),3)=0)) -> 5 | J11: ΑΣΒΕΣΤΑΣ ΙΩΑΝΝΗΣ | K11: =IF(VLOOKUP(J11,βοηθητικό!$J$2:$N$354,3,FALSE)="","",VLOOKUP(J11,βοηθητικό!$J$2:$N$354,3,FALSE)) -> 6980736334 | M11: ΔΕΔΕΣ ΗΡΑΚΛΗΣ | N11: =IF(VLOOKUP(M11,βοηθητικό!$J$2:$N$354,3,FALSE)="","",VLOOKUP(M11,βοηθητικό!$J$2:$N$354,3,FALSE)) -> 6978335362 | P11: ΤΣΟΥΜΗΣ ΙΩΑΝΝΗΣ | Q11: =IF(VLOOKUP(P11,βοηθητικό!$J$2:$N$354,3,FALSE)="","",VLOOKUP(P11,βοηθητικό!$J$2:$N$354,3,FALSE)) -> 6972309803 | S11: ΚΕΒΕΡΗΣ ΜΙΧΑΗΛ | T11: =IF(VLOOKUP(S11,βοηθητικό!$J$2:$N$354,3,FALSE)="","",VLOOKUP(S11,βοηθητικό!$J$2:$N$354,3,FALSE)) -> _ | V11: ΜΠΕΡΤΣΙΑΣ ΜΙΛΤΙΑΔΗΣ | W11: =IF(VLOOKUP(V11,βοηθητικό!$J$2:$N$354,3,FALSE)="","",VLOOKUP(V11,βοηθητικό!$J$2:$N$354,3,FALSE)) -> 6974321817 | Y11: _ | Z11: =IF(VLOOKUP(Y11,βοηθητικό!$J$2:$N$354,3,FALSE)="","",VLOOKUP(Y11,βοηθητικό!$J$2:$N$354,3,FALSE)) -> _ | AB11: _ | AC11: =IF(VLOOKUP(AB11,βοηθητικό!$J$2:$N$354,3,FALSE)="","",VLOOKUP(AB11,βοηθητικό!$J$2:$N$354,3,FALSE)) -> _ | AE11: _ | AF11: =IF(VLOOKUP(AE11,βοηθητικό!$J$2:$N$354,3,FALSE)="","",VLOOKUP(AE11,βοηθητικό!$J$2:$N$354,3,FALSE)) -> _ | AH11: _ | AI11: =IF(VLOOKUP(AH11,βοηθητικό!$J$2:$N$354,3,FALSE)="","",VLOOKUP(AH11,βοηθητικό!$J$2:$N$354,3,FALSE)) -> _ | AK11: _ | AL11: =IF(VLOOKUP(AK11,βοηθητικό!$J$2:$N$354,3,FALSE)="","",VLOOKUP(AK11,βοηθητικό!$J$2:$N$354,3,FALSE)) -> _ | AN11: _ | AO11: =IF(VLOOKUP(AN11,βοηθητικό!$J$2:$N$354,3,FALSE)="","",VLOOKUP(AN11,βοηθητικό!$J$2:$N$354,3,FALSE)) -> _ | AQ11: _ | AR11: =IF(VLOOKUP(AQ11,βοηθητικό!$J$2:$N$354,3,FALSE)="","",VLOOKUP(AQ11,βοηθητικό!$J$2:$N$354,3,FALSE)) -> _ | AT11: _ | AU11: =IF(VLOOKUP(AT11,βοηθητικό!$J$2:$N$354,3,FALSE)="","",VLOOKUP(AT11,βοηθητικό!$J$2:$N$354,3,FALSE)) -> _ | AW11: _ | AX11: =IF(VLOOKUP(AW11,βοηθητικό!$J$2:$N$354,3,FALSE)="","",VLOOKUP(AW11,βοηθητικό!$J$2:$N$354,3,FALSE)) -> _ | AZ11: _ | BA11: =IF(VLOOKUP(AZ11,βοηθητικό!$J$2:$N$354,3,FALSE)="","",VLOOKUP(AZ11,βοηθητικό!$J$2:$N$354,3,FALSE)) -> _ | BC11: _ | BD11: =IF(VLOOKUP(BC11,βοηθητικό!$J$2:$N$354,3,FALSE)="","",VLOOKUP(BC11,βοηθητικό!$J$2:$N$354,3,FALSE)) -> _ | BF11: _ | BG11: =IF(VLOOKUP(BF11,βοηθητικό!$J$2:$N$354,3,FALSE)="","",VLOOKUP(BF11,βοηθητικό!$J$2:$N$354,3,FALSE)) -> _ | BI11: _ | BJ11: =IF(VLOOKUP(BI11,βοηθητικό!$J$2:$N$354,3,FALSE)="","",VLOOKUP(BI11,βοηθητικό!$J$2:$N$354,3,FALSE)) -> _ | BL11: _ | BM11: =IF(VLOOKUP(BL11,βοηθητικό!$J$2:$N$354,3,FALSE)="","",VLOOKUP(BL11,βοηθητικό!$J$2:$N$354,3,FALSE)) -> _ | BO11: _ | BP11: =IF(VLOOKUP(BO11,βοηθητικό!$J$2:$N$354,3,FALSE)="","",VLOOKUP(BO11,βοηθητικό!$J$2:$N$354,3,FALSE)) -> _ | BR11: _ | BS11: =IF(VLOOKUP(BR11,βοηθητικό!$J$2:$N$354,3,FALSE)="","",VLOOKUP(BR11,βοηθητικό!$J$2:$N$354,3,FALSE)) -> _ | BU11: _ | BV11: =IF(VLOOKUP(BU11,βοηθητικό!$J$2:$N$354,3,FALSE)="","",VLOOKUP(BU11,βοηθητικό!$J$2:$N$354,3,FALSE)) -> _ | BX11: _ | BY11: =IF(VLOOKUP(BX11,βοηθητικό!$J$2:$N$354,3,FALSE)="","",VLOOKUP(BX11,βοηθητικό!$J$2:$N$354,3,FALSE)) -> _ | CA11: _ | CB11: =IF(VLOOKUP(CA11,βοηθητικό!$J$2:$N$354,3,FALSE)="","",VLOOKUP(CA11,βοηθητικό!$J$2:$N$354,3,FALSE)) -> _ | CD11: _ | CE11: =IF(VLOOKUP(CD11,βοηθητικό!$J$2:$N$354,3,FALSE)="","",VLOOKUP(CD11,βοηθητικό!$J$2:$N$354,3,FALSE)) -> _ | CG11: _ | CH11: =IF(VLOOKUP(CG11,βοηθητικό!$J$2:$N$354,3,FALSE)="","",VLOOKUP(CG11,βοηθητικό!$J$2:$N$354,3,FALSE)) -> _ | CJ11: _ | CK11: =IF(VLOOKUP(CJ11,βοηθητικό!$J$2:$N$354,3,FALSE)="","",VLOOKUP(CJ11,βοηθητικό!$J$2:$N$354,3,FALSE)) -> _ | CM11: _ | CN11: =IF(VLOOKUP(CM11,βοηθητικό!$J$2:$N$354,3,FALSE)="","",VLOOKUP(CM11,βοηθητικό!$J$2:$N$354,3,FALSE)) -> _ | CP11: _ | CQ11: =IF(VLOOKUP(CP11,βοηθητικό!$J$2:$N$354,3,FALSE)="","",VLOOKUP(CP11,βοηθητικό!$J$2:$N$354,3,FALSE)) -> _ | CS11: _ | CT11: =IF(VLOOKUP(CS11,βοηθητικό!$J$2:$N$354,3,FALSE)="","",VLOOKUP(CS11,βοηθητικό!$J$2:$N$354,3,FALSE)) -> _
A12: =--SUBTOTAL(3,$B$3:B11) -> 9 | B12: 45025 | C12: 45031 | D12: ΔΑΕΦΚ-ΚΕ ΤΜΗΜΑ Δ | E12: _ | F12: _ | G12: =IF(OR(C12="_",E12="_"),"__",CONCATENATE(C12,E12)) -> __ | H12: =IF(G12="__","FALSE",COUNTIF(G:G,G12)>1) -> FALSE | I12: =SUMPRODUCT((J12:CU12<>"_")*(MOD(COLUMN(J12:CU12)-COLUMN(J12),3)=0)) -> 11 | J12: ΑΗΔΟΝΗ ΕΛΕΝΗ | K12: =IF(VLOOKUP(J12,βοηθητικό!$J$2:$N$354,3,FALSE)="","",VLOOKUP(J12,βοηθητικό!$J$2:$N$354,3,FALSE)) -> 6934671271 | M12: ΒΑΪΛΑΚΗΣ ΔΗΜΗΤΡΙΟΣ | N12: =IF(VLOOKUP(M12,βοηθητικό!$J$2:$N$354,3,FALSE)="","",VLOOKUP(M12,βοηθητικό!$J$2:$N$354,3,FALSE)) -> 6932393388 | P12: ΓΕΜΕΛΙΑΡΗ ΕΙΡΗΝΗ | Q12: =IF(VLOOKUP(P12,βοηθητικό!$J$2:$N$354,3,FALSE)="","",VLOOKUP(P12,βοηθητικό!$J$2:$N$354,3,FALSE)) -> 6972084481 | S12: ΓΙΑΝΝΟΥΛΑΣ ΠΑΝΑΓΙΩΤΗΣ | T12: =IF(VLOOKUP(S12,βοηθητικό!$J$2:$N$354,3,FALSE)="","",VLOOKUP(S12,βοηθητικό!$J$2:$N$354,3,FALSE)) -> 6980042920 | V12: ΔΙΑΜΑΝΤΟΠΟΥΛΟΣ ΦΩΤΙΟΣ | W12: =IF(VLOOKUP(V12,βοηθητικό!$J$2:$N$354,3,FALSE)="","",VLOOKUP(V12,βοηθητικό!$J$2:$N$354,3,FALSE)) -> 6972773725 | Y12: ΖΟΡΜΠΑΣ ΧΑΡΙΣΙΟΣ | Z12: =IF(VLOOKUP(Y12,βοηθητικό!$J$2:$N$354,3,FALSE)="","",VLOOKUP(Y12,βοηθητικό!$J$2:$N$354,3,FALSE)) -> 6978333756 | AB12: ΚΑΛΟΜΠΑΡΗΣ ΚΥΡΙΑΚΟΣ | AC12: =IF(VLOOKUP(AB12,βοηθητικό!$J$2:$N$354,3,FALSE)="","",VLOOKUP(AB12,βοηθητικό!$J$2:$N$354,3,FALSE)) -> 6978993984 | AE12: ΚΑΤΣΙΓΙΑΝΝΗΣ ΒΑΣΙΛΕΙΟΣ | AF12: =IF(VLOOKUP(AE12,βοηθητικό!$J$2:$N$354,3,FALSE)="","",VLOOKUP(AE12,βοηθητικό!$J$2:$N$354,3,FALSE)) -> 6974057776 | AH12: ΜΑΝΗΣΑΛΗ ΓΕΝΟΒΕΦΑ | AI12: =IF(VLOOKUP(AH12,βοηθητικό!$J$2:$N$354,3,FALSE)="","",VLOOKUP(AH12,βοηθητικό!$J$2:$N$354,3,FALSE)) -> 6972210917 | AK12: ΜΑΡΓΙΟΛΗΣ ΠΟΛΥΧΡΟΝΗΣ | AL12: =IF(VLOOKUP(AK12,βοηθητικό!$J$2:$N$354,3,FALSE)="","",VLOOKUP(AK12,βοηθητικό!$J$2:$N$354,3,FALSE)) -> 6936970927 | AN12: ΑΔΡΑΚΤΑ ΠΑΝΑΓΙΩΤΑ | AO12: =IF(VLOOKUP(AN12,βοηθητικό!$J$2:$N$354,3,FALSE)="","",VLOOKUP(AN12,βοηθητικό!$J$2:$N$354,3,FALSE)) -> 6973333473 | AQ12: _ | AR12: =IF(VLOOKUP(AQ12,βοηθητικό!$J$2:$N$354,3,FALSE)="","",VLOOKUP(AQ12,βοηθητικό!$J$2:$N$354,3,FALSE)) -> _ | AT12: _ | AU12: =IF(VLOOKUP(AT12,βοηθητικό!$J$2:$N$354,3,FALSE)="","",VLOOKUP(AT12,βοηθητικό!$J$2:$N$354,3,FALSE)) -> _ | AW12: _ | AX12: =IF(VLOOKUP(AW12,βοηθητικό!$J$2:$N$354,3,FALSE)="","",VLOOKUP(AW12,βοηθητικό!$J$2:$N$354,3,FALSE)) -> _ | AZ12: _ | BA12: =IF(VLOOKUP(AZ12,βοηθητικό!$J$2:$N$354,3,FALSE)="","",VLOOKUP(AZ12,βοηθητικό!$J$2:$N$354,3,FALSE)) -> _ | BC12: _ | BD12: =IF(VLOOKUP(BC12,βοηθητικό!$J$2:$N$354,3,FALSE)="","",VLOOKUP(BC12,βοηθητικό!$J$2:$N$354,3,FALSE)) -> _ | BF12: _ | BG12: =IF(VLOOKUP(BF12,βοηθητικό!$J$2:$N$354,3,FALSE)="","",VLOOKUP(BF12,βοηθητικό!$J$2:$N$354,3,FALSE)) -> _ | BI12: _ | BJ12: =IF(VLOOKUP(BI12,βοηθητικό!$J$2:$N$354,3,FALSE)="","",VLOOKUP(BI12,βοηθητικό!$J$2:$N$354,3,FALSE)) -> _ | BL12: _ | BM12: =IF(VLOOKUP(BL12,βοηθητικό!$J$2:$N$354,3,FALSE)="","",VLOOKUP(BL12,βοηθητικό!$J$2:$N$354,3,FALSE)) -> _ | BO12: _ | BP12: =IF(VLOOKUP(BO12,βοηθητικό!$J$2:$N$354,3,FALSE)="","",VLOOKUP(BO12,βοηθητικό!$J$2:$N$354,3,FALSE)) -> _ | BR12: _ | BS12: =IF(VLOOKUP(BR12,βοηθητικό!$J$2:$N$354,3,FALSE)="","",VLOOKUP(BR12,βοηθητικό!$J$2:$N$354,3,FALSE)) -> _ | BU12: _ | BV12: =IF(VLOOKUP(BU12,βοηθητικό!$J$2:$N$354,3,FALSE)="","",VLOOKUP(BU12,βοηθητικό!$J$2:$N$354,3,FALSE)) -> _ | BX12: _ | BY12: =IF(VLOOKUP(BX12,βοηθητικό!$J$2:$N$354,3,FALSE)="","",VLOOKUP(BX12,βοηθητικό!$J$2:$N$354,3,FALSE)) -> _ | CA12: _ | CB12: =IF(VLOOKUP(CA12,βοηθητικό!$J$2:$N$354,3,FALSE)="","",VLOOKUP(CA12,βοηθητικό!$J$2:$N$354,3,FALSE)) -> _ | CD12: _ | CE12: =IF(VLOOKUP(CD12,βοηθητικό!$J$2:$N$354,3,FALSE)="","",VLOOKUP(CD12,βοηθητικό!$J$2:$N$354,3,FALSE)) -> _ | CG12: _ | CH12: =IF(VLOOKUP(CG12,βοηθητικό!$J$2:$N$354,3,FALSE)="","",VLOOKUP(CG12,βοηθητικό!$J$2:$N$354,3,FALSE)) -> _ | CJ12: _ | CK12: =IF(VLOOKUP(CJ12,βοηθητικό!$J$2:$N$354,3,FALSE)="","",VLOOKUP(CJ12,βοηθητικό!$J$2:$N$354,3,FALSE)) -> _ | CM12: _ | CN12: =IF(VLOOKUP(CM12,βοηθητικό!$J$2:$N$354,3,FALSE)="","",VLOOKUP(CM12,βοηθητικό!$J$2:$N$354,3,FALSE)) -> _ | CP12: _ | CQ12: =IF(VLOOKUP(CP12,βοηθητικό!$J$2:$N$354,3,FALSE)="","",VLOOKUP(CP12,βοηθητικό!$J$2:$N$354,3,FALSE)) -> _ | CS12: _ | CT12: =IF(VLOOKUP(CS12,βοηθητικό!$J$2:$N$354,3,FALSE)="","",VLOOKUP(CS12,βοηθητικό!$J$2:$N$354,3,FALSE)) -> _
A13: =--SUBTOTAL(3,$B$3:B12) -> 10 | B13: 45025 | C13: 45031 | D13: ΤΑΕΦΚ-ΑΑ | E13: _ | F13: _ | G13: =IF(OR(C13="_",E13="_"),"__",CONCATENATE(C13,E13)) -> __ | H13: =IF(G13="__","FALSE",COUNTIF(G:G,G13)>1) -> FALSE | I13: =SUMPRODUCT((J13:CU13<>"_")*(MOD(COLUMN(J13:CU13)-COLUMN(J13),3)=0)) -> 10 | J13: ΒΑΜΒΑΚΙΑΝΟΣ ΑΛΕΞΑΝΔΡΟΣ | K13: =IF(VLOOKUP(J13,βοηθητικό!$J$2:$N$354,3,FALSE)="","",VLOOKUP(J13,βοηθητικό!$J$2:$N$354,3,FALSE)) -> 6970320059 | M13: ΛΙΝΤΕΡΗΣ ΔΗΜΗΤΡΙΟΣ | N13: =IF(VLOOKUP(M13,βοηθητικό!$J$2:$N$354,3,FALSE)="","",VLOOKUP(M13,βοηθητικό!$J$2:$N$354,3,FALSE)) -> 6977303667 | P13: ΜΠΟΥΣΜΠΟΥΡΕΛΗ ΠΕΤΡΟΥΛΑ | Q13: =IF(VLOOKUP(P13,βοηθητικό!$J$2:$N$354,3,FALSE)="","",VLOOKUP(P13,βοηθητικό!$J$2:$N$354,3,FALSE)) -> 6974072869 | S13: ΠΟΛΥΖΩΗ ΒΕΝΕΤΙΑ | T13: =IF(VLOOKUP(S13,βοηθητικό!$J$2:$N$356,3,FALSE)="","",VLOOKUP(S13,βοηθητικό!$J$2:$N$356,3,FALSE)) | V13: ΓΑΒΡΙΛΙΑΔΗ ΑΦΡΟΔΙΤΗ | W13: =IF(VLOOKUP(V13,βοηθητικό!$J$2:$N$354,3,FALSE)="","",VLOOKUP(V13,βοηθητικό!$J$2:$N$354,3,FALSE)) -> 6947007553 | Y13: ΣΤΑΥΡΙΑΝΑΚΗΣ ΠΑΝΑΓΙΩΤΗΣ | Z13: =IF(VLOOKUP(Y13,βοηθητικό!$J$2:$N$354,3,FALSE)="","",VLOOKUP(Y13,βοηθητικό!$J$2:$N$354,3,FALSE)) -> 6944771437 | AB13: ΣΤΑΣΗΣ ΚΩΝΣΤΑΝΤΙΝΟΣ | AC13: =IF(VLOOKUP(AB13,βοηθητικό!$J$2:$N$354,3,FALSE)="","",VLOOKUP(AB13,βοηθητικό!$J$2:$N$354,3,FALSE)) -> 6942448798 | AE13: ΑΛΕΞΟΠΟΥΛΟΥ ΝΙΚΟΛΙΤΣΑ | AF13: =IF(VLOOKUP(AE13,βοηθητικό!$J$2:$N$354,3,FALSE)="","",VLOOKUP(AE13,βοηθητικό!$J$2:$N$354,3,FALSE)) -> 6972087747 | AH13: ΖΑΡΑΓΚΑ ΚΑΛΛΙΟΠΗ | AI13: =IF(VLOOKUP(AH13,βοηθητικό!$J$2:$N$354,3,FALSE)="","",VLOOKUP(AH13,βοηθητικό!$J$2:$N$354,3,FALSE)) -> 6985677805 | AK13: ΠΑΠΑΙΩΑΝΝΟΥ-ΜΠΟΥΤΣΙΝΗ ΑΝΝΑ-ΕΜΜΑΝΟΥΕΛΑ | AL13: =IF(VLOOKUP(AK13,βοηθητικό!$J$2:$N$354,3,FALSE)="","",VLOOKUP(AK13,βοηθητικό!$J$2:$N$354,3,FALSE)) -> 6949144335 6932257519 | AN13: _ | AO13: =IF(VLOOKUP(AN13,βοηθητικό!$J$2:$N$354,3,FALSE)="","",VLOOKUP(AN13,βοηθητικό!$J$2:$N$354,3,FALSE)) -> _ | AQ13: _ | AR13: =IF(VLOOKUP(AQ13,βοηθητικό!$J$2:$N$354,3,FALSE)="","",VLOOKUP(AQ13,βοηθητικό!$J$2:$N$354,3,FALSE)) -> _ | AT13: _ | AU13: =IF(VLOOKUP(AT13,βοηθητικό!$J$2:$N$354,3,FALSE)="","",VLOOKUP(AT13,βοηθητικό!$J$2:$N$354,3,FALSE)) -> _ | AW13: _ | AX13: =IF(VLOOKUP(AW13,βοηθητικό!$J$2:$N$354,3,FALSE)="","",VLOOKUP(AW13,βοηθητικό!$J$2:$N$354,3,FALSE)) -> _ | AZ13: _ | BA13: =IF(VLOOKUP(AZ13,βοηθητικό!$J$2:$N$354,3,FALSE)="","",VLOOKUP(AZ13,βοηθητικό!$J$2:$N$354,3,FALSE)) -> _ | BC13: _ | BD13: =IF(VLOOKUP(BC13,βοηθητικό!$J$2:$N$354,3,FALSE)="","",VLOOKUP(BC13,βοηθητικό!$J$2:$N$354,3,FALSE)) -> _ | BF13: _ | BG13: =IF(VLOOKUP(BF13,βοηθητικό!$J$2:$N$354,3,FALSE)="","",VLOOKUP(BF13,βοηθητικό!$J$2:$N$354,3,FALSE)) -> _ | BI13: _ | BJ13: =IF(VLOOKUP(BI13,βοηθητικό!$J$2:$N$354,3,FALSE)="","",VLOOKUP(BI13,βοηθητικό!$J$2:$N$354,3,FALSE)) -> _ | BL13: _ | BM13: =IF(VLOOKUP(BL13,βοηθητικό!$J$2:$N$354,3,FALSE)="","",VLOOKUP(BL13,βοηθητικό!$J$2:$N$354,3,FALSE)) -> _ | BO13: _ | BP13: =IF(VLOOKUP(BO13,βοηθητικό!$J$2:$N$354,3,FALSE)="","",VLOOKUP(BO13,βοηθητικό!$J$2:$N$354,3,FALSE)) -> _ | BR13: _ | BS13: =IF(VLOOKUP(BR13,βοηθητικό!$J$2:$N$354,3,FALSE)="","",VLOOKUP(BR13,βοηθητικό!$J$2:$N$354,3,FALSE)) -> _ | BU13: _ | BV13: =IF(VLOOKUP(BU13,βοηθητικό!$J$2:$N$354,3,FALSE)="","",VLOOKUP(BU13,βοηθητικό!$J$2:$N$354,3,FALSE)) -> _ | BX13: _ | BY13: =IF(VLOOKUP(BX13,βοηθητικό!$J$2:$N$354,3,FALSE)="","",VLOOKUP(BX13,βοηθητικό!$J$2:$N$354,3,FALSE)) -> _ | CA13: _ | CB13: =IF(VLOOKUP(CA13,βοηθητικό!$J$2:$N$354,3,FALSE)="","",VLOOKUP(CA13,βοηθητικό!$J$2:$N$354,3,FALSE)) -> _ | CD13: _ | CE13: =IF(VLOOKUP(CD13,βοηθητικό!$J$2:$N$354,3,FALSE)="","",VLOOKUP(CD13,βοηθητικό!$J$2:$N$354,3,FALSE)) -> _ | CG13: _ | CH13: =IF(VLOOKUP(CG13,βοηθητικό!$J$2:$N$354,3,FALSE)="","",VLOOKUP(CG13,βοηθητικό!$J$2:$N$354,3,FALSE)) -> _ | CJ13: _ | CK13: =IF(VLOOKUP(CJ13,βοηθητικό!$J$2:$N$354,3,FALSE)="","",VLOOKUP(CJ13,βοηθητικό!$J$2:$N$354,3,FALSE)) -> _ | CM13: _ | CN13: =IF(VLOOKUP(CM13,βοηθητικό!$J$2:$N$354,3,FALSE)="","",VLOOKUP(CM13,βοηθητικό!$J$2:$N$354,3,FALSE)) -> _ | CP13: _ | CQ13: =IF(VLOOKUP(CP13,βοηθητικό!$J$2:$N$354,3,FALSE)="","",VLOOKUP(CP13,βοηθητικό!$J$2:$N$354,3,FALSE)) -> _ | CS13: _ | CT13: =IF(VLOOKUP(CS13,βοηθητικό!$J$2:$N$354,3,FALSE)="","",VLOOKUP(CS13,βοηθητικό!$J$2:$N$354,3,FALSE)) -> _
A14: =--SUBTOTAL(3,$B$3:B13) -> 11 | B14: 45025 | C14: 45031 | D14: ΔΑΕΦΚ-ΔΕ | E14: _ | F14: _ | G14: =IF(OR(C14="_",E14="_"),"__",CONCATENATE(C14,E14)) -> __ | H14: =IF(G14="__","FALSE",COUNTIF(G:G,G14)>1) -> FALSE | I14: =SUMPRODUCT((J14:CU14<>"_")*(MOD(COLUMN(J14:CU14)-COLUMN(J14),3)=0)) -> 6 | J14: ΠΑΤΑΚΙΑΡΑΣ ΣΤΑΥΡΟΣ | K14: =IF(VLOOKUP(J14,βοηθητικό!$J$2:$N$354,3,FALSE)="","",VLOOKUP(J14,βοηθητικό!$J$2:$N$354,3,FALSE)) -> 6977344183 | M14: ΒΛΑΧΑ ΜΑΡΙΝΑ | N14: =IF(VLOOKUP(M14,βοηθητικό!$J$2:$N$354,3,FALSE)="","",VLOOKUP(M14,βοηθητικό!$J$2:$N$354,3,FALSE)) -> 6972278604 | P14: ΖΥΓΟΥΡΗΣ ΚΩΝΣΤΑΝΤΙΝΟΣ | Q14: =IF(VLOOKUP(P14,βοηθητικό!$J$2:$N$354,3,FALSE)="","",VLOOKUP(P14,βοηθητικό!$J$2:$N$354,3,FALSE)) -> 6945398229 | S14: ΛΑΜΠΡΟΠΟΥΛΟΥ ΧΡΙΣΤΙΝΑ | T14: =IF(VLOOKUP(S14,βοηθητικό!$J$2:$N$354,3,FALSE)="","",VLOOKUP(S14,βοηθητικό!$J$2:$N$354,3,FALSE)) -> 6936815219 | V14: ΚΑΝΑΣ ΠΑΝΑΓΙΩΤΗΣ | W14: =IF(VLOOKUP(V14,βοηθητικό!$J$2:$N$354,3,FALSE)="","",VLOOKUP(V14,βοηθητικό!$J$2:$N$354,3,FALSE)) -> 6944234622 | Y14: ΜΑΝΩΛΑΤΟΣ ΓΕΩΡΓΙΟΣ | Z14: =IF(VLOOKUP(Y14,βοηθητικό!$J$2:$N$354,3,FALSE)="","",VLOOKUP(Y14,βοηθητικό!$J$2:$N$354,3,FALSE)) -> 6970940292 | AB14: _ | AC14: =IF(VLOOKUP(AB14,βοηθητικό!$J$2:$N$354,3,FALSE)="","",VLOOKUP(AB14,βοηθητικό!$J$2:$N$354,3,FALSE)) -> _ | AE14: _ | AF14: =IF(VLOOKUP(AE14,βοηθητικό!$J$2:$N$354,3,FALSE)="","",VLOOKUP(AE14,βοηθητικό!$J$2:$N$354,3,FALSE)) -> _ | AH14: _ | AI14: =IF(VLOOKUP(AH14,βοηθητικό!$J$2:$N$354,3,FALSE)="","",VLOOKUP(AH14,βοηθητικό!$J$2:$N$354,3,FALSE)) -> _ | AK14: _ | AL14: =IF(VLOOKUP(AK14,βοηθητικό!$J$2:$N$354,3,FALSE)="","",VLOOKUP(AK14,βοηθητικό!$J$2:$N$354,3,FALSE)) -> _ | AN14: _ | AO14: =IF(VLOOKUP(AN14,βοηθητικό!$J$2:$N$354,3,FALSE)="","",VLOOKUP(AN14,βοηθητικό!$J$2:$N$354,3,FALSE)) -> _ | AQ14: _ | AR14: =IF(VLOOKUP(AQ14,βοηθητικό!$J$2:$N$354,3,FALSE)="","",VLOOKUP(AQ14,βοηθητικό!$J$2:$N$354,3,FALSE)) -> _ | AT14: _ | AU14: =IF(VLOOKUP(AT14,βοηθητικό!$J$2:$N$354,3,FALSE)="","",VLOOKUP(AT14,βοηθητικό!$J$2:$N$354,3,FALSE)) -> _ | AW14: _ | AX14: =IF(VLOOKUP(AW14,βοηθητικό!$J$2:$N$354,3,FALSE)="","",VLOOKUP(AW14,βοηθητικό!$J$2:$N$354,3,FALSE)) -> _ | AZ14: _ | BA14: =IF(VLOOKUP(AZ14,βοηθητικό!$J$2:$N$354,3,FALSE)="","",VLOOKUP(AZ14,βοηθητικό!$J$2:$N$354,3,FALSE)) -> _ | BC14: _ | BD14: =IF(VLOOKUP(BC14,βοηθητικό!$J$2:$N$354,3,FALSE)="","",VLOOKUP(BC14,βοηθητικό!$J$2:$N$354,3,FALSE)) -> _ | BF14: _ | BG14: =IF(VLOOKUP(BF14,βοηθητικό!$J$2:$N$354,3,FALSE)="","",VLOOKUP(BF14,βοηθητικό!$J$2:$N$354,3,FALSE)) -> _ | BI14: _ | BJ14: =IF(VLOOKUP(BI14,βοηθητικό!$J$2:$N$354,3,FALSE)="","",VLOOKUP(BI14,βοηθητικό!$J$2:$N$354,3,FALSE)) -> _ | BL14: _ | BM14: =IF(VLOOKUP(BL14,βοηθητικό!$J$2:$N$354,3,FALSE)="","",VLOOKUP(BL14,βοηθητικό!$J$2:$N$354,3,FALSE)) -> _ | BO14: _ | BP14: =IF(VLOOKUP(BO14,βοηθητικό!$J$2:$N$354,3,FALSE)="","",VLOOKUP(BO14,βοηθητικό!$J$2:$N$354,3,FALSE)) -> _ | BR14: _ | BS14: =IF(VLOOKUP(BR14,βοηθητικό!$J$2:$N$354,3,FALSE)="","",VLOOKUP(BR14,βοηθητικό!$J$2:$N$354,3,FALSE)) -> _ | BU14: _ | BV14: =IF(VLOOKUP(BU14,βοηθητικό!$J$2:$N$354,3,FALSE)="","",VLOOKUP(BU14,βοηθητικό!$J$2:$N$354,3,FALSE)) -> _ | BX14: _ | BY14: =IF(VLOOKUP(BX14,βοηθητικό!$J$2:$N$354,3,FALSE)="","",VLOOKUP(BX14,βοηθητικό!$J$2:$N$354,3,FALSE)) -> _ | CA14: _ | CB14: =IF(VLOOKUP(CA14,βοηθητικό!$J$2:$N$354,3,FALSE)="","",VLOOKUP(CA14,βοηθητικό!$J$2:$N$354,3,FALSE)) -> _ | CD14: _ | CE14: =IF(VLOOKUP(CD14,βοηθητικό!$J$2:$N$354,3,FALSE)="","",VLOOKUP(CD14,βοηθητικό!$J$2:$N$354,3,FALSE)) -> _ | CG14: _ | CH14: =IF(VLOOKUP(CG14,βοηθητικό!$J$2:$N$354,3,FALSE)="","",VLOOKUP(CG14,βοηθητικό!$J$2:$N$354,3,FALSE)) -> _ | CJ14: _ | CK14: =IF(VLOOKUP(CJ14,βοηθητικό!$J$2:$N$354,3,FALSE)="","",VLOOKUP(CJ14,βοηθητικό!$J$2:$N$354,3,FALSE)) -> _ | CM14: _ | CN14: =IF(VLOOKUP(CM14,βοηθητικό!$J$2:$N$354,3,FALSE)="","",VLOOKUP(CM14,βοηθητικό!$J$2:$N$354,3,FALSE)) -> _ | CP14: _ | CQ14: =IF(VLOOKUP(CP14,βοηθητικό!$J$2:$N$354,3,FALSE)="","",VLOOKUP(CP14,βοηθητικό!$J$2:$N$354,3,FALSE)) -> _ | CS14: _ | CT14: =IF(VLOOKUP(CS14,βοηθητικό!$J$2:$N$354,3,FALSE)="","",VLOOKUP(CS14,βοηθητικό!$J$2:$N$354,3,FALSE)) -> _
A15: =--SUBTOTAL(3,$B$3:B14) -> 12 | B15: 45025 | C15: 45031 | D15: ΔΑΕΦΚ-ΒΕ | E15: _ | F15: _ | G15: =IF(OR(C15="_",E15="_"),"__",CONCATENATE(C15,E15)) -> __ | H15: =IF(G15="__","FALSE",COUNTIF(G:G,G15)>1) -> FALSE | I15: =SUMPRODUCT((J15:CU15<>"_")*(MOD(COLUMN(J15:CU15)-COLUMN(J15),3)=0)) -> 14 | J15: ΓΚΟΥΝΤΡΟΜΙΧΟΣ ΙΩΑΝΝΗΣ | K15: =IF(VLOOKUP(J15,βοηθητικό!$J$2:$N$354,3,FALSE)="","",VLOOKUP(J15,βοηθητικό!$J$2:$N$354,3,FALSE)) -> 6976681245 | M15: ΚΑΡΥΔΑ ΑΓΑΠΗ | N15: =IF(VLOOKUP(M15,βοηθητικό!$J$2:$N$354,3,FALSE)="","",VLOOKUP(M15,βοηθητικό!$J$2:$N$354,3,FALSE)) -> 6944508818 | P15: ΠΑΠΑΒΑΣΙΛΕΙΟΥ ΟΛΓΑ | Q15: =IF(VLOOKUP(P15,βοηθητικό!$J$2:$N$354,3,FALSE)="","",VLOOKUP(P15,βοηθητικό!$J$2:$N$354,3,FALSE)) -> 6937733373 | S15: ΜΠΑΚΑ ΜΑΡΙΑ | T15: =IF(VLOOKUP(S15,βοηθητικό!$J$2:$N$354,3,FALSE)="","",VLOOKUP(S15,βοηθητικό!$J$2:$N$354,3,FALSE)) -> 6947932494 | V15: ΓΙΑΝΝΟΥΛΗ ΒΙΚΤΩΡΙΑ | W15: =IF(VLOOKUP(V15,βοηθητικό!$J$2:$N$354,3,FALSE)="","",VLOOKUP(V15,βοηθητικό!$J$2:$N$354,3,FALSE)) -> 6987268386 | Y15: ΓΟΥΛΙΑΣ ΓΕΩΡΓΙΟΣ | Z15: =IF(VLOOKUP(Y15,βοηθητικό!$J$2:$N$354,3,FALSE)="","",VLOOKUP(Y15,βοηθητικό!$J$2:$N$354,3,FALSE)) -> 6984435383 | AB15: ΜΙΣΑΗΛΙΔΟΥ ΔΕΣΠΟΙΝΑ | AC15: =IF(VLOOKUP(AB15,βοηθητικό!$J$2:$N$354,3,FALSE)="","",VLOOKUP(AB15,βοηθητικό!$J$2:$N$354,3,FALSE)) -> 6974815544 | AE15: ΣΑΚΚΑΣ ΑΘΑΝΑΣΙΟΣ | AF15: =IF(VLOOKUP(AE15,βοηθητικό!$J$2:$N$354,3,FALSE)="","",VLOOKUP(AE15,βοηθητικό!$J$2:$N$354,3,FALSE)) -> 6973306494 | AH15: ΠΑΙΔΑΡΑΚΗ ΓΡΑΜΜΑΤΟΥΛΑ | AI15: =IF(VLOOKUP(AH15,βοηθητικό!$J$2:$N$354,3,FALSE)="","",VLOOKUP(AH15,βοηθητικό!$J$2:$N$354,3,FALSE)) -> 6948630062 | AK15: ΚΕΛΕΚΤΣΟΓΛΟΥ ΣΤΑΥΡΟΥΛΑ | AL15: =IF(VLOOKUP(AK15,βοηθητικό!$J$2:$N$354,3,FALSE)="","",VLOOKUP(AK15,βοηθητικό!$J$2:$N$354,3,FALSE)) -> 6977827750 | AN15: ΚΡΙΝΟΥ ΕΥΤΥΧΙΑ | AO15: =IF(VLOOKUP(AN15,βοηθητικό!$J$2:$N$354,3,FALSE)="","",VLOOKUP(AN15,βοηθητικό!$J$2:$N$354,3,FALSE)) -> 6936783135 | AQ15: ΛΕΜΟΝΗ ΕΛΕΝΗ | AR15: =IF(VLOOKUP(AQ15,βοηθητικό!$J$2:$N$354,3,FALSE)="","",VLOOKUP(AQ15,βοηθητικό!$J$2:$N$354,3,FALSE)) -> 6945415670 | AT15: ΣΙΜΗΤΑΣ ΔΗΜΗΤΡΙΟΣ | AU15: =IF(VLOOKUP(AT15,βοηθητικό!$J$2:$N$354,3,FALSE)="","",VLOOKUP(AT15,βοηθητικό!$J$2:$N$354,3,FALSE)) -> 6908725909 | AW15: ΣΙΑΜΟΣ ΑΝΤΩΝΙΟΣ | AX15: =IF(VLOOKUP(AW15,βοηθητικό!$J$2:$N$354,3,FALSE)="","",VLOOKUP(AW15,βοηθητικό!$J$2:$N$354,3,FALSE)) -> 6957171149 | AZ15: _ | BA15: =IF(VLOOKUP(AZ15,βοηθητικό!$J$2:$N$354,3,FALSE)="","",VLOOKUP(AZ15,βοηθητικό!$J$2:$N$354,3,FALSE)) -> _ | BC15: _ | BD15: =IF(VLOOKUP(BC15,βοηθητικό!$J$2:$N$354,3,FALSE)="","",VLOOKUP(BC15,βοηθητικό!$J$2:$N$354,3,FALSE)) -> _ | BF15: _ | BG15: =IF(VLOOKUP(BF15,βοηθητικό!$J$2:$N$354,3,FALSE)="","",VLOOKUP(BF15,βοηθητικό!$J$2:$N$354,3,FALSE)) -> _ | BI15: _ | BJ15: =IF(VLOOKUP(BI15,βοηθητικό!$J$2:$N$354,3,FALSE)="","",VLOOKUP(BI15,βοηθητικό!$J$2:$N$354,3,FALSE)) -> _ | BL15: _ | BM15: =IF(VLOOKUP(BL15,βοηθητικό!$J$2:$N$354,3,FALSE)="","",VLOOKUP(BL15,βοηθητικό!$J$2:$N$354,3,FALSE)) -> _ | BO15: _ | BP15: =IF(VLOOKUP(BO15,βοηθητικό!$J$2:$N$354,3,FALSE)="","",VLOOKUP(BO15,βοηθητικό!$J$2:$N$354,3,FALSE)) -> _ | BR15: _ | BS15: =IF(VLOOKUP(BR15,βοηθητικό!$J$2:$N$354,3,FALSE)="","",VLOOKUP(BR15,βοηθητικό!$J$2:$N$354,3,FALSE)) -> _ | BU15: _ | BV15: =IF(VLOOKUP(BU15,βοηθητικό!$J$2:$N$354,3,FALSE)="","",VLOOKUP(BU15,βοηθητικό!$J$2:$N$354,3,FALSE)) -> _ | BX15: _ | BY15: =IF(VLOOKUP(BX15,βοηθητικό!$J$2:$N$354,3,FALSE)="","",VLOOKUP(BX15,βοηθητικό!$J$2:$N$354,3,FALSE)) -> _ | CA15: _ | CB15: =IF(VLOOKUP(CA15,βοηθητικό!$J$2:$N$354,3,FALSE)="","",VLOOKUP(CA15,βοηθητικό!$J$2:$N$354,3,FALSE)) -> _ | CD15: _ | CE15: =IF(VLOOKUP(CD15,βοηθητικό!$J$2:$N$354,3,FALSE)="","",VLOOKUP(CD15,βοηθητικό!$J$2:$N$354,3,FALSE)) -> _ | CG15: _ | CH15: =IF(VLOOKUP(CG15,βοηθητικό!$J$2:$N$354,3,FALSE)="","",VLOOKUP(CG15,βοηθητικό!$J$2:$N$354,3,FALSE)) -> _ | CJ15: _ | CK15: =IF(VLOOKUP(CJ15,βοηθητικό!$J$2:$N$354,3,FALSE)="","",VLOOKUP(CJ15,βοηθητικό!$J$2:$N$354,3,FALSE)) -> _ | CM15: _ | CN15: =IF(VLOOKUP(CM15,βοηθητικό!$J$2:$N$354,3,FALSE)="","",VLOOKUP(CM15,βοηθητικό!$J$2:$N$354,3,FALSE)) -> _ | CP15: _ | CQ15: =IF(VLOOKUP(CP15,βοηθητικό!$J$2:$N$354,3,FALSE)="","",VLOOKUP(CP15,βοηθητικό!$J$2:$N$354,3,FALSE)) -> _ | CS15: _ | CT15: =IF(VLOOKUP(CS15,βοηθητικό!$J$2:$N$354,3,FALSE)="","",VLOOKUP(CS15,βοηθητικό!$J$2:$N$354,3,FALSE)) -> _
A16: =--SUBTOTAL(3,$B$3:B15) -> 13 | B16: 45032 | C16: 45038 | D16: ΔΑΕΦΚ-ΚΕ ΤΜΗΜΑ Α | E16: _ | F16: _ | G16: =IF(OR(C16="_",E16="_"),"__",CONCATENATE(C16,E16)) -> __ | H16: =IF(G16="__","FALSE",COUNTIF(G:G,G16)>1) -> FALSE | I16: =SUMPRODUCT((J16:CU16<>"_")*(MOD(COLUMN(J16:CU16)-COLUMN(J16),3)=0)) -> 6 | J16: ΑΠΟΣΤΟΛΙΔΟΥ ΙΩΑΝΝΑ | K16: =IF(VLOOKUP(J16,βοηθητικό!$J$2:$N$354,3,FALSE)="","",VLOOKUP(J16,βοηθητικό!$J$2:$N$354,3,FALSE)) -> 6978300669 | M16: ΑΡΑΠΗ ΜΑΡΙΛΕΝΑ | N16: =IF(VLOOKUP(M16,βοηθητικό!$J$2:$N$354,3,FALSE)="","",VLOOKUP(M16,βοηθητικό!$J$2:$N$354,3,FALSE)) -> 6998911942 6994433516 | P16: ΛΕΥΚΙΜΜΙΑΤΗΣ ΧΑΡΑΛΑΜΠΟΣ | Q16: =IF(VLOOKUP(P16,βοηθητικό!$J$2:$N$354,3,FALSE)="","",VLOOKUP(P16,βοηθητικό!$J$2:$N$354,3,FALSE)) -> 6972105023 | S16: ΜΑΚΡΗ ΜΑΡΙΑΝΝΑ | T16: =IF(VLOOKUP(S16,βοηθητικό!$J$2:$N$354,3,FALSE)="","",VLOOKUP(S16,βοηθητικό!$J$2:$N$354,3,FALSE)) -> 6976005555 | V16: ΜΠΡΟΥΜΑ ΖΩΗ | W16: =IF(VLOOKUP(V16,βοηθητικό!$J$2:$N$354,3,FALSE)="","",VLOOKUP(V16,βοηθητικό!$J$2:$N$354,3,FALSE)) -> 6947551606 | Y16: ΠΑΝΑΓΙΩΤΟΠΟΥΛΟΥ ΔΙΟΝΥΣΙΑ | Z16: =IF(VLOOKUP(Y16,βοηθητικό!$J$2:$N$354,3,FALSE)="","",VLOOKUP(Y16,βοηθητικό!$J$2:$N$354,3,FALSE)) -> 6971603158 | AB16: _ | AC16: =IF(VLOOKUP(AB16,βοηθητικό!$J$2:$N$354,3,FALSE)="","",VLOOKUP(AB16,βοηθητικό!$J$2:$N$354,3,FALSE)) -> _ | AE16: _ | AF16: =IF(VLOOKUP(AE16,βοηθητικό!$J$2:$N$354,3,FALSE)="","",VLOOKUP(AE16,βοηθητικό!$J$2:$N$354,3,FALSE)) -> _ | AH16: _ | AI16: =IF(VLOOKUP(AH16,βοηθητικό!$J$2:$N$354,3,FALSE)="","",VLOOKUP(AH16,βοηθητικό!$J$2:$N$354,3,FALSE)) -> _ | AK16: _ | AL16: =IF(VLOOKUP(AK16,βοηθητικό!$J$2:$N$354,3,FALSE)="","",VLOOKUP(AK16,βοηθητικό!$J$2:$N$354,3,FALSE)) -> _ | AN16: _ | AO16: =IF(VLOOKUP(AN16,βοηθητικό!$J$2:$N$354,3,FALSE)="","",VLOOKUP(AN16,βοηθητικό!$J$2:$N$354,3,FALSE)) -> _ | AQ16: _ | AR16: =IF(VLOOKUP(AQ16,βοηθητικό!$J$2:$N$354,3,FALSE)="","",VLOOKUP(AQ16,βοηθητικό!$J$2:$N$354,3,FALSE)) -> _ | AT16: _ | AU16: =IF(VLOOKUP(AT16,βοηθητικό!$J$2:$N$354,3,FALSE)="","",VLOOKUP(AT16,βοηθητικό!$J$2:$N$354,3,FALSE)) -> _ | AW16: _ | AX16: =IF(VLOOKUP(AW16,βοηθητικό!$J$2:$N$354,3,FALSE)="","",VLOOKUP(AW16,βοηθητικό!$J$2:$N$354,3,FALSE)) -> _ | AZ16: _ | BA16: =IF(VLOOKUP(AZ16,βοηθητικό!$J$2:$N$354,3,FALSE)="","",VLOOKUP(AZ16,βοηθητικό!$J$2:$N$354,3,FALSE)) -> _ | BC16: _ | BD16: =IF(VLOOKUP(BC16,βοηθητικό!$J$2:$N$354,3,FALSE)="","",VLOOKUP(BC16,βοηθητικό!$J$2:$N$354,3,FALSE)) -> _ | BF16: _ | BG16: =IF(VLOOKUP(BF16,βοηθητικό!$J$2:$N$354,3,FALSE)="","",VLOOKUP(BF16,βοηθητικό!$J$2:$N$354,3,FALSE)) -> _ | BI16: _ | BJ16: =IF(VLOOKUP(BI16,βοηθητικό!$J$2:$N$354,3,FALSE)="","",VLOOKUP(BI16,βοηθητικό!$J$2:$N$354,3,FALSE)) -> _ | BL16: _ | BM16: =IF(VLOOKUP(BL16,βοηθητικό!$J$2:$N$354,3,FALSE)="","",VLOOKUP(BL16,βοηθητικό!$J$2:$N$354,3,FALSE)) -> _ | BO16: _ | BP16: =IF(VLOOKUP(BO16,βοηθητικό!$J$2:$N$354,3,FALSE)="","",VLOOKUP(BO16,βοηθητικό!$J$2:$N$354,3,FALSE)) -> _ | BR16: _ | BS16: =IF(VLOOKUP(BR16,βοηθητικό!$J$2:$N$354,3,FALSE)="","",VLOOKUP(BR16,βοηθητικό!$J$2:$N$354,3,FALSE)) -> _ | BU16: _ | BV16: =IF(VLOOKUP(BU16,βοηθητικό!$J$2:$N$354,3,FALSE)="","",VLOOKUP(BU16,βοηθητικό!$J$2:$N$354,3,FALSE)) -> _ | BX16: _ | BY16: =IF(VLOOKUP(BX16,βοηθητικό!$J$2:$N$354,3,FALSE)="","",VLOOKUP(BX16,βοηθητικό!$J$2:$N$354,3,FALSE)) -> _ | CA16: _ | CB16: =IF(VLOOKUP(CA16,βοηθητικό!$J$2:$N$354,3,FALSE)="","",VLOOKUP(CA16,βοηθητικό!$J$2:$N$354,3,FALSE)) -> _ | CD16: _ | CE16: =IF(VLOOKUP(CD16,βοηθητικό!$J$2:$N$354,3,FALSE)="","",VLOOKUP(CD16,βοηθητικό!$J$2:$N$354,3,FALSE)) -> _ | CG16: _ | CH16: =IF(VLOOKUP(CG16,βοηθητικό!$J$2:$N$354,3,FALSE)="","",VLOOKUP(CG16,βοηθητικό!$J$2:$N$354,3,FALSE)) -> _ | CJ16: _ | CK16: =IF(VLOOKUP(CJ16,βοηθητικό!$J$2:$N$354,3,FALSE)="","",VLOOKUP(CJ16,βοηθητικό!$J$2:$N$354,3,FALSE)) -> _ | CM16: _ | CN16: =IF(VLOOKUP(CM16,βοηθητικό!$J$2:$N$354,3,FALSE)="","",VLOOKUP(CM16,βοηθητικό!$J$2:$N$354,3,FALSE)) -> _ | CP16: _ | CQ16: =IF(VLOOKUP(CP16,βοηθητικό!$J$2:$N$354,3,FALSE)="","",VLOOKUP(CP16,βοηθητικό!$J$2:$N$354,3,FALSE)) -> _ | CS16: _ | CT16: =IF(VLOOKUP(CS16,βοηθητικό!$J$2:$N$354,3,FALSE)="","",VLOOKUP(CS16,βοηθητικό!$J$2:$N$354,3,FALSE)) -> _
A17: =--SUBTOTAL(3,$B$3:B16) -> 14 | B17: 45032 | C17: 45038 | D17: ΔΑΕΦΚ-ΚΕ ΤΜΗΜΑ Β | E17: _ | F17: _ | G17: =IF(OR(C17="_",E17="_"),"__",CONCATENATE(C17,E17)) -> __ | H17: =IF(G17="__","FALSE",COUNTIF(G:G,G17)>1) -> FALSE | I17: =SUMPRODUCT((J17:CU17<>"_")*(MOD(COLUMN(J17:CU17)-COLUMN(J17),3)=0)) -> 6 | J17: ΑΓΑΔΑΚΟΥ ΚΩΝΣΤΑΝΤΙΝΑ | K17: =IF(VLOOKUP(J17,βοηθητικό!$J$2:$N$354,3,FALSE)="","",VLOOKUP(J17,βοηθητικό!$J$2:$N$354,3,FALSE)) -> 6970113758 | M17: ΑΣΗΜΑΚΟΠΟΥΛΟΣ ΧΡΗΣΤΟΣ-ΜΕΝΕΛΑΟΣ | N17: =IF(VLOOKUP(M17,βοηθητικό!$J$2:$N$354,3,FALSE)="","",VLOOKUP(M17,βοηθητικό!$J$2:$N$354,3,FALSE)) -> 6948465629 | P17: ΔΗΜΗΤΡΙΑΔΗΣ ΕΥΑΓΓΕΛΟΣ | Q17: =IF(VLOOKUP(P17,βοηθητικό!$J$2:$N$354,3,FALSE)="","",VLOOKUP(P17,βοηθητικό!$J$2:$N$354,3,FALSE)) -> 6983483104 | S17: ΔΟΥΔΟΥΜΗΣ ΣΤΕΡΓΙΟΣ | T17: =IF(VLOOKUP(S17,βοηθητικό!$J$2:$N$354,3,FALSE)="","",VLOOKUP(S17,βοηθητικό!$J$2:$N$354,3,FALSE)) -> 6937776358 | V17: ΛΕΩΝΗ ΙΩΑΝΝΑ | W17: =IF(VLOOKUP(V17,βοηθητικό!$J$2:$N$354,3,FALSE)="","",VLOOKUP(V17,βοηθητικό!$J$2:$N$354,3,FALSE)) -> 6945400547 | Y17: ΜΑΥΡΟΓΕΝΗΣ ΑΝΤΩΝΙΟΣ | Z17: =IF(VLOOKUP(Y17,βοηθητικό!$J$2:$N$354,3,FALSE)="","",VLOOKUP(Y17,βοηθητικό!$J$2:$N$354,3,FALSE)) -> 6972150340 | AB17: _ | AC17: =IF(VLOOKUP(AB17,βοηθητικό!$J$2:$N$354,3,FALSE)="","",VLOOKUP(AB17,βοηθητικό!$J$2:$N$354,3,FALSE)) -> _ | AE17: _ | AF17: =IF(VLOOKUP(AE17,βοηθητικό!$J$2:$N$354,3,FALSE)="","",VLOOKUP(AE17,βοηθητικό!$J$2:$N$354,3,FALSE)) -> _ | AH17: _ | AI17: =IF(VLOOKUP(AH17,βοηθητικό!$J$2:$N$354,3,FALSE)="","",VLOOKUP(AH17,βοηθητικό!$J$2:$N$354,3,FALSE)) -> _ | AK17: _ | AL17: =IF(VLOOKUP(AK17,βοηθητικό!$J$2:$N$354,3,FALSE)="","",VLOOKUP(AK17,βοηθητικό!$J$2:$N$354,3,FALSE)) -> _ | AN17: _ | AO17: =IF(VLOOKUP(AN17,βοηθητικό!$J$2:$N$354,3,FALSE)="","",VLOOKUP(AN17,βοηθητικό!$J$2:$N$354,3,FALSE)) -> _ | AQ17: _ | AR17: =IF(VLOOKUP(AQ17,βοηθητικό!$J$2:$N$354,3,FALSE)="","",VLOOKUP(AQ17,βοηθητικό!$J$2:$N$354,3,FALSE)) -> _ | AT17: _ | AU17: =IF(VLOOKUP(AT17,βοηθητικό!$J$2:$N$354,3,FALSE)="","",VLOOKUP(AT17,βοηθητικό!$J$2:$N$354,3,FALSE)) -> _ | AW17: _ | AX17: =IF(VLOOKUP(AW17,βοηθητικό!$J$2:$N$354,3,FALSE)="","",VLOOKUP(AW17,βοηθητικό!$J$2:$N$354,3,FALSE)) -> _ | AZ17: _ | BA17: =IF(VLOOKUP(AZ17,βοηθητικό!$J$2:$N$354,3,FALSE)="","",VLOOKUP(AZ17,βοηθητικό!$J$2:$N$354,3,FALSE)) -> _ | BC17: _ | BD17: =IF(VLOOKUP(BC17,βοηθητικό!$J$2:$N$354,3,FALSE)="","",VLOOKUP(BC17,βοηθητικό!$J$2:$N$354,3,FALSE)) -> _ | BF17: _ | BG17: =IF(VLOOKUP(BF17,βοηθητικό!$J$2:$N$354,3,FALSE)="","",VLOOKUP(BF17,βοηθητικό!$J$2:$N$354,3,FALSE)) -> _ | BI17: _ | BJ17: =IF(VLOOKUP(BI17,βοηθητικό!$J$2:$N$354,3,FALSE)="","",VLOOKUP(BI17,βοηθητικό!$J$2:$N$354,3,FALSE)) -> _ | BL17: _ | BM17: =IF(VLOOKUP(BL17,βοηθητικό!$J$2:$N$354,3,FALSE)="","",VLOOKUP(BL17,βοηθητικό!$J$2:$N$354,3,FALSE)) -> _ | BO17: _ | BP17: =IF(VLOOKUP(BO17,βοηθητικό!$J$2:$N$354,3,FALSE)="","",VLOOKUP(BO17,βοηθητικό!$J$2:$N$354,3,FALSE)) -> _ | BR17: _ | BS17: =IF(VLOOKUP(BR17,βοηθητικό!$J$2:$N$354,3,FALSE)="","",VLOOKUP(BR17,βοηθητικό!$J$2:$N$354,3,FALSE)) -> _ | BU17: _ | BV17: =IF(VLOOKUP(BU17,βοηθητικό!$J$2:$N$354,3,FALSE)="","",VLOOKUP(BU17,βοηθητικό!$J$2:$N$354,3,FALSE)) -> _ | BX17: _ | BY17: =IF(VLOOKUP(BX17,βοηθητικό!$J$2:$N$354,3,FALSE)="","",VLOOKUP(BX17,βοηθητικό!$J$2:$N$354,3,FALSE)) -> _ | CA17: _ | CB17: =IF(VLOOKUP(CA17,βοηθητικό!$J$2:$N$354,3,FALSE)="","",VLOOKUP(CA17,βοηθητικό!$J$2:$N$354,3,FALSE)) -> _ | CD17: _ | CE17: =IF(VLOOKUP(CD17,βοηθητικό!$J$2:$N$354,3,FALSE)="","",VLOOKUP(CD17,βοηθητικό!$J$2:$N$354,3,FALSE)) -> _ | CG17: _ | CH17: =IF(VLOOKUP(CG17,βοηθητικό!$J$2:$N$354,3,FALSE)="","",VLOOKUP(CG17,βοηθητικό!$J$2:$N$354,3,FALSE)) -> _ | CJ17: _ | CK17: =IF(VLOOKUP(CJ17,βοηθητικό!$J$2:$N$354,3,FALSE)="","",VLOOKUP(CJ17,βοηθητικό!$J$2:$N$354,3,FALSE)) -> _ | CM17: _ | CN17: =IF(VLOOKUP(CM17,βοηθητικό!$J$2:$N$354,3,FALSE)="","",VLOOKUP(CM17,βοηθητικό!$J$2:$N$354,3,FALSE)) -> _ | CP17: _ | CQ17: =IF(VLOOKUP(CP17,βοηθητικό!$J$2:$N$354,3,FALSE)="","",VLOOKUP(CP17,βοηθητικό!$J$2:$N$354,3,FALSE)) -> _ | CS17: _ | CT17: =IF(VLOOKUP(CS17,βοηθητικό!$J$2:$N$354,3,FALSE)="","",VLOOKUP(CS17,βοηθητικό!$J$2:$N$354,3,FALSE)) -> _
A18: =--SUBTOTAL(3,$B$3:B17) -> 15 | B18: 45032 | C18: 45038 | D18: ΔΑΕΦΚ-ΚΕ ΤΜΗΜΑ Γ | E18: _ | F18: _ | G18: =IF(OR(C18="_",E18="_"),"__",CONCATENATE(C18,E18)) -> __ | H18: =IF(G18="__","FALSE",COUNTIF(G:G,G18)>1) -> FALSE | I18: =SUMPRODUCT((J18:CU18<>"_")*(MOD(COLUMN(J18:CU18)-COLUMN(J18),3)=0)) -> 5 | J18: ΒΛΑΧΟΓΙΑΝΝΗΣ ΚΩΝΣΤΑΝΤΙΝΟΣ | K18: =IF(VLOOKUP(J18,βοηθητικό!$J$2:$N$354,3,FALSE)="","",VLOOKUP(J18,βοηθητικό!$J$2:$N$354,3,FALSE)) -> 6976657104 | M18: ΜΗΤΡΟΠΟΥΛΟΣ ΔΗΜΗΤΡΙΟΣ | N18: =IF(VLOOKUP(M18,βοηθητικό!$J$2:$N$354,3,FALSE)="","",VLOOKUP(M18,βοηθητικό!$J$2:$N$354,3,FALSE)) -> 6934973849 | P18: ΠΑΝΑΓΙΩΤΟΥΛΙΑ ΒΑΣΙΛΙΚΗ | Q18: =IF(VLOOKUP(P18,βοηθητικό!$J$2:$N$354,3,FALSE)="","",VLOOKUP(P18,βοηθητικό!$J$2:$N$354,3,FALSE)) -> 6977293089 | S18: ΚΕΒΕΡΗΣ ΜΙΧΑΗΛ | T18: =IF(VLOOKUP(S18,βοηθητικό!$J$2:$N$354,3,FALSE)="","",VLOOKUP(S18,βοηθητικό!$J$2:$N$354,3,FALSE)) -> _ | V18: ΜΠΕΡΤΣΙΑΣ ΜΙΛΤΙΑΔΗΣ | W18: =IF(VLOOKUP(V18,βοηθητικό!$J$2:$N$354,3,FALSE)="","",VLOOKUP(V18,βοηθητικό!$J$2:$N$354,3,FALSE)) -> 6974321817 | Y18: _ | Z18: =IF(VLOOKUP(Y18,βοηθητικό!$J$2:$N$354,3,FALSE)="","",VLOOKUP(Y18,βοηθητικό!$J$2:$N$354,3,FALSE)) -> _ | AB18: _ | AC18: =IF(VLOOKUP(AB18,βοηθητικό!$J$2:$N$354,3,FALSE)="","",VLOOKUP(AB18,βοηθητικό!$J$2:$N$354,3,FALSE)) -> _ | AE18: _ | AF18: =IF(VLOOKUP(AE18,βοηθητικό!$J$2:$N$354,3,FALSE)="","",VLOOKUP(AE18,βοηθητικό!$J$2:$N$354,3,FALSE)) -> _ | AH18: _ | AI18: =IF(VLOOKUP(AH18,βοηθητικό!$J$2:$N$354,3,FALSE)="","",VLOOKUP(AH18,βοηθητικό!$J$2:$N$354,3,FALSE)) -> _ | AK18: _ | AL18: =IF(VLOOKUP(AK18,βοηθητικό!$J$2:$N$354,3,FALSE)="","",VLOOKUP(AK18,βοηθητικό!$J$2:$N$354,3,FALSE)) -> _ | AN18: _ | AO18: =IF(VLOOKUP(AN18,βοηθητικό!$J$2:$N$354,3,FALSE)="","",VLOOKUP(AN18,βοηθητικό!$J$2:$N$354,3,FALSE)) -> _ | AQ18: _ | AR18: =IF(VLOOKUP(AQ18,βοηθητικό!$J$2:$N$354,3,FALSE)="","",VLOOKUP(AQ18,βοηθητικό!$J$2:$N$354,3,FALSE)) -> _ | AT18: _ | AU18: =IF(VLOOKUP(AT18,βοηθητικό!$J$2:$N$354,3,FALSE)="","",VLOOKUP(AT18,βοηθητικό!$J$2:$N$354,3,FALSE)) -> _ | AW18: _ | AX18: =IF(VLOOKUP(AW18,βοηθητικό!$J$2:$N$354,3,FALSE)="","",VLOOKUP(AW18,βοηθητικό!$J$2:$N$354,3,FALSE)) -> _ | AZ18: _ | BA18: =IF(VLOOKUP(AZ18,βοηθητικό!$J$2:$N$354,3,FALSE)="","",VLOOKUP(AZ18,βοηθητικό!$J$2:$N$354,3,FALSE)) -> _ | BC18: _ | BD18: =IF(VLOOKUP(BC18,βοηθητικό!$J$2:$N$354,3,FALSE)="","",VLOOKUP(BC18,βοηθητικό!$J$2:$N$354,3,FALSE)) -> _ | BF18: _ | BG18: =IF(VLOOKUP(BF18,βοηθητικό!$J$2:$N$354,3,FALSE)="","",VLOOKUP(BF18,βοηθητικό!$J$2:$N$354,3,FALSE)) -> _ | BI18: _ | BJ18: =IF(VLOOKUP(BI18,βοηθητικό!$J$2:$N$354,3,FALSE)="","",VLOOKUP(BI18,βοηθητικό!$J$2:$N$354,3,FALSE)) -> _ | BL18: _ | BM18: =IF(VLOOKUP(BL18,βοηθητικό!$J$2:$N$354,3,FALSE)="","",VLOOKUP(BL18,βοηθητικό!$J$2:$N$354,3,FALSE)) -> _ | BO18: _ | BP18: =IF(VLOOKUP(BO18,βοηθητικό!$J$2:$N$354,3,FALSE)="","",VLOOKUP(BO18,βοηθητικό!$J$2:$N$354,3,FALSE)) -> _ | BR18: _ | BS18: =IF(VLOOKUP(BR18,βοηθητικό!$J$2:$N$354,3,FALSE)="","",VLOOKUP(BR18,βοηθητικό!$J$2:$N$354,3,FALSE)) -> _ | BU18: _ | BV18: =IF(VLOOKUP(BU18,βοηθητικό!$J$2:$N$354,3,FALSE)="","",VLOOKUP(BU18,βοηθητικό!$J$2:$N$354,3,FALSE)) -> _ | BX18: _ | BY18: =IF(VLOOKUP(BX18,βοηθητικό!$J$2:$N$354,3,FALSE)="","",VLOOKUP(BX18,βοηθητικό!$J$2:$N$354,3,FALSE)) -> _ | CA18: _ | CB18: =IF(VLOOKUP(CA18,βοηθητικό!$J$2:$N$354,3,FALSE)="","",VLOOKUP(CA18,βοηθητικό!$J$2:$N$354,3,FALSE)) -> _ | CD18: _ | CE18: =IF(VLOOKUP(CD18,βοηθητικό!$J$2:$N$354,3,FALSE)="","",VLOOKUP(CD18,βοηθητικό!$J$2:$N$354,3,FALSE)) -> _ | CG18: _ | CH18: =IF(VLOOKUP(CG18,βοηθητικό!$J$2:$N$354,3,FALSE)="","",VLOOKUP(CG18,βοηθητικό!$J$2:$N$354,3,FALSE)) -> _ | CJ18: _ | CK18: =IF(VLOOKUP(CJ18,βοηθητικό!$J$2:$N$354,3,FALSE)="","",VLOOKUP(CJ18,βοηθητικό!$J$2:$N$354,3,FALSE)) -> _ | CM18: _ | CN18: =IF(VLOOKUP(CM18,βοηθητικό!$J$2:$N$354,3,FALSE)="","",VLOOKUP(CM18,βοηθητικό!$J$2:$N$354,3,FALSE)) -> _ | CP18: _ | CQ18: =IF(VLOOKUP(CP18,βοηθητικό!$J$2:$N$354,3,FALSE)="","",VLOOKUP(CP18,βοηθητικό!$J$2:$N$354,3,FALSE)) -> _ | CS18: _ | CT18: =IF(VLOOKUP(CS18,βοηθητικό!$J$2:$N$354,3,FALSE)="","",VLOOKUP(CS18,βοηθητικό!$J$2:$N$354,3,FALSE)) -> _
A19: =--SUBTOTAL(3,$B$3:B18) -> 16 | B19: 45032 | C19: 45038 | D19: ΔΑΕΦΚ-ΚΕ ΤΜΗΜΑ Δ | E19: _ | F19: _ | G19: =IF(OR(C19="_",E19="_"),"__",CONCATENATE(C19,E19)) -> __ | H19: =IF(G19="__","FALSE",COUNTIF(G:G,G19)>1) -> FALSE | I19: =SUMPRODUCT((J19:CU19<>"_")*(MOD(COLUMN(J19:CU19)-COLUMN(J19),3)=0)) -> 10 | J19: ΑΓΙΑΝΟΓΛΟΥ ΒΑΣΙΛΕΙΟΣ | K19: =IF(VLOOKUP(J19,βοηθητικό!$J$2:$N$354,3,FALSE)="","",VLOOKUP(J19,βοηθητικό!$J$2:$N$354,3,FALSE)) -> 6974929090 | M19: ΓΙΑΒΡΟΥΤΑ ΛΑΜΠΡΙΝΗ | N19: =IF(VLOOKUP(M19,βοηθητικό!$J$2:$N$354,3,FALSE)="","",VLOOKUP(M19,βοηθητικό!$J$2:$N$354,3,FALSE)) -> 6948491981 | P19: ΔΗΜΑΚΟΓΙΑΝΝΗ ΑΓΓΕΛΙΚΗ | Q19: =IF(VLOOKUP(P19,βοηθητικό!$J$2:$N$354,3,FALSE)="","",VLOOKUP(P19,βοηθητικό!$J$2:$N$354,3,FALSE)) -> 6942039538 | S19: ΚΕΡΚΕΜΕΖΟΥ ΓΕΩΡΓΙΑ | T19: =IF(VLOOKUP(S19,βοηθητικό!$J$2:$N$354,3,FALSE)="","",VLOOKUP(S19,βοηθητικό!$J$2:$N$354,3,FALSE)) -> 6972072589 | V19: ΚΟΥΜΟΥΤΣΟΣ ΝΙΚΟΛΑΟΣ | W19: =IF(VLOOKUP(V19,βοηθητικό!$J$2:$N$354,3,FALSE)="","",VLOOKUP(V19,βοηθητικό!$J$2:$N$354,3,FALSE)) -> 6999854936 | Y19: ΝΤΑΛΑΠΕΡΑΣ ΓΕΩΡΓΙΟΣ | Z19: =IF(VLOOKUP(Y19,βοηθητικό!$J$2:$N$354,3,FALSE)="","",VLOOKUP(Y19,βοηθητικό!$J$2:$N$354,3,FALSE)) -> 6981800426 | AB19: ΠΑΡΔΑΛΗ ΑΝΑΣΤΑΣΙΑ | AC19: =IF(VLOOKUP(AB19,βοηθητικό!$J$2:$N$354,3,FALSE)="","",VLOOKUP(AB19,βοηθητικό!$J$2:$N$354,3,FALSE)) -> 6983652275 | AE19: ΠΑΥΛΑΤΟΣ ΚΩΝΣΤΑΝΤΙΝΟΣ | AF19: =IF(VLOOKUP(AE19,βοηθητικό!$J$2:$N$354,3,FALSE)="","",VLOOKUP(AE19,βοηθητικό!$J$2:$N$354,3,FALSE)) -> 6972015813 | AH19: ΡΟΥΣΣΟΥ ΓΑΡΥΦΑΛΛΙΑ - ΑΦΡΟΔΙΤΗ | AI19: =IF(VLOOKUP(AH19,βοηθητικό!$J$2:$N$354,3,FALSE)="","",VLOOKUP(AH19,βοηθητικό!$J$2:$N$354,3,FALSE)) -> 6977224085 | AK19: ΣΤΑΜΑΤΟΓΙΑΝΝΗ ΜΑΡΙΑ | AL19: =IF(VLOOKUP(AK19,βοηθητικό!$J$2:$N$354,3,FALSE)="","",VLOOKUP(AK19,βοηθητικό!$J$2:$N$354,3,FALSE)) -> 6946474745 | AN19: _ | AO19: =IF(VLOOKUP(AN19,βοηθητικό!$J$2:$N$354,3,FALSE)="","",VLOOKUP(AN19,βοηθητικό!$J$2:$N$354,3,FALSE)) -> _ | AQ19: _ | AR19: =IF(VLOOKUP(AQ19,βοηθητικό!$J$2:$N$354,3,FALSE)="","",VLOOKUP(AQ19,βοηθητικό!$J$2:$N$354,3,FALSE)) -> _ | AT19: _ | AU19: =IF(VLOOKUP(AT19,βοηθητικό!$J$2:$N$354,3,FALSE)="","",VLOOKUP(AT19,βοηθητικό!$J$2:$N$354,3,FALSE)) -> _ | AW19: _ | AX19: =IF(VLOOKUP(AW19,βοηθητικό!$J$2:$N$354,3,FALSE)="","",VLOOKUP(AW19,βοηθητικό!$J$2:$N$354,3,FALSE)) -> _ | AZ19: _ | BA19: =IF(VLOOKUP(AZ19,βοηθητικό!$J$2:$N$354,3,FALSE)="","",VLOOKUP(AZ19,βοηθητικό!$J$2:$N$354,3,FALSE)) -> _ | BC19: _ | BD19: =IF(VLOOKUP(BC19,βοηθητικό!$J$2:$N$354,3,FALSE)="","",VLOOKUP(BC19,βοηθητικό!$J$2:$N$354,3,FALSE)) -> _ | BF19: _ | BG19: =IF(VLOOKUP(BF19,βοηθητικό!$J$2:$N$354,3,FALSE)="","",VLOOKUP(BF19,βοηθητικό!$J$2:$N$354,3,FALSE)) -> _ | BI19: _ | BJ19: =IF(VLOOKUP(BI19,βοηθητικό!$J$2:$N$354,3,FALSE)="","",VLOOKUP(BI19,βοηθητικό!$J$2:$N$354,3,FALSE)) -> _ | BL19: _ | BM19: =IF(VLOOKUP(BL19,βοηθητικό!$J$2:$N$354,3,FALSE)="","",VLOOKUP(BL19,βοηθητικό!$J$2:$N$354,3,FALSE)) -> _ | BO19: _ | BP19: =IF(VLOOKUP(BO19,βοηθητικό!$J$2:$N$354,3,FALSE)="","",VLOOKUP(BO19,βοηθητικό!$J$2:$N$354,3,FALSE)) -> _ | BR19: _ | BS19: =IF(VLOOKUP(BR19,βοηθητικό!$J$2:$N$354,3,FALSE)="","",VLOOKUP(BR19,βοηθητικό!$J$2:$N$354,3,FALSE)) -> _ | BU19: _ | BV19: =IF(VLOOKUP(BU19,βοηθητικό!$J$2:$N$354,3,FALSE)="","",VLOOKUP(BU19,βοηθητικό!$J$2:$N$354,3,FALSE)) -> _ | BX19: _ | BY19: =IF(VLOOKUP(BX19,βοηθητικό!$J$2:$N$354,3,FALSE)="","",VLOOKUP(BX19,βοηθητικό!$J$2:$N$354,3,FALSE)) -> _ | CA19: _ | CB19: =IF(VLOOKUP(CA19,βοηθητικό!$J$2:$N$354,3,FALSE)="","",VLOOKUP(CA19,βοηθητικό!$J$2:$N$354,3,FALSE)) -> _ | CD19: _ | CE19: =IF(VLOOKUP(CD19,βοηθητικό!$J$2:$N$354,3,FALSE)="","",VLOOKUP(CD19,βοηθητικό!$J$2:$N$354,3,FALSE)) -> _ | CG19: _ | CH19: =IF(VLOOKUP(CG19,βοηθητικό!$J$2:$N$354,3,FALSE)="","",VLOOKUP(CG19,βοηθητικό!$J$2:$N$354,3,FALSE)) -> _ | CJ19: _ | CK19: =IF(VLOOKUP(CJ19,βοηθητικό!$J$2:$N$354,3,FALSE)="","",VLOOKUP(CJ19,βοηθητικό!$J$2:$N$354,3,FALSE)) -> _ | CM19: _ | CN19: =IF(VLOOKUP(CM19,βοηθητικό!$J$2:$N$354,3,FALSE)="","",VLOOKUP(CM19,βοηθητικό!$J$2:$N$354,3,FALSE)) -> _ | CP19: _ | CQ19: =IF(VLOOKUP(CP19,βοηθητικό!$J$2:$N$354,3,FALSE)="","",VLOOKUP(CP19,βοηθητικό!$J$2:$N$354,3,FALSE)) -> _ | CS19: _ | CT19: =IF(VLOOKUP(CS19,βοηθητικό!$J$2:$N$354,3,FALSE)="","",VLOOKUP(CS19,βοηθητικό!$J$2:$N$354,3,FALSE)) -> _
A20: =--SUBTOTAL(3,$B$3:B19) -> 17 | B20: 45032 | C20: 45038 | D20: ΤΑΕΦΚ-ΑΑ | E20: _ | F20: _ | G20: =IF(OR(C20="_",E20="_"),"__",CONCATENATE(C20,E20)) -> __ | H20: =IF(G20="__","FALSE",COUNTIF(G:G,G20)>1) -> FALSE | I20: =SUMPRODUCT((J20:CU20<>"_")*(MOD(COLUMN(J20:CU20)-COLUMN(J20),3)=0)) -> 9 | J20: ΓΕΩΡΓΟΠΟΥΛΟΥ ΜΑΡΙΑ | K20: =IF(VLOOKUP(J20,βοηθητικό!$J$2:$N$354,3,FALSE)="","",VLOOKUP(J20,βοηθητικό!$J$2:$N$354,3,FALSE)) -> 6972820547 | M20: ΛΕΝΑ ΔΕΣΠΟΙΝΑ | N20: =IF(VLOOKUP(M20,βοηθητικό!$J$2:$N$354,3,FALSE)="","",VLOOKUP(M20,βοηθητικό!$J$2:$N$354,3,FALSE)) -> 6977421366 | P20: ΜΑΚΡΗΣ ΑΥΓΟΥΣΤΙΝΟΣ | Q20: =IF(VLOOKUP(P20,βοηθητικό!$J$2:$N$354,3,FALSE)="","",VLOOKUP(P20,βοηθητικό!$J$2:$N$354,3,FALSE)) -> 6942496492 | S20: ΚΟΥΡΗ ΝΙΚΟΛΕΤΑ | T20: =IF(VLOOKUP(S20,βοηθητικό!$J$2:$N$354,3,FALSE)="","",VLOOKUP(S20,βοηθητικό!$J$2:$N$354,3,FALSE)) -> 6932637784 | V20: ΤΣΕΡΜΟΥ ΜΑΡΙΑ | W20: =IF(VLOOKUP(V20,βοηθητικό!$J$2:$N$354,3,FALSE)="","",VLOOKUP(V20,βοηθητικό!$J$2:$N$354,3,FALSE)) -> 6955110793 | Y20: ΜΠΑΡΔΗΣ ΓΕΩΡΓΙΟΣ | Z20: =IF(VLOOKUP(Y20,βοηθητικό!$J$2:$N$354,3,FALSE)="","",VLOOKUP(Y20,βοηθητικό!$J$2:$N$354,3,FALSE)) -> 6976140354 | AB20: ΚΑΤΙΚΑΣ ΧΡΗΣΤΟΣ | AC20: =IF(VLOOKUP(AB20,βοηθητικό!$J$2:$N$354,3,FALSE)="","",VLOOKUP(AB20,βοηθητικό!$J$2:$N$354,3,FALSE)) -> 6948330665 | AE20: ΛΑΖΑΡΟΥ ΧΑΡΑΛΑΜΠΟΣ | AF20: =IF(VLOOKUP(AE20,βοηθητικό!$J$2:$N$354,3,FALSE)="","",VLOOKUP(AE20,βοηθητικό!$J$2:$N$354,3,FALSE)) -> 6955003825 | AH20: ΧΑΡΑΛΑΜΠΙΔΟΥ ΠΑΝΑΓΙΩΤΑ | AI20: =IF(VLOOKUP(AH20,βοηθητικό!$J$2:$N$354,3,FALSE)="","",VLOOKUP(AH20,βοηθητικό!$J$2:$N$354,3,FALSE)) -> 6974117272 | AK20: _ | AL20: =IF(VLOOKUP(AK20,βοηθητικό!$J$2:$N$354,3,FALSE)="","",VLOOKUP(AK20,βοηθητικό!$J$2:$N$354,3,FALSE)) -> _ | AN20: _ | AO20: =IF(VLOOKUP(AN20,βοηθητικό!$J$2:$N$354,3,FALSE)="","",VLOOKUP(AN20,βοηθητικό!$J$2:$N$354,3,FALSE)) -> _ | AQ20: _ | AR20: =IF(VLOOKUP(AQ20,βοηθητικό!$J$2:$N$354,3,FALSE)="","",VLOOKUP(AQ20,βοηθητικό!$J$2:$N$354,3,FALSE)) -> _ | AT20: _ | AU20: =IF(VLOOKUP(AT20,βοηθητικό!$J$2:$N$354,3,FALSE)="","",VLOOKUP(AT20,βοηθητικό!$J$2:$N$354,3,FALSE)) -> _ | AW20: _ | AX20: =IF(VLOOKUP(AW20,βοηθητικό!$J$2:$N$354,3,FALSE)="","",VLOOKUP(AW20,βοηθητικό!$J$2:$N$354,3,FALSE)) -> _ | AZ20: _ | BA20: =IF(VLOOKUP(AZ20,βοηθητικό!$J$2:$N$354,3,FALSE)="","",VLOOKUP(AZ20,βοηθητικό!$J$2:$N$354,3,FALSE)) -> _ | BC20: _ | BD20: =IF(VLOOKUP(BC20,βοηθητικό!$J$2:$N$354,3,FALSE)="","",VLOOKUP(BC20,βοηθητικό!$J$2:$N$354,3,FALSE)) -> _ | BF20: _ | BG20: =IF(VLOOKUP(BF20,βοηθητικό!$J$2:$N$354,3,FALSE)="","",VLOOKUP(BF20,βοηθητικό!$J$2:$N$354,3,FALSE)) -> _ | BI20: _ | BJ20: =IF(VLOOKUP(BI20,βοηθητικό!$J$2:$N$354,3,FALSE)="","",VLOOKUP(BI20,βοηθητικό!$J$2:$N$354,3,FALSE)) -> _ | BL20: _ | BM20: =IF(VLOOKUP(BL20,βοηθητικό!$J$2:$N$354,3,FALSE)="","",VLOOKUP(BL20,βοηθητικό!$J$2:$N$354,3,FALSE)) -> _ | BO20: _ | BP20: =IF(VLOOKUP(BO20,βοηθητικό!$J$2:$N$354,3,FALSE)="","",VLOOKUP(BO20,βοηθητικό!$J$2:$N$354,3,FALSE)) -> _ | BR20: _ | BS20: =IF(VLOOKUP(BR20,βοηθητικό!$J$2:$N$354,3,FALSE)="","",VLOOKUP(BR20,βοηθητικό!$J$2:$N$354,3,FALSE)) -> _ | BU20: _ | BV20: =IF(VLOOKUP(BU20,βοηθητικό!$J$2:$N$354,3,FALSE)="","",VLOOKUP(BU20,βοηθητικό!$J$2:$N$354,3,FALSE)) -> _ | BX20: _ | BY20: =IF(VLOOKUP(BX20,βοηθητικό!$J$2:$N$354,3,FALSE)="","",VLOOKUP(BX20,βοηθητικό!$J$2:$N$354,3,FALSE)) -> _ | CA20: _ | CB20: =IF(VLOOKUP(CA20,βοηθητικό!$J$2:$N$354,3,FALSE)="","",VLOOKUP(CA20,βοηθητικό!$J$2:$N$354,3,FALSE)) -> _ | CD20: _ | CE20: =IF(VLOOKUP(CD20,βοηθητικό!$J$2:$N$354,3,FALSE)="","",VLOOKUP(CD20,βοηθητικό!$J$2:$N$354,3,FALSE)) -> _ | CG20: _ | CH20: =IF(VLOOKUP(CG20,βοηθητικό!$J$2:$N$354,3,FALSE)="","",VLOOKUP(CG20,βοηθητικό!$J$2:$N$354,3,FALSE)) -> _ | CJ20: _ | CK20: =IF(VLOOKUP(CJ20,βοηθητικό!$J$2:$N$354,3,FALSE)="","",VLOOKUP(CJ20,βοηθητικό!$J$2:$N$354,3,FALSE)) -> _ | CM20: _ | CN20: =IF(VLOOKUP(CM20,βοηθητικό!$J$2:$N$354,3,FALSE)="","",VLOOKUP(CM20,βοηθητικό!$J$2:$N$354,3,FALSE)) -> _ | CP20: _ | CQ20: =IF(VLOOKUP(CP20,βοηθητικό!$J$2:$N$354,3,FALSE)="","",VLOOKUP(CP20,βοηθητικό!$J$2:$N$354,3,FALSE)) -> _ | CS20: _ | CT20: =IF(VLOOKUP(CS20,βοηθητικό!$J$2:$N$354,3,FALSE)="","",VLOOKUP(CS20,βοηθητικό!$J$2:$N$354,3,FALSE)) -> _
A21: =--SUBTOTAL(3,$B$3:B20) -> 18 | B21: 45032 | C21: 45038 | D21: ΔΑΕΦΚ-ΔΕ | E21: _ | F21: _ | G21: =IF(OR(C21="_",E21="_"),"__",CONCATENATE(C21,E21)) -> __ | H21: =IF(G21="__","FALSE",COUNTIF(G:G,G21)>1) -> FALSE | I21: =SUMPRODUCT((J21:CU21<>"_")*(MOD(COLUMN(J21:CU21)-COLUMN(J21),3)=0)) -> 6 | J21: ΣΩΤΗΡΟΠΟΥΛΟΣ ΙΩΑΝΝΗΣ | K21: =IF(VLOOKUP(J21,βοηθητικό!$J$2:$N$354,3,FALSE)="","",VLOOKUP(J21,βοηθητικό!$J$2:$N$354,3,FALSE)) -> 6932159538 6940215140 | M21: ΣΜΥΡΝΙΩΤΗΣ ΝΙΚΟΛΑΟΣ | N21: =IF(VLOOKUP(M21,βοηθητικό!$J$2:$N$354,3,FALSE)="","",VLOOKUP(M21,βοηθητικό!$J$2:$N$354,3,FALSE)) -> 6943571711 | P21: ΠΑΡΑΣΚΕΥΑ ΑΝΤΩΝΙΟΣ | Q21: =IF(VLOOKUP(P21,βοηθητικό!$J$2:$N$354,3,FALSE)="","",VLOOKUP(P21,βοηθητικό!$J$2:$N$354,3,FALSE)) -> 6978943962 | S21: ΜΙΧΑΗΛ ΑΝΤΩΝΙΑ | T21: =IF(VLOOKUP(S21,βοηθητικό!$J$2:$N$354,3,FALSE)="","",VLOOKUP(S21,βοηθητικό!$J$2:$N$354,3,FALSE)) -> 6955646945 | V21: ΜΟΣΧΟΥ ΔΕΣΠΟΙΝΑ | W21: =IF(VLOOKUP(V21,βοηθητικό!$J$2:$N$354,3,FALSE)="","",VLOOKUP(V21,βοηθητικό!$J$2:$N$354,3,FALSE)) -> 6972038001 | Y21: ΜΕΝΤΖΑΣ ΑΘΑΝΑΣΙΟΣ | Z21: =IF(VLOOKUP(Y21,βοηθητικό!$J$2:$N$354,3,FALSE)="","",VLOOKUP(Y21,βοηθητικό!$J$2:$N$354,3,FALSE)) -> 6947727931 | AB21: _ | AC21: =IF(VLOOKUP(AB21,βοηθητικό!$J$2:$N$354,3,FALSE)="","",VLOOKUP(AB21,βοηθητικό!$J$2:$N$354,3,FALSE)) -> _ | AE21: _ | AF21: =IF(VLOOKUP(AE21,βοηθητικό!$J$2:$N$354,3,FALSE)="","",VLOOKUP(AE21,βοηθητικό!$J$2:$N$354,3,FALSE)) -> _ | AH21: _ | AI21: =IF(VLOOKUP(AH21,βοηθητικό!$J$2:$N$354,3,FALSE)="","",VLOOKUP(AH21,βοηθητικό!$J$2:$N$354,3,FALSE)) -> _ | AK21: _ | AL21: =IF(VLOOKUP(AK21,βοηθητικό!$J$2:$N$354,3,FALSE)="","",VLOOKUP(AK21,βοηθητικό!$J$2:$N$354,3,FALSE)) -> _ | AN21: _ | AO21: =IF(VLOOKUP(AN21,βοηθητικό!$J$2:$N$354,3,FALSE)="","",VLOOKUP(AN21,βοηθητικό!$J$2:$N$354,3,FALSE)) -> _ | AQ21: _ | AR21: =IF(VLOOKUP(AQ21,βοηθητικό!$J$2:$N$354,3,FALSE)="","",VLOOKUP(AQ21,βοηθητικό!$J$2:$N$354,3,FALSE)) -> _ | AT21: _ | AU21: =IF(VLOOKUP(AT21,βοηθητικό!$J$2:$N$354,3,FALSE)="","",VLOOKUP(AT21,βοηθητικό!$J$2:$N$354,3,FALSE)) -> _ | AW21: _ | AX21: =IF(VLOOKUP(AW21,βοηθητικό!$J$2:$N$354,3,FALSE)="","",VLOOKUP(AW21,βοηθητικό!$J$2:$N$354,3,FALSE)) -> _ | AZ21: _ | BA21: =IF(VLOOKUP(AZ21,βοηθητικό!$J$2:$N$354,3,FALSE)="","",VLOOKUP(AZ21,βοηθητικό!$J$2:$N$354,3,FALSE)) -> _ | BC21: _ | BD21: =IF(VLOOKUP(BC21,βοηθητικό!$J$2:$N$354,3,FALSE)="","",VLOOKUP(BC21,βοηθητικό!$J$2:$N$354,3,FALSE)) -> _ | BF21: _ | BG21: =IF(VLOOKUP(BF21,βοηθητικό!$J$2:$N$354,3,FALSE)="","",VLOOKUP(BF21,βοηθητικό!$J$2:$N$354,3,FALSE)) -> _ | BI21: _ | BJ21: =IF(VLOOKUP(BI21,βοηθητικό!$J$2:$N$354,3,FALSE)="","",VLOOKUP(BI21,βοηθητικό!$J$2:$N$354,3,FALSE)) -> _ | BL21: _ | BM21: =IF(VLOOKUP(BL21,βοηθητικό!$J$2:$N$354,3,FALSE)="","",VLOOKUP(BL21,βοηθητικό!$J$2:$N$354,3,FALSE)) -> _ | BO21: _ | BP21: =IF(VLOOKUP(BO21,βοηθητικό!$J$2:$N$354,3,FALSE)="","",VLOOKUP(BO21,βοηθητικό!$J$2:$N$354,3,FALSE)) -> _ | BR21: _ | BS21: =IF(VLOOKUP(BR21,βοηθητικό!$J$2:$N$354,3,FALSE)="","",VLOOKUP(BR21,βοηθητικό!$J$2:$N$354,3,FALSE)) -> _ | BU21: _ | BV21: =IF(VLOOKUP(BU21,βοηθητικό!$J$2:$N$354,3,FALSE)="","",VLOOKUP(BU21,βοηθητικό!$J$2:$N$354,3,FALSE)) -> _ | BX21: _ | BY21: =IF(VLOOKUP(BX21,βοηθητικό!$J$2:$N$354,3,FALSE)="","",VLOOKUP(BX21,βοηθητικό!$J$2:$N$354,3,FALSE)) -> _ | CA21: _ | CB21: =IF(VLOOKUP(CA21,βοηθητικό!$J$2:$N$354,3,FALSE)="","",VLOOKUP(CA21,βοηθητικό!$J$2:$N$354,3,FALSE)) -> _ | CD21: _ | CE21: =IF(VLOOKUP(CD21,βοηθητικό!$J$2:$N$354,3,FALSE)="","",VLOOKUP(CD21,βοηθητικό!$J$2:$N$354,3,FALSE)) -> _ | CG21: _ | CH21: =IF(VLOOKUP(CG21,βοηθητικό!$J$2:$N$354,3,FALSE)="","",VLOOKUP(CG21,βοηθητικό!$J$2:$N$354,3,FALSE)) -> _ | CJ21: _ | CK21: =IF(VLOOKUP(CJ21,βοηθητικό!$J$2:$N$354,3,FALSE)="","",VLOOKUP(CJ21,βοηθητικό!$J$2:$N$354,3,FALSE)) -> _ | CM21: _ | CN21: =IF(VLOOKUP(CM21,βοηθητικό!$J$2:$N$354,3,FALSE)="","",VLOOKUP(CM21,βοηθητικό!$J$2:$N$354,3,FALSE)) -> _ | CP21: _ | CQ21: =IF(VLOOKUP(CP21,βοηθητικό!$J$2:$N$354,3,FALSE)="","",VLOOKUP(CP21,βοηθητικό!$J$2:$N$354,3,FALSE)) -> _ | CS21: _ | CT21: =IF(VLOOKUP(CS21,βοηθητικό!$J$2:$N$354,3,FALSE)="","",VLOOKUP(CS21,βοηθητικό!$J$2:$N$354,3,FALSE)) -> _
A22: =--SUBTOTAL(3,$B$3:B21) -> 19 | B22: 45032 | C22: 45038 | D22: ΔΑΕΦΚ-ΒΕ | E22: _ | F22: _ | G22: =IF(OR(C22="_",E22="_"),"__",CONCATENATE(C22,E22)) -> __ | H22: =IF(G22="__","FALSE",COUNTIF(G:G,G22)>1) -> FALSE | I22: =SUMPRODUCT((J22:CU22<>"_")*(MOD(COLUMN(J22:CU22)-COLUMN(J22),3)=0)) -> 12 | J22: ΓΚΑΦΑΡΙΔΟΥ ΜΑΡΙΑ | K22: =IF(VLOOKUP(J22,βοηθητικό!$J$2:$N$354,3,FALSE)="","",VLOOKUP(J22,βοηθητικό!$J$2:$N$354,3,FALSE)) -> 6944613389 | M22: ΓΟΥΝΑΡΙΔΟΥ ΕΥΧΑΡΙΣ | N22: =IF(VLOOKUP(M22,βοηθητικό!$J$2:$N$354,3,FALSE)="","",VLOOKUP(M22,βοηθητικό!$J$2:$N$354,3,FALSE)) -> 6974494940 | P22: ΒΟΓΙΑΤΖΗΣ ΒΑΣΙΛΕΙΟΣ | Q22: =IF(VLOOKUP(P22,βοηθητικό!$J$2:$N$354,3,FALSE)="","",VLOOKUP(P22,βοηθητικό!$J$2:$N$354,3,FALSE)) -> 6981400643 | S22: ΜΑΝΩΛΗΣ ΑΝΤΩΝΗΣ | T22: =IF(VLOOKUP(S22,βοηθητικό!$J$2:$N$354,3,FALSE)="","",VLOOKUP(S22,βοηθητικό!$J$2:$N$354,3,FALSE)) -> 6944744680 | V22: ΓΚΟΥΝΤΑΚΟΣ ΓΕΩΡΓΙΟΣ | W22: =IF(VLOOKUP(V22,βοηθητικό!$J$2:$N$354,3,FALSE)="","",VLOOKUP(V22,βοηθητικό!$J$2:$N$354,3,FALSE)) -> 6942926446 | Y22: ΠΕΤΑΛΩΤΗΣ ΔΗΜΗΤΡΙΟΣ | Z22: =IF(VLOOKUP(Y22,βοηθητικό!$J$2:$N$354,3,FALSE)="","",VLOOKUP(Y22,βοηθητικό!$J$2:$N$354,3,FALSE)) -> 6978292709 | AB22: ΣΙΔΗΡΟΠΟΥΛΟΣ ΑΛΕΞΑΝΔΡΟΣ | AC22: =IF(VLOOKUP(AB22,βοηθητικό!$J$2:$N$354,3,FALSE)="","",VLOOKUP(AB22,βοηθητικό!$J$2:$N$354,3,FALSE)) -> 6949453697 | AE22: ΚΑΡΑΜΠΑΣΗΣ ΧΡΗΣΤΟΣ | AF22: =IF(VLOOKUP(AE22,βοηθητικό!$J$2:$N$354,3,FALSE)="","",VLOOKUP(AE22,βοηθητικό!$J$2:$N$354,3,FALSE)) -> 6947449447 | AH22: ΠΑΛΑΙΟΧΩΡΙΝΟΥ ΑΝΑΣΤΑΣΙΑ | AI22: =IF(VLOOKUP(AH22,βοηθητικό!$J$2:$N$354,3,FALSE)="","",VLOOKUP(AH22,βοηθητικό!$J$2:$N$354,3,FALSE)) -> 6977136737 | AK22: ΚΛΗΜΑΤΣΙΔΑΣ ΕΥΡΥΣΘΕΝΗΣ | AL22: =IF(VLOOKUP(AK22,βοηθητικό!$J$2:$N$354,3,FALSE)="","",VLOOKUP(AK22,βοηθητικό!$J$2:$N$354,3,FALSE)) -> 6977538476 | AN22: ΑΝΘΟΠΟΥΛΟΥ ΣΟΥΖΑΝΑ | AO22: =IF(VLOOKUP(AN22,βοηθητικό!$J$2:$N$354,3,FALSE)="","",VLOOKUP(AN22,βοηθητικό!$J$2:$N$354,3,FALSE)) -> 6932853641 | AQ22: ΓΕΡΟΚΩΣΤΑ ΚΩΝΣΤΑΝΤΙΑ | AR22: =IF(VLOOKUP(AQ22,βοηθητικό!$J$2:$N$354,3,FALSE)="","",VLOOKUP(AQ22,βοηθητικό!$J$2:$N$354,3,FALSE)) -> 6974605685 | AT22: _ | AU22: =IF(VLOOKUP(AT22,βοηθητικό!$J$2:$N$354,3,FALSE)="","",VLOOKUP(AT22,βοηθητικό!$J$2:$N$354,3,FALSE)) -> _ | AW22: _ | AX22: =IF(VLOOKUP(AW22,βοηθητικό!$J$2:$N$354,3,FALSE)="","",VLOOKUP(AW22,βοηθητικό!$J$2:$N$354,3,FALSE)) -> _ | AZ22: _ | BA22: =IF(VLOOKUP(AZ22,βοηθητικό!$J$2:$N$354,3,FALSE)="","",VLOOKUP(AZ22,βοηθητικό!$J$2:$N$354,3,FALSE)) -> _ | BC22: _ | BD22: =IF(VLOOKUP(BC22,βοηθητικό!$J$2:$N$354,3,FALSE)="","",VLOOKUP(BC22,βοηθητικό!$J$2:$N$354,3,FALSE)) -> _ | BF22: _ | BG22: =IF(VLOOKUP(BF22,βοηθητικό!$J$2:$N$354,3,FALSE)="","",VLOOKUP(BF22,βοηθητικό!$J$2:$N$354,3,FALSE)) -> _ | BI22: _ | BJ22: =IF(VLOOKUP(BI22,βοηθητικό!$J$2:$N$354,3,FALSE)="","",VLOOKUP(BI22,βοηθητικό!$J$2:$N$354,3,FALSE)) -> _ | BL22: _ | BM22: =IF(VLOOKUP(BL22,βοηθητικό!$J$2:$N$354,3,FALSE)="","",VLOOKUP(BL22,βοηθητικό!$J$2:$N$354,3,FALSE)) -> _ | BO22: _ | BP22: =IF(VLOOKUP(BO22,βοηθητικό!$J$2:$N$354,3,FALSE)="","",VLOOKUP(BO22,βοηθητικό!$J$2:$N$354,3,FALSE)) -> _ | BR22: _ | BS22: =IF(VLOOKUP(BR22,βοηθητικό!$J$2:$N$354,3,FALSE)="","",VLOOKUP(BR22,βοηθητικό!$J$2:$N$354,3,FALSE)) -> _ | BU22: _ | BV22: =IF(VLOOKUP(BU22,βοηθητικό!$J$2:$N$354,3,FALSE)="","",VLOOKUP(BU22,βοηθητικό!$J$2:$N$354,3,FALSE)) -> _ | BX22: _ | BY22: =IF(VLOOKUP(BX22,βοηθητικό!$J$2:$N$354,3,FALSE)="","",VLOOKUP(BX22,βοηθητικό!$J$2:$N$354,3,FALSE)) -> _ | CA22: _ | CB22: =IF(VLOOKUP(CA22,βοηθητικό!$J$2:$N$354,3,FALSE)="","",VLOOKUP(CA22,βοηθητικό!$J$2:$N$354,3,FALSE)) -> _ | CD22: _ | CE22: =IF(VLOOKUP(CD22,βοηθητικό!$J$2:$N$354,3,FALSE)="","",VLOOKUP(CD22,βοηθητικό!$J$2:$N$354,3,FALSE)) -> _ | CG22: _ | CH22: =IF(VLOOKUP(CG22,βοηθητικό!$J$2:$N$354,3,FALSE)="","",VLOOKUP(CG22,βοηθητικό!$J$2:$N$354,3,FALSE)) -> _ | CJ22: _ | CK22: =IF(VLOOKUP(CJ22,βοηθητικό!$J$2:$N$354,3,FALSE)="","",VLOOKUP(CJ22,βοηθητικό!$J$2:$N$354,3,FALSE)) -> _ | CM22: _ | CN22: =IF(VLOOKUP(CM22,βοηθητικό!$J$2:$N$354,3,FALSE)="","",VLOOKUP(CM22,βοηθητικό!$J$2:$N$354,3,FALSE)) -> _ | CP22: _ | CQ22: =IF(VLOOKUP(CP22,βοηθητικό!$J$2:$N$354,3,FALSE)="","",VLOOKUP(CP22,βοηθητικό!$J$2:$N$354,3,FALSE)) -> _ | CS22: _ | CT22: =IF(VLOOKUP(CS22,βοηθητικό!$J$2:$N$354,3,FALSE)="","",VLOOKUP(CS22,βοηθητικό!$J$2:$N$354,3,FALSE)) -> _
A23: =--SUBTOTAL(3,$B$3:B22) -> 20 | B23: 45039 | C23: 45046 | D23: ΔΑΕΦΚ-ΚΕ ΤΜΗΜΑ Α | E23: _ | F23: _ | G23: =IF(OR(C23="_",E23="_"),"__",CONCATENATE(C23,E23)) -> __ | H23: =IF(G23="__","FALSE",COUNTIF(G:G,G23)>1) -> FALSE | I23: =SUMPRODUCT((J23:CU23<>"_")*(MOD(COLUMN(J23:CU23)-COLUMN(J23),3)=0)) -> 7 | J23: ΔΕΡΜΙΤΖΑΚΗ ΑΝΝΑ | K23: =IF(VLOOKUP(J23,βοηθητικό!$J$2:$N$354,3,FALSE)="","",VLOOKUP(J23,βοηθητικό!$J$2:$N$354,3,FALSE)) -> 6973050287 | M23: ΚΑΡΠΟΥΖΟΥ ΝΕΚΤΑΡΙΑ | N23: =IF(VLOOKUP(M23,βοηθητικό!$J$2:$N$354,3,FALSE)="","",VLOOKUP(M23,βοηθητικό!$J$2:$N$354,3,FALSE)) -> 6977248108 | P23: ΚΑΤΡΑΛΗ ΑΝΔΡΙΑΝΗ-ΜΟΝΙΚΑ | Q23: =IF(VLOOKUP(P23,βοηθητικό!$J$2:$N$354,3,FALSE)="","",VLOOKUP(P23,βοηθητικό!$J$2:$N$354,3,FALSE)) -> 6973336452 | S23: ΜΑΣΤΟΡΑΚΗΣ ΚΟΣΜΑΣ | T23: =IF(VLOOKUP(S23,βοηθητικό!$J$2:$N$354,3,FALSE)="","",VLOOKUP(S23,βοηθητικό!$J$2:$N$354,3,FALSE)) -> 6972606031 | V23: ΤΣΙΑΠΑΡΙΚΟΥ ΕΛΙΣΣΑΒΕΤ | W23: =IF(VLOOKUP(V23,βοηθητικό!$J$2:$N$354,3,FALSE)="","",VLOOKUP(V23,βοηθητικό!$J$2:$N$354,3,FALSE)) -> 6971762883 | Y23: ΤΣΙΡΩΝΗΣ ΓΕΩΡΓΙΟΣ | Z23: =IF(VLOOKUP(Y23,βοηθητικό!$J$2:$N$354,3,FALSE)="","",VLOOKUP(Y23,βοηθητικό!$J$2:$N$354,3,FALSE)) -> 6940503291 | AB23: ΧΑΤΖΟΠΟΥΛΟΥ ΑΡΙΣΤΕΑ | AC23: =IF(VLOOKUP(AB23,βοηθητικό!$J$2:$N$354,3,FALSE)="","",VLOOKUP(AB23,βοηθητικό!$J$2:$N$354,3,FALSE)) -> 6977584355 | AE23: _ | AF23: =IF(VLOOKUP(AE23,βοηθητικό!$J$2:$N$354,3,FALSE)="","",VLOOKUP(AE23,βοηθητικό!$J$2:$N$354,3,FALSE)) -> _ | AH23: _ | AI23: =IF(VLOOKUP(AH23,βοηθητικό!$J$2:$N$354,3,FALSE)="","",VLOOKUP(AH23,βοηθητικό!$J$2:$N$354,3,FALSE)) -> _ | AK23: _ | AL23: =IF(VLOOKUP(AK23,βοηθητικό!$J$2:$N$354,3,FALSE)="","",VLOOKUP(AK23,βοηθητικό!$J$2:$N$354,3,FALSE)) -> _ | AN23: _ | AO23: =IF(VLOOKUP(AN23,βοηθητικό!$J$2:$N$354,3,FALSE)="","",VLOOKUP(AN23,βοηθητικό!$J$2:$N$354,3,FALSE)) -> _ | AQ23: _ | AR23: =IF(VLOOKUP(AQ23,βοηθητικό!$J$2:$N$354,3,FALSE)="","",VLOOKUP(AQ23,βοηθητικό!$J$2:$N$354,3,FALSE)) -> _ | AT23: _ | AU23: =IF(VLOOKUP(AT23,βοηθητικό!$J$2:$N$354,3,FALSE)="","",VLOOKUP(AT23,βοηθητικό!$J$2:$N$354,3,FALSE)) -> _ | AW23: _ | AX23: =IF(VLOOKUP(AW23,βοηθητικό!$J$2:$N$354,3,FALSE)="","",VLOOKUP(AW23,βοηθητικό!$J$2:$N$354,3,FALSE)) -> _ | AZ23: _ | BA23: =IF(VLOOKUP(AZ23,βοηθητικό!$J$2:$N$354,3,FALSE)="","",VLOOKUP(AZ23,βοηθητικό!$J$2:$N$354,3,FALSE)) -> _ | BC23: _ | BD23: =IF(VLOOKUP(BC23,βοηθητικό!$J$2:$N$354,3,FALSE)="","",VLOOKUP(BC23,βοηθητικό!$J$2:$N$354,3,FALSE)) -> _ | BF23: _ | BG23: =IF(VLOOKUP(BF23,βοηθητικό!$J$2:$N$354,3,FALSE)="","",VLOOKUP(BF23,βοηθητικό!$J$2:$N$354,3,FALSE)) -> _ | BI23: _ | BJ23: =IF(VLOOKUP(BI23,βοηθητικό!$J$2:$N$354,3,FALSE)="","",VLOOKUP(BI23,βοηθητικό!$J$2:$N$354,3,FALSE)) -> _ | BL23: _ | BM23: =IF(VLOOKUP(BL23,βοηθητικό!$J$2:$N$354,3,FALSE)="","",VLOOKUP(BL23,βοηθητικό!$J$2:$N$354,3,FALSE)) -> _ | BO23: _ | BP23: =IF(VLOOKUP(BO23,βοηθητικό!$J$2:$N$354,3,FALSE)="","",VLOOKUP(BO23,βοηθητικό!$J$2:$N$354,3,FALSE)) -> _ | BR23: _ | BS23: =IF(VLOOKUP(BR23,βοηθητικό!$J$2:$N$354,3,FALSE)="","",VLOOKUP(BR23,βοηθητικό!$J$2:$N$354,3,FALSE)) -> _ | BU23: _ | BV23: =IF(VLOOKUP(BU23,βοηθητικό!$J$2:$N$354,3,FALSE)="","",VLOOKUP(BU23,βοηθητικό!$J$2:$N$354,3,FALSE)) -> _ | BX23: _ | BY23: =IF(VLOOKUP(BX23,βοηθητικό!$J$2:$N$354,3,FALSE)="","",VLOOKUP(BX23,βοηθητικό!$J$2:$N$354,3,FALSE)) -> _ | CA23: _ | CB23: =IF(VLOOKUP(CA23,βοηθητικό!$J$2:$N$354,3,FALSE)="","",VLOOKUP(CA23,βοηθητικό!$J$2:$N$354,3,FALSE)) -> _ | CD23: _ | CE23: =IF(VLOOKUP(CD23,βοηθητικό!$J$2:$N$354,3,FALSE)="","",VLOOKUP(CD23,βοηθητικό!$J$2:$N$354,3,FALSE)) -> _ | CG23: _ | CH23: =IF(VLOOKUP(CG23,βοηθητικό!$J$2:$N$354,3,FALSE)="","",VLOOKUP(CG23,βοηθητικό!$J$2:$N$354,3,FALSE)) -> _ | CJ23: _ | CK23: =IF(VLOOKUP(CJ23,βοηθητικό!$J$2:$N$354,3,FALSE)="","",VLOOKUP(CJ23,βοηθητικό!$J$2:$N$354,3,FALSE)) -> _ | CM23: _ | CN23: =IF(VLOOKUP(CM23,βοηθητικό!$J$2:$N$354,3,FALSE)="","",VLOOKUP(CM23,βοηθητικό!$J$2:$N$354,3,FALSE)) -> _ | CP23: _ | CQ23: =IF(VLOOKUP(CP23,βοηθητικό!$J$2:$N$354,3,FALSE)="","",VLOOKUP(CP23,βοηθητικό!$J$2:$N$354,3,FALSE)) -> _ | CS23: _ | CT23: =IF(VLOOKUP(CS23,βοηθητικό!$J$2:$N$354,3,FALSE)="","",VLOOKUP(CS23,βοηθητικό!$J$2:$N$354,3,FALSE)) -> _
A24: =--SUBTOTAL(3,$B$3:B23) -> 21 | B24: 45039 | C24: 45046 | D24: ΔΑΕΦΚ-ΚΕ ΤΜΗΜΑ Β | E24: _ | F24: _ | G24: =IF(OR(C24="_",E24="_"),"__",CONCATENATE(C24,E24)) -> __ | H24: =IF(G24="__","FALSE",COUNTIF(G:G,G24)>1) -> FALSE | I24: =SUMPRODUCT((J24:CU24<>"_")*(MOD(COLUMN(J24:CU24)-COLUMN(J24),3)=0)) -> 8 | J24: ΑΝΔΡΙΟΛΑ ΠΑΡΑΣΚΕΥΗ | K24: =IF(VLOOKUP(J24,βοηθητικό!$J$2:$N$354,3,FALSE)="","",VLOOKUP(J24,βοηθητικό!$J$2:$N$354,3,FALSE)) -> 6985807315 | M24: ΑΠΟΣΤΟΛΟΥ ΝΙΚΟΛΑΟΣ | N24: =IF(VLOOKUP(M24,βοηθητικό!$J$2:$N$354,3,FALSE)="","",VLOOKUP(M24,βοηθητικό!$J$2:$N$354,3,FALSE)) -> 6973545514 | P24: ΓΚΙΚΑ ΜΑΡΙΑ-ΖΑΪΡΑ | Q24: =IF(VLOOKUP(P24,βοηθητικό!$J$2:$N$354,3,FALSE)="","",VLOOKUP(P24,βοηθητικό!$J$2:$N$354,3,FALSE)) -> 6983002093 | S24: ΚΟΥΜΑΝΔΡΑΚΗ-ΣΑΜΑΡΑ ΚΩΣΤΟΥΛΑ | T24: =IF(VLOOKUP(S24,βοηθητικό!$J$2:$N$354,3,FALSE)="","",VLOOKUP(S24,βοηθητικό!$J$2:$N$354,3,FALSE)) -> 6988292634 | V24: ΚΟΥΤΣΟΥΛΗΣ ΙΩΑΝΝΗΣ | W24: =IF(VLOOKUP(V24,βοηθητικό!$J$2:$N$354,3,FALSE)="","",VLOOKUP(V24,βοηθητικό!$J$2:$N$354,3,FALSE)) -> 6907538451 | Y24: ΛΕΩΝΗ ΙΩΑΝΝΑ | Z24: =IF(VLOOKUP(Y24,βοηθητικό!$J$2:$N$354,3,FALSE)="","",VLOOKUP(Y24,βοηθητικό!$J$2:$N$354,3,FALSE)) -> 6945400547 | AB24: ΤΣΑΛΑΜΙΔΑ ΚΩΝΣΤΑΝΤΙΝΑ | AC24: =IF(VLOOKUP(AB24,βοηθητικό!$J$2:$N$354,3,FALSE)="","",VLOOKUP(AB24,βοηθητικό!$J$2:$N$354,3,FALSE)) -> 6945204636 | AE24: ΧΡΙΣΤΟΠΟΥΛΟΥ ΦΩΤΕΙΝΗ | AF24: =IF(VLOOKUP(AE24,βοηθητικό!$J$2:$N$354,3,FALSE)="","",VLOOKUP(AE24,βοηθητικό!$J$2:$N$354,3,FALSE)) -> 6938246522 | AH24: _ | AI24: =IF(VLOOKUP(AH24,βοηθητικό!$J$2:$N$354,3,FALSE)="","",VLOOKUP(AH24,βοηθητικό!$J$2:$N$354,3,FALSE)) -> _ | AK24: _ | AL24: =IF(VLOOKUP(AK24,βοηθητικό!$J$2:$N$354,3,FALSE)="","",VLOOKUP(AK24,βοηθητικό!$J$2:$N$354,3,FALSE)) -> _ | AN24: _ | AO24: =IF(VLOOKUP(AN24,βοηθητικό!$J$2:$N$354,3,FALSE)="","",VLOOKUP(AN24,βοηθητικό!$J$2:$N$354,3,FALSE)) -> _ | AQ24: _ | AR24: =IF(VLOOKUP(AQ24,βοηθητικό!$J$2:$N$354,3,FALSE)="","",VLOOKUP(AQ24,βοηθητικό!$J$2:$N$354,3,FALSE)) -> _ | AT24: _ | AU24: =IF(VLOOKUP(AT24,βοηθητικό!$J$2:$N$354,3,FALSE)="","",VLOOKUP(AT24,βοηθητικό!$J$2:$N$354,3,FALSE)) -> _ | AW24: _ | AX24: =IF(VLOOKUP(AW24,βοηθητικό!$J$2:$N$354,3,FALSE)="","",VLOOKUP(AW24,βοηθητικό!$J$2:$N$354,3,FALSE)) -> _ | AZ24: _ | BA24: =IF(VLOOKUP(AZ24,βοηθητικό!$J$2:$N$354,3,FALSE)="","",VLOOKUP(AZ24,βοηθητικό!$J$2:$N$354,3,FALSE)) -> _ | BC24: _ | BD24: =IF(VLOOKUP(BC24,βοηθητικό!$J$2:$N$354,3,FALSE)="","",VLOOKUP(BC24,βοηθητικό!$J$2:$N$354,3,FALSE)) -> _ | BF24: _ | BG24: =IF(VLOOKUP(BF24,βοηθητικό!$J$2:$N$354,3,FALSE)="","",VLOOKUP(BF24,βοηθητικό!$J$2:$N$354,3,FALSE)) -> _ | BI24: _ | BJ24: =IF(VLOOKUP(BI24,βοηθητικό!$J$2:$N$354,3,FALSE)="","",VLOOKUP(BI24,βοηθητικό!$J$2:$N$354,3,FALSE)) -> _ | BL24: _ | BM24: =IF(VLOOKUP(BL24,βοηθητικό!$J$2:$N$354,3,FALSE)="","",VLOOKUP(BL24,βοηθητικό!$J$2:$N$354,3,FALSE)) -> _ | BO24: _ | BP24: =IF(VLOOKUP(BO24,βοηθητικό!$J$2:$N$354,3,FALSE)="","",VLOOKUP(BO24,βοηθητικό!$J$2:$N$354,3,FALSE)) -> _ | BR24: _ | BS24: =IF(VLOOKUP(BR24,βοηθητικό!$J$2:$N$354,3,FALSE)="","",VLOOKUP(BR24,βοηθητικό!$J$2:$N$354,3,FALSE)) -> _ | BU24: _ | BV24: =IF(VLOOKUP(BU24,βοηθητικό!$J$2:$N$354,3,FALSE)="","",VLOOKUP(BU24,βοηθητικό!$J$2:$N$354,3,FALSE)) -> _ | BX24: _ | BY24: =IF(VLOOKUP(BX24,βοηθητικό!$J$2:$N$354,3,FALSE)="","",VLOOKUP(BX24,βοηθητικό!$J$2:$N$354,3,FALSE)) -> _ | CA24: _ | CB24: =IF(VLOOKUP(CA24,βοηθητικό!$J$2:$N$354,3,FALSE)="","",VLOOKUP(CA24,βοηθητικό!$J$2:$N$354,3,FALSE)) -> _ | CD24: _ | CE24: =IF(VLOOKUP(CD24,βοηθητικό!$J$2:$N$354,3,FALSE)="","",VLOOKUP(CD24,βοηθητικό!$J$2:$N$354,3,FALSE)) -> _ | CG24: _ | CH24: =IF(VLOOKUP(CG24,βοηθητικό!$J$2:$N$354,3,FALSE)="","",VLOOKUP(CG24,βοηθητικό!$J$2:$N$354,3,FALSE)) -> _ | CJ24: _ | CK24: =IF(VLOOKUP(CJ24,βοηθητικό!$J$2:$N$354,3,FALSE)="","",VLOOKUP(CJ24,βοηθητικό!$J$2:$N$354,3,FALSE)) -> _ | CM24: _ | CN24: =IF(VLOOKUP(CM24,βοηθητικό!$J$2:$N$354,3,FALSE)="","",VLOOKUP(CM24,βοηθητικό!$J$2:$N$354,3,FALSE)) -> _ | CP24: _ | CQ24: =IF(VLOOKUP(CP24,βοηθητικό!$J$2:$N$354,3,FALSE)="","",VLOOKUP(CP24,βοηθητικό!$J$2:$N$354,3,FALSE)) -> _ | CS24: _ | CT24: =IF(VLOOKUP(CS24,βοηθητικό!$J$2:$N$354,3,FALSE)="","",VLOOKUP(CS24,βοηθητικό!$J$2:$N$354,3,FALSE)) -> _
A25: =--SUBTOTAL(3,$B$3:B24) -> 22 | B25: 45039 | C25: 45046 | D25: ΔΑΕΦΚ-ΚΕ ΤΜΗΜΑ Γ | E25: _ | F25: _ | G25: =IF(OR(C25="_",E25="_"),"__",CONCATENATE(C25,E25)) -> __ | H25: =IF(G25="__","FALSE",COUNTIF(G:G,G25)>1) -> FALSE | I25: =SUMPRODUCT((J25:CU25<>"_")*(MOD(COLUMN(J25:CU25)-COLUMN(J25),3)=0)) -> 5 | J25: ΑΣΒΕΣΤΑΣ ΙΩΑΝΝΗΣ | K25: =IF(VLOOKUP(J25,βοηθητικό!$J$2:$N$354,3,FALSE)="","",VLOOKUP(J25,βοηθητικό!$J$2:$N$354,3,FALSE)) -> 6980736334 | M25: ΔΕΔΕΣ ΗΡΑΚΛΗΣ | N25: =IF(VLOOKUP(M25,βοηθητικό!$J$2:$N$354,3,FALSE)="","",VLOOKUP(M25,βοηθητικό!$J$2:$N$354,3,FALSE)) -> 6978335362 | P25: ΤΣΟΥΜΗΣ ΙΩΑΝΝΗΣ | Q25: =IF(VLOOKUP(P25,βοηθητικό!$J$2:$N$354,3,FALSE)="","",VLOOKUP(P25,βοηθητικό!$J$2:$N$354,3,FALSE)) -> 6972309803 | S25: ΚΕΒΕΡΗΣ ΜΙΧΑΗΛ | T25: =IF(VLOOKUP(S25,βοηθητικό!$J$2:$N$354,3,FALSE)="","",VLOOKUP(S25,βοηθητικό!$J$2:$N$354,3,FALSE)) -> _ | V25: ΜΠΕΡΤΣΙΑΣ ΜΙΛΤΙΑΔΗΣ | W25: =IF(VLOOKUP(V25,βοηθητικό!$J$2:$N$354,3,FALSE)="","",VLOOKUP(V25,βοηθητικό!$J$2:$N$354,3,FALSE)) -> 6974321817 | Y25: _ | Z25: =IF(VLOOKUP(Y25,βοηθητικό!$J$2:$N$354,3,FALSE)="","",VLOOKUP(Y25,βοηθητικό!$J$2:$N$354,3,FALSE)) -> _ | AB25: _ | AC25: =IF(VLOOKUP(AB25,βοηθητικό!$J$2:$N$354,3,FALSE)="","",VLOOKUP(AB25,βοηθητικό!$J$2:$N$354,3,FALSE)) -> _ | AE25: _ | AF25: =IF(VLOOKUP(AE25,βοηθητικό!$J$2:$N$354,3,FALSE)="","",VLOOKUP(AE25,βοηθητικό!$J$2:$N$354,3,FALSE)) -> _ | AH25: _ | AI25: =IF(VLOOKUP(AH25,βοηθητικό!$J$2:$N$354,3,FALSE)="","",VLOOKUP(AH25,βοηθητικό!$J$2:$N$354,3,FALSE)) -> _ | AK25: _ | AL25: =IF(VLOOKUP(AK25,βοηθητικό!$J$2:$N$354,3,FALSE)="","",VLOOKUP(AK25,βοηθητικό!$J$2:$N$354,3,FALSE)) -> _ | AN25: _ | AO25: =IF(VLOOKUP(AN25,βοηθητικό!$J$2:$N$354,3,FALSE)="","",VLOOKUP(AN25,βοηθητικό!$J$2:$N$354,3,FALSE)) -> _ | AQ25: _ | AR25: =IF(VLOOKUP(AQ25,βοηθητικό!$J$2:$N$354,3,FALSE)="","",VLOOKUP(AQ25,βοηθητικό!$J$2:$N$354,3,FALSE)) -> _ | AT25: _ | AU25: =IF(VLOOKUP(AT25,βοηθητικό!$J$2:$N$354,3,FALSE)="","",VLOOKUP(AT25,βοηθητικό!$J$2:$N$354,3,FALSE)) -> _ | AW25: _ | AX25: =IF(VLOOKUP(AW25,βοηθητικό!$J$2:$N$354,3,FALSE)="","",VLOOKUP(AW25,βοηθητικό!$J$2:$N$354,3,FALSE)) -> _ | AZ25: _ | BA25: =IF(VLOOKUP(AZ25,βοηθητικό!$J$2:$N$354,3,FALSE)="","",VLOOKUP(AZ25,βοηθητικό!$J$2:$N$354,3,FALSE)) -> _ | BC25: _ | BD25: =IF(VLOOKUP(BC25,βοηθητικό!$J$2:$N$354,3,FALSE)="","",VLOOKUP(BC25,βοηθητικό!$J$2:$N$354,3,FALSE)) -> _ | BF25: _ | BG25: =IF(VLOOKUP(BF25,βοηθητικό!$J$2:$N$354,3,FALSE)="","",VLOOKUP(BF25,βοηθητικό!$J$2:$N$354,3,FALSE)) -> _ | BI25: _ | BJ25: =IF(VLOOKUP(BI25,βοηθητικό!$J$2:$N$354,3,FALSE)="","",VLOOKUP(BI25,βοηθητικό!$J$2:$N$354,3,FALSE)) -> _ | BL25: _ | BM25: =IF(VLOOKUP(BL25,βοηθητικό!$J$2:$N$354,3,FALSE)="","",VLOOKUP(BL25,βοηθητικό!$J$2:$N$354,3,FALSE)) -> _ | BO25: _ | BP25: =IF(VLOOKUP(BO25,βοηθητικό!$J$2:$N$354,3,FALSE)="","",VLOOKUP(BO25,βοηθητικό!$J$2:$N$354,3,FALSE)) -> _ | BR25: _ | BS25: =IF(VLOOKUP(BR25,βοηθητικό!$J$2:$N$354,3,FALSE)="","",VLOOKUP(BR25,βοηθητικό!$J$2:$N$354,3,FALSE)) -> _ | BU25: _ | BV25: =IF(VLOOKUP(BU25,βοηθητικό!$J$2:$N$354,3,FALSE)="","",VLOOKUP(BU25,βοηθητικό!$J$2:$N$354,3,FALSE)) -> _ | BX25: _ | BY25: =IF(VLOOKUP(BX25,βοηθητικό!$J$2:$N$354,3,FALSE)="","",VLOOKUP(BX25,βοηθητικό!$J$2:$N$354,3,FALSE)) -> _ | CA25: _ | CB25: =IF(VLOOKUP(CA25,βοηθητικό!$J$2:$N$354,3,FALSE)="","",VLOOKUP(CA25,βοηθητικό!$J$2:$N$354,3,FALSE)) -> _ | CD25: _ | CE25: =IF(VLOOKUP(CD25,βοηθητικό!$J$2:$N$354,3,FALSE)="","",VLOOKUP(CD25,βοηθητικό!$J$2:$N$354,3,FALSE)) -> _ | CG25: _ | CH25: =IF(VLOOKUP(CG25,βοηθητικό!$J$2:$N$354,3,FALSE)="","",VLOOKUP(CG25,βοηθητικό!$J$2:$N$354,3,FALSE)) -> _ | CJ25: _ | CK25: =IF(VLOOKUP(CJ25,βοηθητικό!$J$2:$N$354,3,FALSE)="","",VLOOKUP(CJ25,βοηθητικό!$J$2:$N$354,3,FALSE)) -> _ | CM25: _ | CN25: =IF(VLOOKUP(CM25,βοηθητικό!$J$2:$N$354,3,FALSE)="","",VLOOKUP(CM25,βοηθητικό!$J$2:$N$354,3,FALSE)) -> _ | CP25: _ | CQ25: =IF(VLOOKUP(CP25,βοηθητικό!$J$2:$N$354,3,FALSE)="","",VLOOKUP(CP25,βοηθητικό!$J$2:$N$354,3,FALSE)) -> _ | CS25: _ | CT25: =IF(VLOOKUP(CS25,βοηθητικό!$J$2:$N$354,3,FALSE)="","",VLOOKUP(CS25,βοηθητικό!$J$2:$N$354,3,FALSE)) -> _
A26: =--SUBTOTAL(3,$B$3:B25) -> 23 | B26: 45039 | C26: 45046 | D26: ΔΑΕΦΚ-ΚΕ ΤΜΗΜΑ Δ | E26: _ | F26: _ | G26: =IF(OR(C26="_",E26="_"),"__",CONCATENATE(C26,E26)) -> __ | H26: =IF(G26="__","FALSE",COUNTIF(G:G,G26)>1) -> FALSE | I26: =SUMPRODUCT((J26:CU26<>"_")*(MOD(COLUMN(J26:CU26)-COLUMN(J26),3)=0)) -> 11 | J26: ΓΙΑΝΝΕΛΟΣ ΙΩΑΝΝΗΣ | K26: =IF(VLOOKUP(J26,βοηθητικό!$J$2:$N$354,3,FALSE)="","",VLOOKUP(J26,βοηθητικό!$J$2:$N$354,3,FALSE)) -> 6944377718 | M26: ΖΑΓΚΑ ΕΙΡΗΝΗ | N26: =IF(VLOOKUP(M26,βοηθητικό!$J$2:$N$354,3,FALSE)="","",VLOOKUP(M26,βοηθητικό!$J$2:$N$354,3,FALSE)) -> 6976058607 | P26: ΖΑΧΑΡΑΚΗ ΕΛΕΝΗ | Q26: =IF(VLOOKUP(P26,βοηθητικό!$J$2:$N$354,3,FALSE)="","",VLOOKUP(P26,βοηθητικό!$J$2:$N$354,3,FALSE)) -> 6978853783 | S26: ΚΑΡΑΒΙΑΣ ΔΗΜΗΤΡΙΟΣ | T26: =IF(VLOOKUP(S26,βοηθητικό!$J$2:$N$354,3,FALSE)="","",VLOOKUP(S26,βοηθητικό!$J$2:$N$354,3,FALSE)) -> 6972386367 | V26: ΚΥΡΙΑΚΑΚΗ ΦΩΤΕΙΝΗ | W26: =IF(VLOOKUP(V26,βοηθητικό!$J$2:$N$354,3,FALSE)="","",VLOOKUP(V26,βοηθητικό!$J$2:$N$354,3,FALSE)) -> 6972915741 | Y26: ΜΑΣΤΡΟΓΙΑΝΝΗ ΑΡΤΕΜΗΣΙΑ | Z26: =IF(VLOOKUP(Y26,βοηθητικό!$J$2:$N$354,3,FALSE)="","",VLOOKUP(Y26,βοηθητικό!$J$2:$N$354,3,FALSE)) -> 6974114328 | AB26: ΜΠΑΜΠΙΛΗ ΒΙΚΤΩΡΙΑ | AC26: =IF(VLOOKUP(AB26,βοηθητικό!$J$2:$N$354,3,FALSE)="","",VLOOKUP(AB26,βοηθητικό!$J$2:$N$354,3,FALSE)) -> 6944393637 | AE26: ΜΠΟΥΚΟΥΡΑΚΗΣ ΣΩΤΗΡΙΟΣ | AF26: =IF(VLOOKUP(AE26,βοηθητικό!$J$2:$N$354,3,FALSE)="","",VLOOKUP(AE26,βοηθητικό!$J$2:$N$354,3,FALSE)) -> 6977628647 | AH26: ΜΠΑΜΠΙΛΗ ΒΙΚΤΩΡΙΑ | AI26: =IF(VLOOKUP(AH26,βοηθητικό!$J$2:$N$354,3,FALSE)="","",VLOOKUP(AH26,βοηθητικό!$J$2:$N$354,3,FALSE)) -> 6944393637 | AK26: ΠΟΙΜΕΝΙΔΟΥ ΚΥΡΙΑΚΗ | AL26: =IF(VLOOKUP(AK26,βοηθητικό!$J$2:$N$354,3,FALSE)="","",VLOOKUP(AK26,βοηθητικό!$J$2:$N$354,3,FALSE)) -> 6977010272 | AN26: ΣΠΑΝΟΥΔΗ ΜΑΡΙΑ | AO26: =IF(VLOOKUP(AN26,βοηθητικό!$J$2:$N$354,3,FALSE)="","",VLOOKUP(AN26,βοηθητικό!$J$2:$N$354,3,FALSE)) -> 6948254859 | AQ26: _ | AR26: =IF(VLOOKUP(AQ26,βοηθητικό!$J$2:$N$354,3,FALSE)="","",VLOOKUP(AQ26,βοηθητικό!$J$2:$N$354,3,FALSE)) -> _ | AT26: _ | AU26: =IF(VLOOKUP(AT26,βοηθητικό!$J$2:$N$354,3,FALSE)="","",VLOOKUP(AT26,βοηθητικό!$J$2:$N$354,3,FALSE)) -> _ | AW26: _ | AX26: =IF(VLOOKUP(AW26,βοηθητικό!$J$2:$N$354,3,FALSE)="","",VLOOKUP(AW26,βοηθητικό!$J$2:$N$354,3,FALSE)) -> _ | AZ26: _ | BA26: =IF(VLOOKUP(AZ26,βοηθητικό!$J$2:$N$354,3,FALSE)="","",VLOOKUP(AZ26,βοηθητικό!$J$2:$N$354,3,FALSE)) -> _ | BC26: _ | BD26: =IF(VLOOKUP(BC26,βοηθητικό!$J$2:$N$354,3,FALSE)="","",VLOOKUP(BC26,βοηθητικό!$J$2:$N$354,3,FALSE)) -> _ | BF26: _ | BG26: =IF(VLOOKUP(BF26,βοηθητικό!$J$2:$N$354,3,FALSE)="","",VLOOKUP(BF26,βοηθητικό!$J$2:$N$354,3,FALSE)) -> _ | BI26: _ | BJ26: =IF(VLOOKUP(BI26,βοηθητικό!$J$2:$N$354,3,FALSE)="","",VLOOKUP(BI26,βοηθητικό!$J$2:$N$354,3,FALSE)) -> _ | BL26: _ | BM26: =IF(VLOOKUP(BL26,βοηθητικό!$J$2:$N$354,3,FALSE)="","",VLOOKUP(BL26,βοηθητικό!$J$2:$N$354,3,FALSE)) -> _ | BO26: _ | BP26: =IF(VLOOKUP(BO26,βοηθητικό!$J$2:$N$354,3,FALSE)="","",VLOOKUP(BO26,βοηθητικό!$J$2:$N$354,3,FALSE)) -> _ | BR26: _ | BS26: =IF(VLOOKUP(BR26,βοηθητικό!$J$2:$N$354,3,FALSE)="","",VLOOKUP(BR26,βοηθητικό!$J$2:$N$354,3,FALSE)) -> _ | BU26: _ | BV26: =IF(VLOOKUP(BU26,βοηθητικό!$J$2:$N$354,3,FALSE)="","",VLOOKUP(BU26,βοηθητικό!$J$2:$N$354,3,FALSE)) -> _ | BX26: _ | BY26: =IF(VLOOKUP(BX26,βοηθητικό!$J$2:$N$354,3,FALSE)="","",VLOOKUP(BX26,βοηθητικό!$J$2:$N$354,3,FALSE)) -> _ | CA26: _ | CB26: =IF(VLOOKUP(CA26,βοηθητικό!$J$2:$N$354,3,FALSE)="","",VLOOKUP(CA26,βοηθητικό!$J$2:$N$354,3,FALSE)) -> _ | CD26: _ | CE26: =IF(VLOOKUP(CD26,βοηθητικό!$J$2:$N$354,3,FALSE)="","",VLOOKUP(CD26,βοηθητικό!$J$2:$N$354,3,FALSE)) -> _ | CG26: _ | CH26: =IF(VLOOKUP(CG26,βοηθητικό!$J$2:$N$354,3,FALSE)="","",VLOOKUP(CG26,βοηθητικό!$J$2:$N$354,3,FALSE)) -> _ | CJ26: _ | CK26: =IF(VLOOKUP(CJ26,βοηθητικό!$J$2:$N$354,3,FALSE)="","",VLOOKUP(CJ26,βοηθητικό!$J$2:$N$354,3,FALSE)) -> _ | CM26: _ | CN26: =IF(VLOOKUP(CM26,βοηθητικό!$J$2:$N$354,3,FALSE)="","",VLOOKUP(CM26,βοηθητικό!$J$2:$N$354,3,FALSE)) -> _ | CP26: _ | CQ26: =IF(VLOOKUP(CP26,βοηθητικό!$J$2:$N$354,3,FALSE)="","",VLOOKUP(CP26,βοηθητικό!$J$2:$N$354,3,FALSE)) -> _ | CS26: _ | CT26: =IF(VLOOKUP(CS26,βοηθητικό!$J$2:$N$354,3,FALSE)="","",VLOOKUP(CS26,βοηθητικό!$J$2:$N$354,3,FALSE)) -> _
A27: =--SUBTOTAL(3,$B$3:B26) -> 24 | B27: 45039 | C27: 45046 | D27: ΤΑΕΦΚ-ΑΑ | E27: _ | F27: _ | G27: =IF(OR(C27="_",E27="_"),"__",CONCATENATE(C27,E27)) -> __ | H27: =IF(G27="__","FALSE",COUNTIF(G:G,G27)>1) -> FALSE | I27: =SUMPRODUCT((J27:CU27<>"_")*(MOD(COLUMN(J27:CU27)-COLUMN(J27),3)=0)) -> 9 | J27: ΚΟΚΚΙΝΟΣ ΗΛΙΑΣ | K27: =IF(VLOOKUP(J27,βοηθητικό!$J$2:$N$354,3,FALSE)="","",VLOOKUP(J27,βοηθητικό!$J$2:$N$354,3,FALSE)) -> 6984576537 | M27: ΝΙΚΟΥ ΧΡΗΣΤΟΣ | N27: =IF(VLOOKUP(M27,βοηθητικό!$J$2:$N$354,3,FALSE)="","",VLOOKUP(M27,βοηθητικό!$J$2:$N$354,3,FALSE)) -> 6934066535 | P27: ΚΑΤΩΓΙΑΝΝΑΚΗ ΣΟΦΙΑ | Q27: =IF(VLOOKUP(P27,βοηθητικό!$J$2:$N$355,3,FALSE)="","",VLOOKUP(P27,βοηθητικό!$J$2:$N$355,3,FALSE)) | S27: ΜΑΚΡΗΣ ΙΩΑΝΝΗΣ | T27: =IF(VLOOKUP(S27,βοηθητικό!$J$2:$N$354,3,FALSE)="","",VLOOKUP(S27,βοηθητικό!$J$2:$N$354,3,FALSE)) -> 6944757544 | V27: ΑΝΑΓΝΩΣΤΟΥ ΜΑΡΙΑ ΙΩΑΝΝΑ | W27: =IF(VLOOKUP(V27,βοηθητικό!$J$2:$N$354,3,FALSE)="","",VLOOKUP(V27,βοηθητικό!$J$2:$N$354,3,FALSE)) -> 6980996968 | Y27: ΓΕΡΑΜΑΝΗ ΕΙΡΗΝΗ | Z27: =IF(VLOOKUP(Y27,βοηθητικό!$J$2:$N$354,3,FALSE)="","",VLOOKUP(Y27,βοηθητικό!$J$2:$N$354,3,FALSE)) -> 6936705244 | AB27: ΔΑΜΙΓΟΣ ΓΕΩΡΓΙΟΣ | AC27: =IF(VLOOKUP(AB27,βοηθητικό!$J$2:$N$354,3,FALSE)="","",VLOOKUP(AB27,βοηθητικό!$J$2:$N$354,3,FALSE)) -> 6939327305 | AE27: ΜΟΣΧΟΥ ΓΕΩΡΓΙΑ | AF27: =IF(VLOOKUP(AE27,βοηθητικό!$J$2:$N$354,3,FALSE)="","",VLOOKUP(AE27,βοηθητικό!$J$2:$N$354,3,FALSE)) -> 6936582412 | AH27: ΦΩΤΕΙΝΟΠΟΥΛΟΣ ΠΡΟΚΟΠΙΟΣ | AI27: =IF(VLOOKUP(AH27,βοηθητικό!$J$2:$N$354,3,FALSE)="","",VLOOKUP(AH27,βοηθητικό!$J$2:$N$354,3,FALSE)) -> 6994789972 | AK27: _ | AL27: =IF(VLOOKUP(AK27,βοηθητικό!$J$2:$N$354,3,FALSE)="","",VLOOKUP(AK27,βοηθητικό!$J$2:$N$354,3,FALSE)) -> _ | AN27: _ | AO27: =IF(VLOOKUP(AN27,βοηθητικό!$J$2:$N$354,3,FALSE)="","",VLOOKUP(AN27,βοηθητικό!$J$2:$N$354,3,FALSE)) -> _ | AQ27: _ | AR27: =IF(VLOOKUP(AQ27,βοηθητικό!$J$2:$N$354,3,FALSE)="","",VLOOKUP(AQ27,βοηθητικό!$J$2:$N$354,3,FALSE)) -> _ | AT27: _ | AU27: =IF(VLOOKUP(AT27,βοηθητικό!$J$2:$N$354,3,FALSE)="","",VLOOKUP(AT27,βοηθητικό!$J$2:$N$354,3,FALSE)) -> _ | AW27: _ | AX27: =IF(VLOOKUP(AW27,βοηθητικό!$J$2:$N$354,3,FALSE)="","",VLOOKUP(AW27,βοηθητικό!$J$2:$N$354,3,FALSE)) -> _ | AZ27: _ | BA27: =IF(VLOOKUP(AZ27,βοηθητικό!$J$2:$N$354,3,FALSE)="","",VLOOKUP(AZ27,βοηθητικό!$J$2:$N$354,3,FALSE)) -> _ | BC27: _ | BD27: =IF(VLOOKUP(BC27,βοηθητικό!$J$2:$N$354,3,FALSE)="","",VLOOKUP(BC27,βοηθητικό!$J$2:$N$354,3,FALSE)) -> _ | BF27: _ | BG27: =IF(VLOOKUP(BF27,βοηθητικό!$J$2:$N$354,3,FALSE)="","",VLOOKUP(BF27,βοηθητικό!$J$2:$N$354,3,FALSE)) -> _ | BI27: _ | BJ27: =IF(VLOOKUP(BI27,βοηθητικό!$J$2:$N$354,3,FALSE)="","",VLOOKUP(BI27,βοηθητικό!$J$2:$N$354,3,FALSE)) -> _ | BL27: _ | BM27: =IF(VLOOKUP(BL27,βοηθητικό!$J$2:$N$354,3,FALSE)="","",VLOOKUP(BL27,βοηθητικό!$J$2:$N$354,3,FALSE)) -> _ | BO27: _ | BP27: =IF(VLOOKUP(BO27,βοηθητικό!$J$2:$N$354,3,FALSE)="","",VLOOKUP(BO27,βοηθητικό!$J$2:$N$354,3,FALSE)) -> _ | BR27: _ | BS27: =IF(VLOOKUP(BR27,βοηθητικό!$J$2:$N$354,3,FALSE)="","",VLOOKUP(BR27,βοηθητικό!$J$2:$N$354,3,FALSE)) -> _ | BU27: _ | BV27: =IF(VLOOKUP(BU27,βοηθητικό!$J$2:$N$354,3,FALSE)="","",VLOOKUP(BU27,βοηθητικό!$J$2:$N$354,3,FALSE)) -> _ | BX27: _ | BY27: =IF(VLOOKUP(BX27,βοηθητικό!$J$2:$N$354,3,FALSE)="","",VLOOKUP(BX27,βοηθητικό!$J$2:$N$354,3,FALSE)) -> _ | CA27: _ | CB27: =IF(VLOOKUP(CA27,βοηθητικό!$J$2:$N$354,3,FALSE)="","",VLOOKUP(CA27,βοηθητικό!$J$2:$N$354,3,FALSE)) -> _ | CD27: _ | CE27: =IF(VLOOKUP(CD27,βοηθητικό!$J$2:$N$354,3,FALSE)="","",VLOOKUP(CD27,βοηθητικό!$J$2:$N$354,3,FALSE)) -> _ | CG27: _ | CH27: =IF(VLOOKUP(CG27,βοηθητικό!$J$2:$N$354,3,FALSE)="","",VLOOKUP(CG27,βοηθητικό!$J$2:$N$354,3,FALSE)) -> _ | CJ27: _ | CK27: =IF(VLOOKUP(CJ27,βοηθητικό!$J$2:$N$354,3,FALSE)="","",VLOOKUP(CJ27,βοηθητικό!$J$2:$N$354,3,FALSE)) -> _ | CM27: _ | CN27: =IF(VLOOKUP(CM27,βοηθητικό!$J$2:$N$354,3,FALSE)="","",VLOOKUP(CM27,βοηθητικό!$J$2:$N$354,3,FALSE)) -> _ | CP27: _ | CQ27: =IF(VLOOKUP(CP27,βοηθητικό!$J$2:$N$354,3,FALSE)="","",VLOOKUP(CP27,βοηθητικό!$J$2:$N$354,3,FALSE)) -> _ | CS27: _ | CT27: =IF(VLOOKUP(CS27,βοηθητικό!$J$2:$N$354,3,FALSE)="","",VLOOKUP(CS27,βοηθητικό!$J$2:$N$354,3,FALSE)) -> _
A28: =--SUBTOTAL(3,$B$3:B27) -> 25 | B28: 45039 | C28: 45046 | D28: ΔΑΕΦΚ-ΔΕ | E28: _ | F28: _ | G28: =IF(OR(C28="_",E28="_"),"__",CONCATENATE(C28,E28)) -> __ | H28: =IF(G28="__","FALSE",COUNTIF(G:G,G28)>1) -> FALSE | I28: =SUMPRODUCT((J28:CU28<>"_")*(MOD(COLUMN(J28:CU28)-COLUMN(J28),3)=0)) -> 6 | J28: ΣΚΟΥΡΑ ΒΑΣΙΛΙΚΗ | K28: =IF(VLOOKUP(J28,βοηθητικό!$J$2:$N$354,3,FALSE)="","",VLOOKUP(J28,βοηθητικό!$J$2:$N$354,3,FALSE)) -> 6974882019 | M28: ΓΙΑΝΝΑΚΟΠΟΥΛΟΥ ΣΩΤΗΡΙΑ | N28: =IF(VLOOKUP(M28,βοηθητικό!$J$2:$N$354,3,FALSE)="","",VLOOKUP(M28,βοηθητικό!$J$2:$N$354,3,FALSE)) -> 6972015302 | P28: ΣΟΥΓΛΕΡΗ ΙΩΑΝΝΑ | Q28: =IF(VLOOKUP(P28,βοηθητικό!$J$2:$N$354,3,FALSE)="","",VLOOKUP(P28,βοηθητικό!$J$2:$N$354,3,FALSE)) -> 6978010154 | S28: ΒΑΓΕΝΑΣ ΑΡΓΥΡΙΟΣ | T28: =IF(VLOOKUP(S28,βοηθητικό!$J$2:$N$354,3,FALSE)="","",VLOOKUP(S28,βοηθητικό!$J$2:$N$354,3,FALSE)) -> 6977298022 | V28: ΑΝΔΡΙΟΠΟΥΛΟΥ-ΜΟΥΝΤΕΑΝΟΥ ΣΤΕΦΑΝΙΑ-ΑΛΕΞΑΝΔΡΑ | W28: =IF(VLOOKUP(V28,βοηθητικό!$J$2:$N$354,3,FALSE)="","",VLOOKUP(V28,βοηθητικό!$J$2:$N$354,3,FALSE)) -> 6955448080 | Y28: ΛΕΙΤΟΥΡΓΗ ΜΑΡΙΑ | Z28: =IF(VLOOKUP(Y28,βοηθητικό!$J$2:$N$354,3,FALSE)="","",VLOOKUP(Y28,βοηθητικό!$J$2:$N$354,3,FALSE)) -> 6942712190 | AB28: _ | AC28: =IF(VLOOKUP(AB28,βοηθητικό!$J$2:$N$354,3,FALSE)="","",VLOOKUP(AB28,βοηθητικό!$J$2:$N$354,3,FALSE)) -> _ | AE28: _ | AF28: =IF(VLOOKUP(AE28,βοηθητικό!$J$2:$N$354,3,FALSE)="","",VLOOKUP(AE28,βοηθητικό!$J$2:$N$354,3,FALSE)) -> _ | AH28: _ | AI28: =IF(VLOOKUP(AH28,βοηθητικό!$J$2:$N$354,3,FALSE)="","",VLOOKUP(AH28,βοηθητικό!$J$2:$N$354,3,FALSE)) -> _ | AK28: _ | AL28: =IF(VLOOKUP(AK28,βοηθητικό!$J$2:$N$354,3,FALSE)="","",VLOOKUP(AK28,βοηθητικό!$J$2:$N$354,3,FALSE)) -> _ | AN28: _ | AO28: =IF(VLOOKUP(AN28,βοηθητικό!$J$2:$N$354,3,FALSE)="","",VLOOKUP(AN28,βοηθητικό!$J$2:$N$354,3,FALSE)) -> _ | AQ28: _ | AR28: =IF(VLOOKUP(AQ28,βοηθητικό!$J$2:$N$354,3,FALSE)="","",VLOOKUP(AQ28,βοηθητικό!$J$2:$N$354,3,FALSE)) -> _ | AT28: _ | AU28: =IF(VLOOKUP(AT28,βοηθητικό!$J$2:$N$354,3,FALSE)="","",VLOOKUP(AT28,βοηθητικό!$J$2:$N$354,3,FALSE)) -> _ | AW28: _ | AX28: =IF(VLOOKUP(AW28,βοηθητικό!$J$2:$N$354,3,FALSE)="","",VLOOKUP(AW28,βοηθητικό!$J$2:$N$354,3,FALSE)) -> _ | AZ28: _ | BA28: =IF(VLOOKUP(AZ28,βοηθητικό!$J$2:$N$354,3,FALSE)="","",VLOOKUP(AZ28,βοηθητικό!$J$2:$N$354,3,FALSE)) -> _ | BC28: _ | BD28: =IF(VLOOKUP(BC28,βοηθητικό!$J$2:$N$354,3,FALSE)="","",VLOOKUP(BC28,βοηθητικό!$J$2:$N$354,3,FALSE)) -> _ | BF28: _ | BG28: =IF(VLOOKUP(BF28,βοηθητικό!$J$2:$N$354,3,FALSE)="","",VLOOKUP(BF28,βοηθητικό!$J$2:$N$354,3,FALSE)) -> _ | BI28: _ | BJ28: =IF(VLOOKUP(BI28,βοηθητικό!$J$2:$N$354,3,FALSE)="","",VLOOKUP(BI28,βοηθητικό!$J$2:$N$354,3,FALSE)) -> _ | BL28: _ | BM28: =IF(VLOOKUP(BL28,βοηθητικό!$J$2:$N$354,3,FALSE)="","",VLOOKUP(BL28,βοηθητικό!$J$2:$N$354,3,FALSE)) -> _ | BO28: _ | BP28: =IF(VLOOKUP(BO28,βοηθητικό!$J$2:$N$354,3,FALSE)="","",VLOOKUP(BO28,βοηθητικό!$J$2:$N$354,3,FALSE)) -> _ | BR28: _ | BS28: =IF(VLOOKUP(BR28,βοηθητικό!$J$2:$N$354,3,FALSE)="","",VLOOKUP(BR28,βοηθητικό!$J$2:$N$354,3,FALSE)) -> _ | BU28: _ | BV28: =IF(VLOOKUP(BU28,βοηθητικό!$J$2:$N$354,3,FALSE)="","",VLOOKUP(BU28,βοηθητικό!$J$2:$N$354,3,FALSE)) -> _ | BX28: _ | BY28: =IF(VLOOKUP(BX28,βοηθητικό!$J$2:$N$354,3,FALSE)="","",VLOOKUP(BX28,βοηθητικό!$J$2:$N$354,3,FALSE)) -> _ | CA28: _ | CB28: =IF(VLOOKUP(CA28,βοηθητικό!$J$2:$N$354,3,FALSE)="","",VLOOKUP(CA28,βοηθητικό!$J$2:$N$354,3,FALSE)) -> _ | CD28: _ | CE28: =IF(VLOOKUP(CD28,βοηθητικό!$J$2:$N$354,3,FALSE)="","",VLOOKUP(CD28,βοηθητικό!$J$2:$N$354,3,FALSE)) -> _ | CG28: _ | CH28: =IF(VLOOKUP(CG28,βοηθητικό!$J$2:$N$354,3,FALSE)="","",VLOOKUP(CG28,βοηθητικό!$J$2:$N$354,3,FALSE)) -> _ | CJ28: _ | CK28: =IF(VLOOKUP(CJ28,βοηθητικό!$J$2:$N$354,3,FALSE)="","",VLOOKUP(CJ28,βοηθητικό!$J$2:$N$354,3,FALSE)) -> _ | CM28: _ | CN28: =IF(VLOOKUP(CM28,βοηθητικό!$J$2:$N$354,3,FALSE)="","",VLOOKUP(CM28,βοηθητικό!$J$2:$N$354,3,FALSE)) -> _ | CP28: _ | CQ28: =IF(VLOOKUP(CP28,βοηθητικό!$J$2:$N$354,3,FALSE)="","",VLOOKUP(CP28,βοηθητικό!$J$2:$N$354,3,FALSE)) -> _ | CS28: _ | CT28: =IF(VLOOKUP(CS28,βοηθητικό!$J$2:$N$354,3,FALSE)="","",VLOOKUP(CS28,βοηθητικό!$J$2:$N$354,3,FALSE)) -> _
A29: =--SUBTOTAL(3,$B$3:B28) -> 26 | B29: 45039 | C29: 45046 | D29: ΔΑΕΦΚ-ΒΕ | E29: _ | F29: _ | G29: =IF(OR(C29="_",E29="_"),"__",CONCATENATE(C29,E29)) -> __ | H29: =IF(G29="__","FALSE",COUNTIF(G:G,G29)>1) -> FALSE | I29: =SUMPRODUCT((J29:CU29<>"_")*(MOD(COLUMN(J29:CU29)-COLUMN(J29),3)=0)) -> 14 | J29: ΑΝΑΓΝΩΣΤΟΥ ΠΑΝΑΓΙΩΤΑ | K29: _ | M29: ΠΑΠΑΔΟΠΟΥΛΟΣ ΚΛΗΜΗΣ | N29: =IF(VLOOKUP(M29,βοηθητικό!$J$2:$N$354,3,FALSE)="","",VLOOKUP(M29,βοηθητικό!$J$2:$N$354,3,FALSE)) -> 6974790515 | P29: ΧΑΡΑΛΑΜΠΙΔΟΥ ΕΛΕΝΗ | Q29: =IF(VLOOKUP(P29,βοηθητικό!$J$2:$N$354,3,FALSE)="","",VLOOKUP(P29,βοηθητικό!$J$2:$N$354,3,FALSE)) -> 6944126355 | S29: ΠΕΧΛΙΒΑΝΟΥ ΑΙΚΑΤΕΡΙΝΗ | T29: =IF(VLOOKUP(S29,βοηθητικό!$J$2:$N$354,3,FALSE)="","",VLOOKUP(S29,βοηθητικό!$J$2:$N$354,3,FALSE)) -> 6947899410 | V29: ΚΑΡΑΚΩΣΤΑ ΟΛΓΑ | W29: =IF(VLOOKUP(V29,βοηθητικό!$J$2:$N$354,3,FALSE)="","",VLOOKUP(V29,βοηθητικό!$J$2:$N$354,3,FALSE)) -> 6981517173 | Y29: ΚΑΖΑΝΤΖΙΔΟΥ ΖΩΗ | Z29: =IF(VLOOKUP(Y29,βοηθητικό!$J$2:$N$354,3,FALSE)="","",VLOOKUP(Y29,βοηθητικό!$J$2:$N$354,3,FALSE)) -> 6973935715 | AB29: ΤΣΙΓΚΙΡΛΙΩΤΗΣ ΝΙΚΟΛΑΟΣ | AC29: =IF(VLOOKUP(AB29,βοηθητικό!$J$2:$N$354,3,FALSE)="","",VLOOKUP(AB29,βοηθητικό!$J$2:$N$354,3,FALSE)) -> 6944884457 | AE29: ΧΙΝΤΕΡΙΔΗΣ ΗΛΙΑΣ ΡΑΦΑΗΛ | AF29: =IF(VLOOKUP(AE29,βοηθητικό!$J$2:$N$354,3,FALSE)="","",VLOOKUP(AE29,βοηθητικό!$J$2:$N$354,3,FALSE)) -> 6907545731 | AH29: ΤΡΙΚΚΑΛΙΩΤΗ ΣΟΥΛΤΑΝΑ ΑΝΝΑ | AI29: =IF(VLOOKUP(AH29,βοηθητικό!$J$2:$N$354,3,FALSE)="","",VLOOKUP(AH29,βοηθητικό!$J$2:$N$354,3,FALSE)) -> 6987887267 | AK29: ΜΠΑΚΑΛΟΥΔΗ ΘΕΟΔΩΡΑ | AL29: =IF(VLOOKUP(AK29,βοηθητικό!$J$2:$N$354,3,FALSE)="","",VLOOKUP(AK29,βοηθητικό!$J$2:$N$354,3,FALSE)) -> 6936772633 | AN29: ΜΠΑΛΑΣΑΣ ΑΝΤΩΝΙΟΣ | AO29: =IF(VLOOKUP(AN29,βοηθητικό!$J$2:$N$354,3,FALSE)="","",VLOOKUP(AN29,βοηθητικό!$J$2:$N$354,3,FALSE)) -> 6947830538 | AQ29: ΣΤΟΪΛΟΥΔΗ ΜΑΡΙΑΝΘΗ | AR29: =IF(VLOOKUP(AQ29,βοηθητικό!$J$2:$N$354,3,FALSE)="","",VLOOKUP(AQ29,βοηθητικό!$J$2:$N$354,3,FALSE)) -> 6932911077 | AT29: ΤΖΟΥΒΑΡΑ ΒΑΙΤΣΑ | AU29: =IF(VLOOKUP(AT29,βοηθητικό!$J$2:$N$354,3,FALSE)="","",VLOOKUP(AT29,βοηθητικό!$J$2:$N$354,3,FALSE)) -> 6974050289 | AW29: ΦΡΑΓΚΟΥ ΜΑΡΙΑ | AX29: =IF(VLOOKUP(AW29,βοηθητικό!$J$2:$N$354,3,FALSE)="","",VLOOKUP(AW29,βοηθητικό!$J$2:$N$354,3,FALSE)) -> 6942550725 | AZ29: _ | BA29: =IF(VLOOKUP(AZ29,βοηθητικό!$J$2:$N$354,3,FALSE)="","",VLOOKUP(AZ29,βοηθητικό!$J$2:$N$354,3,FALSE)) -> _ | BC29: _ | BD29: =IF(VLOOKUP(BC29,βοηθητικό!$J$2:$N$354,3,FALSE)="","",VLOOKUP(BC29,βοηθητικό!$J$2:$N$354,3,FALSE)) -> _ | BF29: _ | BG29: =IF(VLOOKUP(BF29,βοηθητικό!$J$2:$N$354,3,FALSE)="","",VLOOKUP(BF29,βοηθητικό!$J$2:$N$354,3,FALSE)) -> _ | BI29: _ | BJ29: =IF(VLOOKUP(BI29,βοηθητικό!$J$2:$N$354,3,FALSE)="","",VLOOKUP(BI29,βοηθητικό!$J$2:$N$354,3,FALSE)) -> _ | BL29: _ | BM29: =IF(VLOOKUP(BL29,βοηθητικό!$J$2:$N$354,3,FALSE)="","",VLOOKUP(BL29,βοηθητικό!$J$2:$N$354,3,FALSE)) -> _ | BO29: _ | BP29: =IF(VLOOKUP(BO29,βοηθητικό!$J$2:$N$354,3,FALSE)="","",VLOOKUP(BO29,βοηθητικό!$J$2:$N$354,3,FALSE)) -> _ | BR29: _ | BS29: =IF(VLOOKUP(BR29,βοηθητικό!$J$2:$N$354,3,FALSE)="","",VLOOKUP(BR29,βοηθητικό!$J$2:$N$354,3,FALSE)) -> _ | BU29: _ | BV29: =IF(VLOOKUP(BU29,βοηθητικό!$J$2:$N$354,3,FALSE)="","",VLOOKUP(BU29,βοηθητικό!$J$2:$N$354,3,FALSE)) -> _ | BX29: _ | BY29: =IF(VLOOKUP(BX29,βοηθητικό!$J$2:$N$354,3,FALSE)="","",VLOOKUP(BX29,βοηθητικό!$J$2:$N$354,3,FALSE)) -> _ | CA29: _ | CB29: =IF(VLOOKUP(CA29,βοηθητικό!$J$2:$N$354,3,FALSE)="","",VLOOKUP(CA29,βοηθητικό!$J$2:$N$354,3,FALSE)) -> _ | CD29: _ | CE29: =IF(VLOOKUP(CD29,βοηθητικό!$J$2:$N$354,3,FALSE)="","",VLOOKUP(CD29,βοηθητικό!$J$2:$N$354,3,FALSE)) -> _ | CG29: _ | CH29: =IF(VLOOKUP(CG29,βοηθητικό!$J$2:$N$354,3,FALSE)="","",VLOOKUP(CG29,βοηθητικό!$J$2:$N$354,3,FALSE)) -> _ | CJ29: _ | CK29: =IF(VLOOKUP(CJ29,βοηθητικό!$J$2:$N$354,3,FALSE)="","",VLOOKUP(CJ29,βοηθητικό!$J$2:$N$354,3,FALSE)) -> _ | CM29: _ | CN29: =IF(VLOOKUP(CM29,βοηθητικό!$J$2:$N$354,3,FALSE)="","",VLOOKUP(CM29,βοηθητικό!$J$2:$N$354,3,FALSE)) -> _ | CP29: _ | CQ29: =IF(VLOOKUP(CP29,βοηθητικό!$J$2:$N$354,3,FALSE)="","",VLOOKUP(CP29,βοηθητικό!$J$2:$N$354,3,FALSE)) -> _ | CS29: _ | CT29: =IF(VLOOKUP(CS29,βοηθητικό!$J$2:$N$354,3,FALSE)="","",VLOOKUP(CS29,βοηθητικό!$J$2:$N$354,3,FALSE)) -> _
